id_foto,id_servico,caminho_arquivo,descricao,data_upload
1,1,/fotos/servicos/1/foto_1.jpg,Depois,2026-09-24
2,2,/fotos/servicos/2/foto_1.jpg,Detalhe do acabamento,2025-03-21
3,2,/fotos/servicos/2/foto_2.jpg,Depois,2025-03-22
4,3,/fotos/servicos/3/foto_1.jpg,Depois,2026-04-22
5,3,/fotos/servicos/3/foto_2.jpg,Depois,2026-04-25
6,4,/fotos/servicos/4/foto_1.jpg,Detalhe do acabamento,2025-12-21
7,4,/fotos/servicos/4/foto_2.jpg,,2025-12-19
8,6,/fotos/servicos/6/foto_1.jpg,Detalhe do acabamento,2025-07-22
9,8,/fotos/servicos/8/foto_1.jpg,,2024-03-12
10,8,/fotos/servicos/8/foto_2.jpg,Depois,2024-03-09
11,9,/fotos/servicos/9/foto_1.jpg,Depois,2024-12-02
12,9,/fotos/servicos/9/foto_2.jpg,Antes,2024-12-04
13,9,/fotos/servicos/9/foto_3.jpg,Depois,2024-12-04
14,10,/fotos/servicos/10/foto_1.jpg,Depois,2026-05-13
15,10,/fotos/servicos/10/foto_2.jpg,,2026-05-11
16,10,/fotos/servicos/10/foto_3.jpg,Depois,2026-05-14
17,11,/fotos/servicos/11/foto_1.jpg,Detalhe do acabamento,2024-05-26
18,13,/fotos/servicos/13/foto_1.jpg,,2025-06-09
19,13,/fotos/servicos/13/foto_2.jpg,,2025-06-06
20,14,/fotos/servicos/14/foto_1.jpg,Depois,2025-11-06
21,14,/fotos/servicos/14/foto_2.jpg,Antes,2025-11-10
22,15,/fotos/servicos/15/foto_1.jpg,Antes,2025-04-27
23,17,/fotos/servicos/17/foto_1.jpg,Antes,2025-05-30
24,18,/fotos/servicos/18/foto_1.jpg,,2026-04-11
25,18,/fotos/servicos/18/foto_2.jpg,Detalhe do acabamento,2026-04-10
26,18,/fotos/servicos/18/foto_3.jpg,Ambiente geral,2026-04-12
27,19,/fotos/servicos/19/foto_1.jpg,Depois,2025-10-08
28,19,/fotos/servicos/19/foto_2.jpg,Antes,2025-10-10
29,19,/fotos/servicos/19/foto_3.jpg,Antes,2025-10-07
30,20,/fotos/servicos/20/foto_1.jpg,Depois,2026-08-31
31,20,/fotos/servicos/20/foto_2.jpg,Ambiente geral,2026-08-27
32,21,/fotos/servicos/21/foto_1.jpg,Antes,2025-12-07
33,22,/fotos/servicos/22/foto_1.jpg,,2024-07-04
34,23,/fotos/servicos/23/foto_1.jpg,Depois,2025-11-25
35,23,/fotos/servicos/23/foto_2.jpg,Ambiente geral,2025-11-29
36,25,/fotos/servicos/25/foto_1.jpg,,2025-06-23
37,25,/fotos/servicos/25/foto_2.jpg,Detalhe do acabamento,2025-06-19
38,26,/fotos/servicos/26/foto_1.jpg,Ambiente geral,2025-09-20
39,26,/fotos/servicos/26/foto_2.jpg,,2025-09-20
40,27,/fotos/servicos/27/foto_1.jpg,,2026-03-03
41,27,/fotos/servicos/27/foto_2.jpg,Depois,2026-03-05
42,28,/fotos/servicos/28/foto_1.jpg,,2025-07-20
43,28,/fotos/servicos/28/foto_2.jpg,,2025-07-20
44,29,/fotos/servicos/29/foto_1.jpg,Depois,2024-08-17
45,29,/fotos/servicos/29/foto_2.jpg,,2024-08-19
46,30,/fotos/servicos/30/foto_1.jpg,Antes,2025-03-28
47,31,/fotos/servicos/31/foto_1.jpg,Ambiente geral,2025-11-04
48,32,/fotos/servicos/32/foto_1.jpg,Detalhe do acabamento,2024-10-20
49,32,/fotos/servicos/32/foto_2.jpg,Antes,2024-10-21
50,34,/fotos/servicos/34/foto_1.jpg,Depois,2025-05-10
51,35,/fotos/servicos/35/foto_1.jpg,,2025-11-26
52,35,/fotos/servicos/35/foto_2.jpg,Antes,2025-11-28
53,37,/fotos/servicos/37/foto_1.jpg,Depois,2024-09-30
54,38,/fotos/servicos/38/foto_1.jpg,Depois,2026-05-22
55,39,/fotos/servicos/39/foto_1.jpg,Detalhe do acabamento,2024-02-27
56,39,/fotos/servicos/39/foto_2.jpg,Ambiente geral,2024-02-27
57,39,/fotos/servicos/39/foto_3.jpg,Depois,2024-02-28
58,40,/fotos/servicos/40/foto_1.jpg,,2025-12-06
59,40,/fotos/servicos/40/foto_2.jpg,Depois,2025-12-08
60,40,/fotos/servicos/40/foto_3.jpg,Depois,2025-12-07
61,41,/fotos/servicos/41/foto_1.jpg,,2025-01-11
62,45,/fotos/servicos/45/foto_1.jpg,Detalhe do acabamento,2024-06-29
63,46,/fotos/servicos/46/foto_1.jpg,Antes,2024-06-24
64,46,/fotos/servicos/46/foto_2.jpg,,2024-06-22
65,46,/fotos/servicos/46/foto_3.jpg,Detalhe do acabamento,2024-06-22
66,47,/fotos/servicos/47/foto_1.jpg,Antes,2025-10-26
67,47,/fotos/servicos/47/foto_2.jpg,Depois,2025-10-25
68,47,/fotos/servicos/47/foto_3.jpg,,2025-10-25
69,48,/fotos/servicos/48/foto_1.jpg,Depois,2024-09-16
70,49,/fotos/servicos/49/foto_1.jpg,Depois,2024-03-27
71,50,/fotos/servicos/50/foto_1.jpg,,2025-11-12
72,50,/fotos/servicos/50/foto_2.jpg,Detalhe do acabamento,2025-11-12
73,51,/fotos/servicos/51/foto_1.jpg,Detalhe do acabamento,2025-09-03
74,54,/fotos/servicos/54/foto_1.jpg,Depois,2026-04-28
75,55,/fotos/servicos/55/foto_1.jpg,,2024-07-15
76,57,/fotos/servicos/57/foto_1.jpg,,2025-04-20
77,57,/fotos/servicos/57/foto_2.jpg,Depois,2025-04-20
78,61,/fotos/servicos/61/foto_1.jpg,,2025-09-03
79,62,/fotos/servicos/62/foto_1.jpg,Depois,2025-07-07
80,65,/fotos/servicos/65/foto_1.jpg,Antes,2025-09-29
81,66,/fotos/servicos/66/foto_1.jpg,,2024-11-26
82,67,/fotos/servicos/67/foto_1.jpg,Detalhe do acabamento,2025-05-20
83,69,/fotos/servicos/69/foto_1.jpg,Antes,2026-08-29
84,71,/fotos/servicos/71/foto_1.jpg,,2025-03-31
85,72,/fotos/servicos/72/foto_1.jpg,Antes,2026-09-22
86,72,/fotos/servicos/72/foto_2.jpg,,2026-09-22
87,76,/fotos/servicos/76/foto_1.jpg,Antes,2024-12-11
88,76,/fotos/servicos/76/foto_2.jpg,Depois,2024-12-11
89,77,/fotos/servicos/77/foto_1.jpg,Ambiente geral,2025-06-22
90,79,/fotos/servicos/79/foto_1.jpg,Detalhe do acabamento,2025-12-19
91,82,/fotos/servicos/82/foto_1.jpg,Detalhe do acabamento,2024-05-31
92,83,/fotos/servicos/83/foto_1.jpg,Depois,2025-09-30
93,84,/fotos/servicos/84/foto_1.jpg,Ambiente geral,2024-02-27
94,85,/fotos/servicos/85/foto_1.jpg,Detalhe do acabamento,2025-01-24
95,85,/fotos/servicos/85/foto_2.jpg,Ambiente geral,2025-01-26
96,85,/fotos/servicos/85/foto_3.jpg,Ambiente geral,2025-01-26
97,86,/fotos/servicos/86/foto_1.jpg,Antes,2026-08-05
98,86,/fotos/servicos/86/foto_2.jpg,,2026-08-02
99,86,/fotos/servicos/86/foto_3.jpg,Detalhe do acabamento,2026-08-04
100,87,/fotos/servicos/87/foto_1.jpg,Antes,2024-03-04
101,87,/fotos/servicos/87/foto_2.jpg,Ambiente geral,2024-03-07
102,88,/fotos/servicos/88/foto_1.jpg,Detalhe do acabamento,2026-09-13
103,90,/fotos/servicos/90/foto_1.jpg,Antes,2026-08-16
104,90,/fotos/servicos/90/foto_2.jpg,Antes,2026-08-14
105,91,/fotos/servicos/91/foto_1.jpg,Detalhe do acabamento,2025-02-25
106,92,/fotos/servicos/92/foto_1.jpg,,2025-09-02
107,97,/fotos/servicos/97/foto_1.jpg,Antes,2025-06-16
108,97,/fotos/servicos/97/foto_2.jpg,Ambiente geral,2025-06-16
109,98,/fotos/servicos/98/foto_1.jpg,Depois,2024-07-03
110,99,/fotos/servicos/99/foto_1.jpg,,2025-04-05
111,99,/fotos/servicos/99/foto_2.jpg,,2025-04-07
112,100,/fotos/servicos/100/foto_1.jpg,,2024-06-05
113,100,/fotos/servicos/100/foto_2.jpg,,2024-06-04
114,100,/fotos/servicos/100/foto_3.jpg,Ambiente geral,2024-06-04
115,101,/fotos/servicos/101/foto_1.jpg,Detalhe do acabamento,2024-07-26
116,101,/fotos/servicos/101/foto_2.jpg,,2024-07-27
117,102,/fotos/servicos/102/foto_1.jpg,Depois,2025-02-23
118,103,/fotos/servicos/103/foto_1.jpg,,2024-05-29
119,104,/fotos/servicos/104/foto_1.jpg,Depois,2025-12-18
120,104,/fotos/servicos/104/foto_2.jpg,Depois,2025-12-17
121,106,/fotos/servicos/106/foto_1.jpg,Ambiente geral,2025-06-29
122,106,/fotos/servicos/106/foto_2.jpg,,2025-06-28
123,108,/fotos/servicos/108/foto_1.jpg,Detalhe do acabamento,2026-09-22
124,108,/fotos/servicos/108/foto_2.jpg,Antes,2026-09-22
125,109,/fotos/servicos/109/foto_1.jpg,Ambiente geral,2025-07-20
126,109,/fotos/servicos/109/foto_2.jpg,,2025-07-19
127,111,/fotos/servicos/111/foto_1.jpg,Depois,2024-03-02
128,111,/fotos/servicos/111/foto_2.jpg,Antes,2024-02-27
129,111,/fotos/servicos/111/foto_3.jpg,Detalhe do acabamento,2024-02-27
130,112,/fotos/servicos/112/foto_1.jpg,Detalhe do acabamento,2025-01-22
131,113,/fotos/servicos/113/foto_1.jpg,Depois,2026-06-19
132,114,/fotos/servicos/114/foto_1.jpg,Detalhe do acabamento,2025-05-10
133,114,/fotos/servicos/114/foto_2.jpg,Depois,2025-05-09
134,114,/fotos/servicos/114/foto_3.jpg,Depois,2025-05-12
135,115,/fotos/servicos/115/foto_1.jpg,Depois,2024-05-17
136,117,/fotos/servicos/117/foto_1.jpg,Detalhe do acabamento,2024-10-09
137,117,/fotos/servicos/117/foto_2.jpg,,2024-10-09
138,117,/fotos/servicos/117/foto_3.jpg,Ambiente geral,2024-10-09
139,118,/fotos/servicos/118/foto_1.jpg,,2024-06-26
140,119,/fotos/servicos/119/foto_1.jpg,Detalhe do acabamento,2025-12-26
141,120,/fotos/servicos/120/foto_1.jpg,Detalhe do acabamento,2024-04-05
142,120,/fotos/servicos/120/foto_2.jpg,Depois,2024-04-08
143,120,/fotos/servicos/120/foto_3.jpg,Antes,2024-04-07
144,121,/fotos/servicos/121/foto_1.jpg,Ambiente geral,2025-01-11
145,121,/fotos/servicos/121/foto_2.jpg,Ambiente geral,2025-01-09
146,122,/fotos/servicos/122/foto_1.jpg,Depois,2024-05-10
147,123,/fotos/servicos/123/foto_1.jpg,Depois,2025-07-18
148,124,/fotos/servicos/124/foto_1.jpg,Depois,2025-11-12
149,124,/fotos/servicos/124/foto_2.jpg,Depois,2025-11-13
150,124,/fotos/servicos/124/foto_3.jpg,Antes,2025-11-11
151,125,/fotos/servicos/125/foto_1.jpg,Detalhe do acabamento,2024-04-22
152,125,/fotos/servicos/125/foto_2.jpg,Depois,2024-04-23
153,127,/fotos/servicos/127/foto_1.jpg,Detalhe do acabamento,2026-09-22
154,128,/fotos/servicos/128/foto_1.jpg,Detalhe do acabamento,2026-07-12
155,129,/fotos/servicos/129/foto_1.jpg,Detalhe do acabamento,2025-01-25
156,129,/fotos/servicos/129/foto_2.jpg,Ambiente geral,2025-01-27
157,130,/fotos/servicos/130/foto_1.jpg,Detalhe do acabamento,2024-05-18
158,130,/fotos/servicos/130/foto_2.jpg,,2024-05-17
159,131,/fotos/servicos/131/foto_1.jpg,Antes,2026-08-13
160,131,/fotos/servicos/131/foto_2.jpg,Depois,2026-08-11
161,132,/fotos/servicos/132/foto_1.jpg,Detalhe do acabamento,2024-10-02
162,132,/fotos/servicos/132/foto_2.jpg,,2024-10-05
163,134,/fotos/servicos/134/foto_1.jpg,Depois,2024-02-25
164,135,/fotos/servicos/135/foto_1.jpg,Antes,2024-02-07
165,135,/fotos/servicos/135/foto_2.jpg,Detalhe do acabamento,2024-02-10
166,136,/fotos/servicos/136/foto_1.jpg,Ambiente geral,2025-05-14
167,136,/fotos/servicos/136/foto_2.jpg,Ambiente geral,2025-05-14
168,138,/fotos/servicos/138/foto_1.jpg,,2026-02-10
169,138,/fotos/servicos/138/foto_2.jpg,Depois,2026-02-12
170,142,/fotos/servicos/142/foto_1.jpg,,2024-07-03
171,145,/fotos/servicos/145/foto_1.jpg,Depois,2025-03-17
172,145,/fotos/servicos/145/foto_2.jpg,Depois,2025-03-14
173,145,/fotos/servicos/145/foto_3.jpg,Ambiente geral,2025-03-16
174,146,/fotos/servicos/146/foto_1.jpg,Depois,2024-10-02
175,147,/fotos/servicos/147/foto_1.jpg,Ambiente geral,2026-07-27
176,147,/fotos/servicos/147/foto_2.jpg,Antes,2026-07-26
177,148,/fotos/servicos/148/foto_1.jpg,Detalhe do acabamento,2025-11-13
178,149,/fotos/servicos/149/foto_1.jpg,,2025-07-10
179,151,/fotos/servicos/151/foto_1.jpg,Detalhe do acabamento,2025-02-06
180,152,/fotos/servicos/152/foto_1.jpg,Depois,2025-02-02
181,152,/fotos/servicos/152/foto_2.jpg,Detalhe do acabamento,2025-02-03
182,152,/fotos/servicos/152/foto_3.jpg,Detalhe do acabamento,2025-02-06
183,153,/fotos/servicos/153/foto_1.jpg,Depois,2024-05-05
184,154,/fotos/servicos/154/foto_1.jpg,Antes,2024-09-05
185,154,/fotos/servicos/154/foto_2.jpg,Detalhe do acabamento,2024-09-05
186,154,/fotos/servicos/154/foto_3.jpg,Ambiente geral,2024-09-07
187,156,/fotos/servicos/156/foto_1.jpg,,2024-08-06
188,156,/fotos/servicos/156/foto_2.jpg,Depois,2024-08-06
189,156,/fotos/servicos/156/foto_3.jpg,,2024-08-10
190,157,/fotos/servicos/157/foto_1.jpg,Detalhe do acabamento,2024-04-12
191,157,/fotos/servicos/157/foto_2.jpg,Antes,2024-04-14
192,157,/fotos/servicos/157/foto_3.jpg,Detalhe do acabamento,2024-04-12
193,159,/fotos/servicos/159/foto_1.jpg,,2025-05-29
194,160,/fotos/servicos/160/foto_1.jpg,Depois,2025-06-05
195,160,/fotos/servicos/160/foto_2.jpg,Antes,2025-06-07
196,161,/fotos/servicos/161/foto_1.jpg,Detalhe do acabamento,2024-02-28
197,161,/fotos/servicos/161/foto_2.jpg,Detalhe do acabamento,2024-02-28
198,162,/fotos/servicos/162/foto_1.jpg,,2024-04-28
199,163,/fotos/servicos/163/foto_1.jpg,,2026-01-28
200,164,/fotos/servicos/164/foto_1.jpg,Antes,2024-05-22
201,165,/fotos/servicos/165/foto_1.jpg,Detalhe do acabamento,2024-06-28
202,165,/fotos/servicos/165/foto_2.jpg,Antes,2024-06-24
203,165,/fotos/servicos/165/foto_3.jpg,Antes,2024-06-28
204,166,/fotos/servicos/166/foto_1.jpg,Antes,2026-09-22
205,166,/fotos/servicos/166/foto_2.jpg,Ambiente geral,2026-09-22
206,167,/fotos/servicos/167/foto_1.jpg,Depois,2026-08-11
207,167,/fotos/servicos/167/foto_2.jpg,Antes,2026-08-10
208,168,/fotos/servicos/168/foto_1.jpg,Ambiente geral,2026-04-01
209,169,/fotos/servicos/169/foto_1.jpg,Antes,2024-04-05
210,169,/fotos/servicos/169/foto_2.jpg,,2024-04-02
211,169,/fotos/servicos/169/foto_3.jpg,Ambiente geral,2024-04-06
212,170,/fotos/servicos/170/foto_1.jpg,,2026-03-21
213,171,/fotos/servicos/171/foto_1.jpg,Depois,2026-08-27
214,171,/fotos/servicos/171/foto_2.jpg,Antes,2026-08-29
215,172,/fotos/servicos/172/foto_1.jpg,Antes,2025-09-27
216,174,/fotos/servicos/174/foto_1.jpg,,2025-06-25
217,176,/fotos/servicos/176/foto_1.jpg,,2026-09-20
218,177,/fotos/servicos/177/foto_1.jpg,Depois,2024-12-10
219,178,/fotos/servicos/178/foto_1.jpg,Depois,2026-03-23
220,178,/fotos/servicos/178/foto_2.jpg,Depois,2026-03-21
221,179,/fotos/servicos/179/foto_1.jpg,Ambiente geral,2026-05-09
222,179,/fotos/servicos/179/foto_2.jpg,Detalhe do acabamento,2026-05-12
223,180,/fotos/servicos/180/foto_1.jpg,,2024-02-07
224,182,/fotos/servicos/182/foto_1.jpg,Antes,2025-11-14
225,182,/fotos/servicos/182/foto_2.jpg,Antes,2025-11-14
226,183,/fotos/servicos/183/foto_1.jpg,Depois,2025-09-25
227,183,/fotos/servicos/183/foto_2.jpg,Depois,2025-09-27
228,185,/fotos/servicos/185/foto_1.jpg,,2025-01-20
229,186,/fotos/servicos/186/foto_1.jpg,Antes,2025-03-12
230,187,/fotos/servicos/187/foto_1.jpg,Depois,2026-02-13
231,187,/fotos/servicos/187/foto_2.jpg,Depois,2026-02-15
232,187,/fotos/servicos/187/foto_3.jpg,Detalhe do acabamento,2026-02-17
233,188,/fotos/servicos/188/foto_1.jpg,Antes,2025-05-18
234,189,/fotos/servicos/189/foto_1.jpg,Antes,2025-10-14
235,189,/fotos/servicos/189/foto_2.jpg,,2025-10-17
236,190,/fotos/servicos/190/foto_1.jpg,Ambiente geral,2025-01-05
237,191,/fotos/servicos/191/foto_1.jpg,Ambiente geral,2024-11-24
238,192,/fotos/servicos/192/foto_1.jpg,Antes,2025-06-10
239,192,/fotos/servicos/192/foto_2.jpg,Detalhe do acabamento,2025-06-14
240,195,/fotos/servicos/195/foto_1.jpg,Depois,2024-05-17
241,195,/fotos/servicos/195/foto_2.jpg,,2024-05-14
242,197,/fotos/servicos/197/foto_1.jpg,Antes,2024-04-20
243,198,/fotos/servicos/198/foto_1.jpg,Depois,2024-07-31
244,198,/fotos/servicos/198/foto_2.jpg,Detalhe do acabamento,2024-07-30
245,199,/fotos/servicos/199/foto_1.jpg,Detalhe do acabamento,2025-06-01
246,199,/fotos/servicos/199/foto_2.jpg,Ambiente geral,2025-06-04
247,200,/fotos/servicos/200/foto_1.jpg,Ambiente geral,2026-08-04
248,201,/fotos/servicos/201/foto_1.jpg,Ambiente geral,2025-02-25
249,201,/fotos/servicos/201/foto_2.jpg,Ambiente geral,2025-02-21
250,202,/fotos/servicos/202/foto_1.jpg,Ambiente geral,2025-01-31
251,202,/fotos/servicos/202/foto_2.jpg,Ambiente geral,2025-02-01
252,203,/fotos/servicos/203/foto_1.jpg,Ambiente geral,2025-01-15
253,204,/fotos/servicos/204/foto_1.jpg,Detalhe do acabamento,2026-01-31
254,206,/fotos/servicos/206/foto_1.jpg,Detalhe do acabamento,2024-05-06
255,208,/fotos/servicos/208/foto_1.jpg,Ambiente geral,2024-01-20
256,208,/fotos/servicos/208/foto_2.jpg,Depois,2024-01-23
257,209,/fotos/servicos/209/foto_1.jpg,,2025-12-24
258,212,/fotos/servicos/212/foto_1.jpg,Detalhe do acabamento,2026-09-22
259,212,/fotos/servicos/212/foto_2.jpg,Detalhe do acabamento,2026-09-22
260,213,/fotos/servicos/213/foto_1.jpg,Antes,2025-03-07
261,214,/fotos/servicos/214/foto_1.jpg,Antes,2025-06-02
262,214,/fotos/servicos/214/foto_2.jpg,Detalhe do acabamento,2025-05-29
263,214,/fotos/servicos/214/foto_3.jpg,Antes,2025-05-29
264,216,/fotos/servicos/216/foto_1.jpg,Ambiente geral,2024-08-03
265,216,/fotos/servicos/216/foto_2.jpg,Antes,2024-08-02
266,216,/fotos/servicos/216/foto_3.jpg,Antes,2024-08-06
267,218,/fotos/servicos/218/foto_1.jpg,Detalhe do acabamento,2026-07-18
268,218,/fotos/servicos/218/foto_2.jpg,Detalhe do acabamento,2026-07-20
269,219,/fotos/servicos/219/foto_1.jpg,Depois,2025-10-12
270,219,/fotos/servicos/219/foto_2.jpg,Detalhe do acabamento,2025-10-13
271,219,/fotos/servicos/219/foto_3.jpg,,2025-10-15
272,220,/fotos/servicos/220/foto_1.jpg,,2025-07-27
273,221,/fotos/servicos/221/foto_1.jpg,Ambiente geral,2025-05-15
274,222,/fotos/servicos/222/foto_1.jpg,Depois,2026-05-12
275,222,/fotos/servicos/222/foto_2.jpg,Ambiente geral,2026-05-13
276,222,/fotos/servicos/222/foto_3.jpg,Detalhe do acabamento,2026-05-12
277,223,/fotos/servicos/223/foto_1.jpg,Antes,2024-05-06
278,224,/fotos/servicos/224/foto_1.jpg,Depois,2025-02-25
279,225,/fotos/servicos/225/foto_1.jpg,Depois,2025-01-08
280,226,/fotos/servicos/226/foto_1.jpg,Ambiente geral,2026-09-22
281,227,/fotos/servicos/227/foto_1.jpg,Depois,2026-06-03
282,228,/fotos/servicos/228/foto_1.jpg,Detalhe do acabamento,2026-06-17
283,228,/fotos/servicos/228/foto_2.jpg,Antes,2026-06-16
284,229,/fotos/servicos/229/foto_1.jpg,Antes,2024-02-24
285,229,/fotos/servicos/229/foto_2.jpg,Ambiente geral,2024-02-27
286,230,/fotos/servicos/230/foto_1.jpg,Antes,2026-02-28
287,231,/fotos/servicos/231/foto_1.jpg,Detalhe do acabamento,2024-07-26
288,231,/fotos/servicos/231/foto_2.jpg,Depois,2024-07-24
289,232,/fotos/servicos/232/foto_1.jpg,Ambiente geral,2024-07-22
290,232,/fotos/servicos/232/foto_2.jpg,Antes,2024-07-23
291,233,/fotos/servicos/233/foto_1.jpg,Depois,2025-03-22
292,233,/fotos/servicos/233/foto_2.jpg,Ambiente geral,2025-03-23
293,235,/fotos/servicos/235/foto_1.jpg,Antes,2025-08-20
294,235,/fotos/servicos/235/foto_2.jpg,Antes,2025-08-19
295,239,/fotos/servicos/239/foto_1.jpg,,2026-06-16
296,239,/fotos/servicos/239/foto_2.jpg,,2026-06-19
297,242,/fotos/servicos/242/foto_1.jpg,Antes,2025-11-14
298,242,/fotos/servicos/242/foto_2.jpg,,2025-11-11
299,242,/fotos/servicos/242/foto_3.jpg,Detalhe do acabamento,2025-11-11
300,243,/fotos/servicos/243/foto_1.jpg,,2025-11-30
301,244,/fotos/servicos/244/foto_1.jpg,,2025-11-05
302,244,/fotos/servicos/244/foto_2.jpg,,2025-11-04
303,245,/fotos/servicos/245/foto_1.jpg,Depois,2026-03-30
304,246,/fotos/servicos/246/foto_1.jpg,Depois,2026-03-09
305,247,/fotos/servicos/247/foto_1.jpg,Antes,2024-04-12
306,248,/fotos/servicos/248/foto_1.jpg,Depois,2025-03-13
307,248,/fotos/servicos/248/foto_2.jpg,,2025-03-15
308,248,/fotos/servicos/248/foto_3.jpg,Detalhe do acabamento,2025-03-12
309,249,/fotos/servicos/249/foto_1.jpg,Detalhe do acabamento,2024-03-26
310,249,/fotos/servicos/249/foto_2.jpg,Detalhe do acabamento,2024-03-25
311,249,/fotos/servicos/249/foto_3.jpg,Antes,2024-03-25
312,252,/fotos/servicos/252/foto_1.jpg,Detalhe do acabamento,2026-09-22
313,254,/fotos/servicos/254/foto_1.jpg,,2024-07-14
314,254,/fotos/servicos/254/foto_2.jpg,Ambiente geral,2024-07-17
315,255,/fotos/servicos/255/foto_1.jpg,,2026-03-03
316,255,/fotos/servicos/255/foto_2.jpg,Depois,2026-03-01
317,257,/fotos/servicos/257/foto_1.jpg,Depois,2024-10-26
318,258,/fotos/servicos/258/foto_1.jpg,Ambiente geral,2026-07-06
319,258,/fotos/servicos/258/foto_2.jpg,Antes,2026-07-05
320,259,/fotos/servicos/259/foto_1.jpg,Ambiente geral,2024-08-28
321,260,/fotos/servicos/260/foto_1.jpg,Ambiente geral,2026-08-25
322,260,/fotos/servicos/260/foto_2.jpg,Ambiente geral,2026-08-24
323,260,/fotos/servicos/260/foto_3.jpg,,2026-08-22
324,262,/fotos/servicos/262/foto_1.jpg,,2024-02-06
325,263,/fotos/servicos/263/foto_1.jpg,Antes,2026-07-06
326,263,/fotos/servicos/263/foto_2.jpg,Depois,2026-07-09
327,264,/fotos/servicos/264/foto_1.jpg,Depois,2026-06-01
328,265,/fotos/servicos/265/foto_1.jpg,,2026-06-13
329,266,/fotos/servicos/266/foto_1.jpg,Depois,2025-06-05
330,266,/fotos/servicos/266/foto_2.jpg,Ambiente geral,2025-06-04
331,268,/fotos/servicos/268/foto_1.jpg,Depois,2026-03-02
332,268,/fotos/servicos/268/foto_2.jpg,,2026-03-05
333,268,/fotos/servicos/268/foto_3.jpg,,2026-03-05
334,270,/fotos/servicos/270/foto_1.jpg,,2024-07-31
335,270,/fotos/servicos/270/foto_2.jpg,Antes,2024-08-02
336,272,/fotos/servicos/272/foto_1.jpg,Depois,2024-09-07
337,272,/fotos/servicos/272/foto_2.jpg,Detalhe do acabamento,2024-09-07
338,273,/fotos/servicos/273/foto_1.jpg,Detalhe do acabamento,2024-05-10
339,273,/fotos/servicos/273/foto_2.jpg,,2024-05-07
340,273,/fotos/servicos/273/foto_3.jpg,,2024-05-08
341,274,/fotos/servicos/274/foto_1.jpg,Detalhe do acabamento,2024-11-02
342,274,/fotos/servicos/274/foto_2.jpg,Antes,2024-11-02
343,276,/fotos/servicos/276/foto_1.jpg,Ambiente geral,2026-03-08
344,276,/fotos/servicos/276/foto_2.jpg,Ambiente geral,2026-03-10
345,276,/fotos/servicos/276/foto_3.jpg,,2026-03-12
346,277,/fotos/servicos/277/foto_1.jpg,,2025-12-30
347,278,/fotos/servicos/278/foto_1.jpg,Detalhe do acabamento,2025-09-11
348,278,/fotos/servicos/278/foto_2.jpg,,2025-09-08
349,278,/fotos/servicos/278/foto_3.jpg,Ambiente geral,2025-09-12
350,281,/fotos/servicos/281/foto_1.jpg,Antes,2026-06-06
351,281,/fotos/servicos/281/foto_2.jpg,Antes,2026-06-08
352,283,/fotos/servicos/283/foto_1.jpg,Depois,2025-06-22
353,284,/fotos/servicos/284/foto_1.jpg,Detalhe do acabamento,2026-04-09
354,286,/fotos/servicos/286/foto_1.jpg,,2026-01-01
355,286,/fotos/servicos/286/foto_2.jpg,Antes,2026-01-01
356,288,/fotos/servicos/288/foto_1.jpg,Antes,2025-07-21
357,289,/fotos/servicos/289/foto_1.jpg,Ambiente geral,2025-07-07
358,290,/fotos/servicos/290/foto_1.jpg,Ambiente geral,2024-06-20
359,290,/fotos/servicos/290/foto_2.jpg,Detalhe do acabamento,2024-06-24
360,292,/fotos/servicos/292/foto_1.jpg,Ambiente geral,2026-08-27
361,293,/fotos/servicos/293/foto_1.jpg,Antes,2026-08-06
362,293,/fotos/servicos/293/foto_2.jpg,Depois,2026-08-05
363,293,/fotos/servicos/293/foto_3.jpg,Antes,2026-08-02
364,294,/fotos/servicos/294/foto_1.jpg,Antes,2025-07-06
365,294,/fotos/servicos/294/foto_2.jpg,Detalhe do acabamento,2025-07-06
366,296,/fotos/servicos/296/foto_1.jpg,,2026-01-07
367,297,/fotos/servicos/297/foto_1.jpg,Antes,2024-10-13
368,298,/fotos/servicos/298/foto_1.jpg,Detalhe do acabamento,2026-05-26
369,300,/fotos/servicos/300/foto_1.jpg,Ambiente geral,2026-01-11
370,301,/fotos/servicos/301/foto_1.jpg,Ambiente geral,2025-12-11
371,301,/fotos/servicos/301/foto_2.jpg,Detalhe do acabamento,2025-12-08
372,302,/fotos/servicos/302/foto_1.jpg,Depois,2026-05-12
373,303,/fotos/servicos/303/foto_1.jpg,Ambiente geral,2025-08-17
374,303,/fotos/servicos/303/foto_2.jpg,,2025-08-18
375,304,/fotos/servicos/304/foto_1.jpg,Detalhe do acabamento,2024-04-17
376,304,/fotos/servicos/304/foto_2.jpg,Depois,2024-04-18
377,305,/fotos/servicos/305/foto_1.jpg,Depois,2025-04-24
378,305,/fotos/servicos/305/foto_2.jpg,,2025-04-22
379,305,/fotos/servicos/305/foto_3.jpg,Detalhe do acabamento,2025-04-21
380,307,/fotos/servicos/307/foto_1.jpg,Depois,2024-11-18
381,307,/fotos/servicos/307/foto_2.jpg,Ambiente geral,2024-11-18
382,307,/fotos/servicos/307/foto_3.jpg,,2024-11-17
383,308,/fotos/servicos/308/foto_1.jpg,Ambiente geral,2025-06-17
384,309,/fotos/servicos/309/foto_1.jpg,,2024-03-15
385,309,/fotos/servicos/309/foto_2.jpg,Depois,2024-03-13
386,310,/fotos/servicos/310/foto_1.jpg,,2025-04-13
387,310,/fotos/servicos/310/foto_2.jpg,Depois,2025-04-14
388,310,/fotos/servicos/310/foto_3.jpg,Detalhe do acabamento,2025-04-12
389,312,/fotos/servicos/312/foto_1.jpg,,2024-02-02
390,312,/fotos/servicos/312/foto_2.jpg,Detalhe do acabamento,2024-01-31
391,314,/fotos/servicos/314/foto_1.jpg,Detalhe do acabamento,2025-09-30
392,315,/fotos/servicos/315/foto_1.jpg,,2025-10-14
393,316,/fotos/servicos/316/foto_1.jpg,Antes,2025-06-04
394,316,/fotos/servicos/316/foto_2.jpg,Depois,2025-06-07
395,318,/fotos/servicos/318/foto_1.jpg,Antes,2024-02-11
396,318,/fotos/servicos/318/foto_2.jpg,Ambiente geral,2024-02-10
397,318,/fotos/servicos/318/foto_3.jpg,Ambiente geral,2024-02-08
398,319,/fotos/servicos/319/foto_1.jpg,Detalhe do acabamento,2024-05-21
399,319,/fotos/servicos/319/foto_2.jpg,Detalhe do acabamento,2024-05-19
400,319,/fotos/servicos/319/foto_3.jpg,Depois,2024-05-17
401,320,/fotos/servicos/320/foto_1.jpg,Depois,2025-01-29
402,325,/fotos/servicos/325/foto_1.jpg,Antes,2026-01-27
403,328,/fotos/servicos/328/foto_1.jpg,Depois,2024-01-28
404,329,/fotos/servicos/329/foto_1.jpg,Depois,2026-07-21
405,329,/fotos/servicos/329/foto_2.jpg,,2026-07-23
406,330,/fotos/servicos/330/foto_1.jpg,Antes,2025-12-28
407,330,/fotos/servicos/330/foto_2.jpg,Antes,2025-12-27
408,330,/fotos/servicos/330/foto_3.jpg,Depois,2025-12-28
409,331,/fotos/servicos/331/foto_1.jpg,Depois,2025-02-14
410,331,/fotos/servicos/331/foto_2.jpg,Detalhe do acabamento,2025-02-15
411,332,/fotos/servicos/332/foto_1.jpg,Depois,2025-12-20
412,332,/fotos/servicos/332/foto_2.jpg,Ambiente geral,2025-12-22
413,333,/fotos/servicos/333/foto_1.jpg,Detalhe do acabamento,2024-04-08
414,336,/fotos/servicos/336/foto_1.jpg,,2026-02-06
415,337,/fotos/servicos/337/foto_1.jpg,Detalhe do acabamento,2024-10-30
416,338,/fotos/servicos/338/foto_1.jpg,Antes,2024-02-21
417,339,/fotos/servicos/339/foto_1.jpg,,2025-01-18
418,339,/fotos/servicos/339/foto_2.jpg,Detalhe do acabamento,2025-01-19
419,339,/fotos/servicos/339/foto_3.jpg,Antes,2025-01-18
420,341,/fotos/servicos/341/foto_1.jpg,Depois,2024-04-20
421,341,/fotos/servicos/341/foto_2.jpg,Antes,2024-04-21
422,341,/fotos/servicos/341/foto_3.jpg,Depois,2024-04-21
423,342,/fotos/servicos/342/foto_1.jpg,Ambiente geral,2024-08-11
424,342,/fotos/servicos/342/foto_2.jpg,Depois,2024-08-14
425,343,/fotos/servicos/343/foto_1.jpg,Depois,2026-08-04
426,344,/fotos/servicos/344/foto_1.jpg,Detalhe do acabamento,2026-02-01
427,344,/fotos/servicos/344/foto_2.jpg,Depois,2026-02-01
428,345,/fotos/servicos/345/foto_1.jpg,Depois,2024-10-30
429,346,/fotos/servicos/346/foto_1.jpg,,2026-03-23
430,348,/fotos/servicos/348/foto_1.jpg,Depois,2024-05-27
431,348,/fotos/servicos/348/foto_2.jpg,,2024-05-24
432,349,/fotos/servicos/349/foto_1.jpg,Depois,2024-07-03
433,351,/fotos/servicos/351/foto_1.jpg,,2025-04-20
434,353,/fotos/servicos/353/foto_1.jpg,Detalhe do acabamento,2026-08-12
435,353,/fotos/servicos/353/foto_2.jpg,Antes,2026-08-14
436,354,/fotos/servicos/354/foto_1.jpg,,2026-08-10
437,354,/fotos/servicos/354/foto_2.jpg,Depois,2026-08-07
438,355,/fotos/servicos/355/foto_1.jpg,Ambiente geral,2024-09-20
439,355,/fotos/servicos/355/foto_2.jpg,Antes,2024-09-18
440,357,/fotos/servicos/357/foto_1.jpg,,2026-06-13
441,357,/fotos/servicos/357/foto_2.jpg,Antes,2026-06-13
442,357,/fotos/servicos/357/foto_3.jpg,,2026-06-11
443,359,/fotos/servicos/359/foto_1.jpg,Depois,2025-05-29
444,359,/fotos/servicos/359/foto_2.jpg,,2025-05-31
445,360,/fotos/servicos/360/foto_1.jpg,Antes,2026-07-25
446,361,/fotos/servicos/361/foto_1.jpg,Depois,2024-09-30
447,363,/fotos/servicos/363/foto_1.jpg,Ambiente geral,2024-01-06
448,363,/fotos/servicos/363/foto_2.jpg,Ambiente geral,2024-01-07
449,364,/fotos/servicos/364/foto_1.jpg,Detalhe do acabamento,2025-05-01
450,364,/fotos/servicos/364/foto_2.jpg,,2025-05-03
451,366,/fotos/servicos/366/foto_1.jpg,,2026-03-14
452,367,/fotos/servicos/367/foto_1.jpg,Depois,2025-11-11
453,368,/fotos/servicos/368/foto_1.jpg,Antes,2024-09-21
454,368,/fotos/servicos/368/foto_2.jpg,Depois,2024-09-20
455,369,/fotos/servicos/369/foto_1.jpg,Antes,2025-10-24
456,369,/fotos/servicos/369/foto_2.jpg,Detalhe do acabamento,2025-10-21
457,373,/fotos/servicos/373/foto_1.jpg,Detalhe do acabamento,2024-05-09
458,373,/fotos/servicos/373/foto_2.jpg,Ambiente geral,2024-05-06
459,374,/fotos/servicos/374/foto_1.jpg,Ambiente geral,2024-08-18
460,376,/fotos/servicos/376/foto_1.jpg,Ambiente geral,2024-12-01
461,376,/fotos/servicos/376/foto_2.jpg,,2024-11-28
462,377,/fotos/servicos/377/foto_1.jpg,Depois,2026-02-09
463,378,/fotos/servicos/378/foto_1.jpg,Ambiente geral,2024-07-04
464,378,/fotos/servicos/378/foto_2.jpg,Ambiente geral,2024-07-03
465,378,/fotos/servicos/378/foto_3.jpg,Ambiente geral,2024-07-05
466,382,/fotos/servicos/382/foto_1.jpg,Ambiente geral,2024-03-06
467,382,/fotos/servicos/382/foto_2.jpg,Detalhe do acabamento,2024-03-08
468,383,/fotos/servicos/383/foto_1.jpg,Detalhe do acabamento,2025-04-02
469,383,/fotos/servicos/383/foto_2.jpg,Antes,2025-04-03
470,384,/fotos/servicos/384/foto_1.jpg,Depois,2026-09-16
471,386,/fotos/servicos/386/foto_1.jpg,Depois,2026-05-06
472,387,/fotos/servicos/387/foto_1.jpg,Depois,2024-03-26
473,387,/fotos/servicos/387/foto_2.jpg,Detalhe do acabamento,2024-03-28
474,388,/fotos/servicos/388/foto_1.jpg,,2025-11-06
475,389,/fotos/servicos/389/foto_1.jpg,Depois,2025-07-15
476,389,/fotos/servicos/389/foto_2.jpg,Detalhe do acabamento,2025-07-15
477,389,/fotos/servicos/389/foto_3.jpg,,2025-07-15
478,391,/fotos/servicos/391/foto_1.jpg,Ambiente geral,2025-09-16
479,391,/fotos/servicos/391/foto_2.jpg,Detalhe do acabamento,2025-09-17
480,391,/fotos/servicos/391/foto_3.jpg,Antes,2025-09-16
481,392,/fotos/servicos/392/foto_1.jpg,Ambiente geral,2024-05-11
482,392,/fotos/servicos/392/foto_2.jpg,,2024-05-14
483,395,/fotos/servicos/395/foto_1.jpg,Ambiente geral,2026-08-10
484,395,/fotos/servicos/395/foto_2.jpg,Antes,2026-08-10
485,397,/fotos/servicos/397/foto_1.jpg,Detalhe do acabamento,2024-06-22
486,398,/fotos/servicos/398/foto_1.jpg,Depois,2024-04-27
487,401,/fotos/servicos/401/foto_1.jpg,Depois,2025-11-05
488,401,/fotos/servicos/401/foto_2.jpg,Antes,2025-11-04
489,402,/fotos/servicos/402/foto_1.jpg,Ambiente geral,2026-02-04
490,402,/fotos/servicos/402/foto_2.jpg,Antes,2026-02-08
491,403,/fotos/servicos/403/foto_1.jpg,Ambiente geral,2025-05-06
492,403,/fotos/servicos/403/foto_2.jpg,Depois,2025-05-05
493,404,/fotos/servicos/404/foto_1.jpg,Ambiente geral,2024-04-22
494,404,/fotos/servicos/404/foto_2.jpg,Ambiente geral,2024-04-23
495,405,/fotos/servicos/405/foto_1.jpg,,2025-05-10
496,405,/fotos/servicos/405/foto_2.jpg,Ambiente geral,2025-05-08
497,406,/fotos/servicos/406/foto_1.jpg,Antes,2026-04-20
498,407,/fotos/servicos/407/foto_1.jpg,Antes,2025-02-14
499,409,/fotos/servicos/409/foto_1.jpg,,2024-01-03
500,410,/fotos/servicos/410/foto_1.jpg,,2024-01-18
501,410,/fotos/servicos/410/foto_2.jpg,Antes,2024-01-16
502,410,/fotos/servicos/410/foto_3.jpg,Depois,2024-01-15
503,411,/fotos/servicos/411/foto_1.jpg,Antes,2025-01-28
504,411,/fotos/servicos/411/foto_2.jpg,Antes,2025-02-01
505,412,/fotos/servicos/412/foto_1.jpg,Detalhe do acabamento,2026-08-24
506,412,/fotos/servicos/412/foto_2.jpg,Detalhe do acabamento,2026-08-24
507,412,/fotos/servicos/412/foto_3.jpg,,2026-08-25
508,413,/fotos/servicos/413/foto_1.jpg,Detalhe do acabamento,2025-07-29
509,413,/fotos/servicos/413/foto_2.jpg,Antes,2025-07-30
510,415,/fotos/servicos/415/foto_1.jpg,Antes,2024-06-21
511,415,/fotos/servicos/415/foto_2.jpg,Ambiente geral,2024-06-19
512,416,/fotos/servicos/416/foto_1.jpg,,2025-04-11
513,416,/fotos/servicos/416/foto_2.jpg,Ambiente geral,2025-04-15
514,417,/fotos/servicos/417/foto_1.jpg,,2026-08-23
515,417,/fotos/servicos/417/foto_2.jpg,Ambiente geral,2026-08-24
516,417,/fotos/servicos/417/foto_3.jpg,Depois,2026-08-22
517,418,/fotos/servicos/418/foto_1.jpg,Ambiente geral,2025-01-15
518,418,/fotos/servicos/418/foto_2.jpg,Depois,2025-01-16
519,418,/fotos/servicos/418/foto_3.jpg,Detalhe do acabamento,2025-01-12
520,419,/fotos/servicos/419/foto_1.jpg,Depois,2026-01-18
521,420,/fotos/servicos/420/foto_1.jpg,Detalhe do acabamento,2025-09-13
522,420,/fotos/servicos/420/foto_2.jpg,Depois,2025-09-10
523,420,/fotos/servicos/420/foto_3.jpg,Depois,2025-09-11
524,422,/fotos/servicos/422/foto_1.jpg,Antes,2024-07-03
525,423,/fotos/servicos/423/foto_1.jpg,Depois,2025-09-12
526,423,/fotos/servicos/423/foto_2.jpg,Ambiente geral,2025-09-12
527,423,/fotos/servicos/423/foto_3.jpg,Depois,2025-09-10
528,425,/fotos/servicos/425/foto_1.jpg,Ambiente geral,2025-05-08
529,426,/fotos/servicos/426/foto_1.jpg,Antes,2024-08-18
530,426,/fotos/servicos/426/foto_2.jpg,Depois,2024-08-19
531,427,/fotos/servicos/427/foto_1.jpg,Ambiente geral,2026-09-10
532,428,/fotos/servicos/428/foto_1.jpg,Ambiente geral,2025-03-12
533,428,/fotos/servicos/428/foto_2.jpg,Ambiente geral,2025-03-13
534,430,/fotos/servicos/430/foto_1.jpg,,2026-01-18
535,431,/fotos/servicos/431/foto_1.jpg,Antes,2026-08-27
536,431,/fotos/servicos/431/foto_2.jpg,Ambiente geral,2026-08-25
537,432,/fotos/servicos/432/foto_1.jpg,Antes,2026-03-07
538,432,/fotos/servicos/432/foto_2.jpg,Detalhe do acabamento,2026-03-06
539,432,/fotos/servicos/432/foto_3.jpg,Depois,2026-03-10
540,433,/fotos/servicos/433/foto_1.jpg,Ambiente geral,2026-07-23
541,433,/fotos/servicos/433/foto_2.jpg,Antes,2026-07-23
542,434,/fotos/servicos/434/foto_1.jpg,Depois,2024-05-22
543,434,/fotos/servicos/434/foto_2.jpg,Antes,2024-05-25
544,435,/fotos/servicos/435/foto_1.jpg,Ambiente geral,2024-06-10
545,436,/fotos/servicos/436/foto_1.jpg,Antes,2025-02-25
546,437,/fotos/servicos/437/foto_1.jpg,,2026-05-03
547,440,/fotos/servicos/440/foto_1.jpg,Depois,2024-10-19
548,441,/fotos/servicos/441/foto_1.jpg,Depois,2026-09-22
549,443,/fotos/servicos/443/foto_1.jpg,Ambiente geral,2026-06-12
550,444,/fotos/servicos/444/foto_1.jpg,Detalhe do acabamento,2026-09-16
551,444,/fotos/servicos/444/foto_2.jpg,,2026-09-16
552,444,/fotos/servicos/444/foto_3.jpg,,2026-09-17
553,445,/fotos/servicos/445/foto_1.jpg,Detalhe do acabamento,2026-07-04
554,445,/fotos/servicos/445/foto_2.jpg,,2026-07-05
555,445,/fotos/servicos/445/foto_3.jpg,,2026-07-04
556,447,/fotos/servicos/447/foto_1.jpg,Antes,2025-04-30
557,448,/fotos/servicos/448/foto_1.jpg,Ambiente geral,2025-01-14
558,450,/fotos/servicos/450/foto_1.jpg,,2025-07-05
559,450,/fotos/servicos/450/foto_2.jpg,Antes,2025-07-05
560,451,/fotos/servicos/451/foto_1.jpg,Ambiente geral,2024-08-05
561,451,/fotos/servicos/451/foto_2.jpg,Ambiente geral,2024-08-05
562,451,/fotos/servicos/451/foto_3.jpg,Detalhe do acabamento,2024-08-06
563,452,/fotos/servicos/452/foto_1.jpg,Depois,2026-08-19
564,453,/fotos/servicos/453/foto_1.jpg,Detalhe do acabamento,2024-10-10
565,454,/fotos/servicos/454/foto_1.jpg,Ambiente geral,2026-02-11
566,456,/fotos/servicos/456/foto_1.jpg,Depois,2026-09-22
567,456,/fotos/servicos/456/foto_2.jpg,Ambiente geral,2026-09-22
568,457,/fotos/servicos/457/foto_1.jpg,,2024-02-07
569,457,/fotos/servicos/457/foto_2.jpg,,2024-02-08
570,458,/fotos/servicos/458/foto_1.jpg,,2026-04-17
571,458,/fotos/servicos/458/foto_2.jpg,Ambiente geral,2026-04-13
572,460,/fotos/servicos/460/foto_1.jpg,Antes,2024-10-18
573,461,/fotos/servicos/461/foto_1.jpg,Detalhe do acabamento,2025-07-14
574,462,/fotos/servicos/462/foto_1.jpg,Antes,2024-05-08
575,462,/fotos/servicos/462/foto_2.jpg,Depois,2024-05-10
576,463,/fotos/servicos/463/foto_1.jpg,Antes,2025-03-03
577,463,/fotos/servicos/463/foto_2.jpg,Antes,2025-03-01
578,464,/fotos/servicos/464/foto_1.jpg,Detalhe do acabamento,2026-09-11
579,464,/fotos/servicos/464/foto_2.jpg,Antes,2026-09-13
580,464,/fotos/servicos/464/foto_3.jpg,Detalhe do acabamento,2026-09-09
581,465,/fotos/servicos/465/foto_1.jpg,Ambiente geral,2026-01-16
582,465,/fotos/servicos/465/foto_2.jpg,,2026-01-16
583,465,/fotos/servicos/465/foto_3.jpg,Detalhe do acabamento,2026-01-17
584,466,/fotos/servicos/466/foto_1.jpg,Depois,2026-05-11
585,466,/fotos/servicos/466/foto_2.jpg,Ambiente geral,2026-05-09
586,466,/fotos/servicos/466/foto_3.jpg,,2026-05-08
587,467,/fotos/servicos/467/foto_1.jpg,Depois,2025-08-08
588,467,/fotos/servicos/467/foto_2.jpg,Detalhe do acabamento,2025-08-11
589,468,/fotos/servicos/468/foto_1.jpg,Depois,2026-03-10
590,469,/fotos/servicos/469/foto_1.jpg,Antes,2024-05-07
591,469,/fotos/servicos/469/foto_2.jpg,Detalhe do acabamento,2024-05-08
592,469,/fotos/servicos/469/foto_3.jpg,,2024-05-05
593,470,/fotos/servicos/470/foto_1.jpg,Antes,2026-09-13
594,471,/fotos/servicos/471/foto_1.jpg,Ambiente geral,2025-10-10
595,471,/fotos/servicos/471/foto_2.jpg,Depois,2025-10-11
596,471,/fotos/servicos/471/foto_3.jpg,Depois,2025-10-08
597,472,/fotos/servicos/472/foto_1.jpg,Antes,2024-01-31
598,473,/fotos/servicos/473/foto_1.jpg,,2024-10-05
599,474,/fotos/servicos/474/foto_1.jpg,,2024-07-22
600,475,/fotos/servicos/475/foto_1.jpg,Ambiente geral,2024-10-07
601,476,/fotos/servicos/476/foto_1.jpg,Antes,2024-09-17
602,477,/fotos/servicos/477/foto_1.jpg,Ambiente geral,2025-11-07
603,477,/fotos/servicos/477/foto_2.jpg,Detalhe do acabamento,2025-11-07
604,477,/fotos/servicos/477/foto_3.jpg,Antes,2025-11-07
605,478,/fotos/servicos/478/foto_1.jpg,Detalhe do acabamento,2025-01-31
606,479,/fotos/servicos/479/foto_1.jpg,Depois,2025-03-24
607,479,/fotos/servicos/479/foto_2.jpg,Antes,2025-03-23
608,480,/fotos/servicos/480/foto_1.jpg,Depois,2024-01-26
609,480,/fotos/servicos/480/foto_2.jpg,Ambiente geral,2024-01-22
610,481,/fotos/servicos/481/foto_1.jpg,Detalhe do acabamento,2025-10-23
611,481,/fotos/servicos/481/foto_2.jpg,Ambiente geral,2025-10-22
612,481,/fotos/servicos/481/foto_3.jpg,,2025-10-25
613,483,/fotos/servicos/483/foto_1.jpg,Ambiente geral,2024-08-23
614,484,/fotos/servicos/484/foto_1.jpg,Ambiente geral,2026-08-27
615,486,/fotos/servicos/486/foto_1.jpg,Detalhe do acabamento,2024-09-28
616,487,/fotos/servicos/487/foto_1.jpg,Detalhe do acabamento,2024-08-10
617,487,/fotos/servicos/487/foto_2.jpg,Depois,2024-08-10
618,488,/fotos/servicos/488/foto_1.jpg,Antes,2024-06-08
619,488,/fotos/servicos/488/foto_2.jpg,,2024-06-10
620,489,/fotos/servicos/489/foto_1.jpg,Antes,2024-11-11
621,489,/fotos/servicos/489/foto_2.jpg,Depois,2024-11-13
622,489,/fotos/servicos/489/foto_3.jpg,Depois,2024-11-11
623,490,/fotos/servicos/490/foto_1.jpg,Antes,2025-04-08
624,491,/fotos/servicos/491/foto_1.jpg,Detalhe do acabamento,2025-10-28
625,493,/fotos/servicos/493/foto_1.jpg,Detalhe do acabamento,2025-02-10
626,497,/fotos/servicos/497/foto_1.jpg,Antes,2026-04-05
627,498,/fotos/servicos/498/foto_1.jpg,Detalhe do acabamento,2025-11-13
628,501,/fotos/servicos/501/foto_1.jpg,Detalhe do acabamento,2024-02-12
629,502,/fotos/servicos/502/foto_1.jpg,,2025-12-06
630,503,/fotos/servicos/503/foto_1.jpg,Depois,2024-10-18
631,504,/fotos/servicos/504/foto_1.jpg,Depois,2026-02-26
632,504,/fotos/servicos/504/foto_2.jpg,Antes,2026-03-01
633,505,/fotos/servicos/505/foto_1.jpg,Detalhe do acabamento,2026-04-12
634,505,/fotos/servicos/505/foto_2.jpg,Antes,2026-04-13
635,505,/fotos/servicos/505/foto_3.jpg,Antes,2026-04-15
636,506,/fotos/servicos/506/foto_1.jpg,Antes,2025-12-03
637,506,/fotos/servicos/506/foto_2.jpg,Antes,2025-11-30
638,506,/fotos/servicos/506/foto_3.jpg,Detalhe do acabamento,2025-12-01
639,507,/fotos/servicos/507/foto_1.jpg,,2024-05-22
640,507,/fotos/servicos/507/foto_2.jpg,Depois,2024-05-25
641,509,/fotos/servicos/509/foto_1.jpg,Ambiente geral,2025-11-20
642,510,/fotos/servicos/510/foto_1.jpg,,2025-12-11
643,510,/fotos/servicos/510/foto_2.jpg,Depois,2025-12-09
644,511,/fotos/servicos/511/foto_1.jpg,Ambiente geral,2025-11-26
645,513,/fotos/servicos/513/foto_1.jpg,Depois,2026-04-25
646,513,/fotos/servicos/513/foto_2.jpg,Antes,2026-04-25
647,513,/fotos/servicos/513/foto_3.jpg,Depois,2026-04-25
648,514,/fotos/servicos/514/foto_1.jpg,Depois,2024-07-26
649,515,/fotos/servicos/515/foto_1.jpg,,2024-10-18
650,516,/fotos/servicos/516/foto_1.jpg,Depois,2026-06-23
651,517,/fotos/servicos/517/foto_1.jpg,,2024-12-30
652,517,/fotos/servicos/517/foto_2.jpg,Depois,2024-12-27
653,518,/fotos/servicos/518/foto_1.jpg,,2024-07-03
654,518,/fotos/servicos/518/foto_2.jpg,Ambiente geral,2024-07-06
655,519,/fotos/servicos/519/foto_1.jpg,,2024-01-31
656,520,/fotos/servicos/520/foto_1.jpg,Depois,2025-03-08
657,520,/fotos/servicos/520/foto_2.jpg,Depois,2025-03-08
658,520,/fotos/servicos/520/foto_3.jpg,Depois,2025-03-10
659,521,/fotos/servicos/521/foto_1.jpg,,2025-12-17
660,521,/fotos/servicos/521/foto_2.jpg,Detalhe do acabamento,2025-12-18
661,523,/fotos/servicos/523/foto_1.jpg,,2025-11-29
662,524,/fotos/servicos/524/foto_1.jpg,,2025-03-29
663,526,/fotos/servicos/526/foto_1.jpg,Antes,2024-11-18
664,526,/fotos/servicos/526/foto_2.jpg,,2024-11-16
665,526,/fotos/servicos/526/foto_3.jpg,,2024-11-18
666,527,/fotos/servicos/527/foto_1.jpg,Depois,2025-07-16
667,528,/fotos/servicos/528/foto_1.jpg,Ambiente geral,2024-03-16
668,529,/fotos/servicos/529/foto_1.jpg,,2024-12-24
669,530,/fotos/servicos/530/foto_1.jpg,,2026-01-29
670,531,/fotos/servicos/531/foto_1.jpg,,2026-09-22
671,532,/fotos/servicos/532/foto_1.jpg,Detalhe do acabamento,2026-01-09
672,533,/fotos/servicos/533/foto_1.jpg,Ambiente geral,2025-11-07
673,533,/fotos/servicos/533/foto_2.jpg,Ambiente geral,2025-11-08
674,534,/fotos/servicos/534/foto_1.jpg,,2025-07-22
675,534,/fotos/servicos/534/foto_2.jpg,Ambiente geral,2025-07-20
676,536,/fotos/servicos/536/foto_1.jpg,Ambiente geral,2026-02-21
677,536,/fotos/servicos/536/foto_2.jpg,Antes,2026-02-25
678,538,/fotos/servicos/538/foto_1.jpg,Antes,2026-07-20
679,540,/fotos/servicos/540/foto_1.jpg,Ambiente geral,2025-04-25
680,540,/fotos/servicos/540/foto_2.jpg,Detalhe do acabamento,2025-04-23
681,540,/fotos/servicos/540/foto_3.jpg,Ambiente geral,2025-04-26
682,541,/fotos/servicos/541/foto_1.jpg,Antes,2024-02-11
683,542,/fotos/servicos/542/foto_1.jpg,Ambiente geral,2024-01-14
684,543,/fotos/servicos/543/foto_1.jpg,Ambiente geral,2024-09-24
685,543,/fotos/servicos/543/foto_2.jpg,Detalhe do acabamento,2024-09-23
686,544,/fotos/servicos/544/foto_1.jpg,Depois,2025-06-03
687,544,/fotos/servicos/544/foto_2.jpg,Depois,2025-06-04
688,545,/fotos/servicos/545/foto_1.jpg,,2026-01-08
689,546,/fotos/servicos/546/foto_1.jpg,Detalhe do acabamento,2025-10-21
690,547,/fotos/servicos/547/foto_1.jpg,Ambiente geral,2024-06-15
691,548,/fotos/servicos/548/foto_1.jpg,Ambiente geral,2025-01-23
692,548,/fotos/servicos/548/foto_2.jpg,Detalhe do acabamento,2025-01-24
693,550,/fotos/servicos/550/foto_1.jpg,Depois,2026-07-23
694,550,/fotos/servicos/550/foto_2.jpg,Ambiente geral,2026-07-25
695,552,/fotos/servicos/552/foto_1.jpg,Detalhe do acabamento,2025-11-13
696,552,/fotos/servicos/552/foto_2.jpg,Antes,2025-11-15
697,553,/fotos/servicos/553/foto_1.jpg,Detalhe do acabamento,2024-07-04
698,555,/fotos/servicos/555/foto_1.jpg,Detalhe do acabamento,2025-09-01
699,555,/fotos/servicos/555/foto_2.jpg,Ambiente geral,2025-08-31
700,555,/fotos/servicos/555/foto_3.jpg,Ambiente geral,2025-08-29
701,556,/fotos/servicos/556/foto_1.jpg,Ambiente geral,2025-05-03
702,557,/fotos/servicos/557/foto_1.jpg,,2024-11-26
703,558,/fotos/servicos/558/foto_1.jpg,Antes,2024-11-30
704,558,/fotos/servicos/558/foto_2.jpg,Depois,2024-11-29
705,559,/fotos/servicos/559/foto_1.jpg,Antes,2024-04-11
706,562,/fotos/servicos/562/foto_1.jpg,Ambiente geral,2026-06-08
707,563,/fotos/servicos/563/foto_1.jpg,Depois,2026-01-27
708,566,/fotos/servicos/566/foto_1.jpg,Ambiente geral,2025-03-07
709,567,/fotos/servicos/567/foto_1.jpg,Antes,2025-05-19
710,568,/fotos/servicos/568/foto_1.jpg,Depois,2025-03-14
711,570,/fotos/servicos/570/foto_1.jpg,Detalhe do acabamento,2024-02-27
712,571,/fotos/servicos/571/foto_1.jpg,Detalhe do acabamento,2025-09-24
713,572,/fotos/servicos/572/foto_1.jpg,Depois,2025-06-18
714,572,/fotos/servicos/572/foto_2.jpg,Antes,2025-06-16
715,572,/fotos/servicos/572/foto_3.jpg,Antes,2025-06-19
716,573,/fotos/servicos/573/foto_1.jpg,Detalhe do acabamento,2024-02-07
717,574,/fotos/servicos/574/foto_1.jpg,Antes,2024-10-08
718,575,/fotos/servicos/575/foto_1.jpg,Ambiente geral,2024-01-16
719,576,/fotos/servicos/576/foto_1.jpg,Ambiente geral,2025-04-17
720,576,/fotos/servicos/576/foto_2.jpg,Depois,2025-04-17
721,576,/fotos/servicos/576/foto_3.jpg,Depois,2025-04-17
722,578,/fotos/servicos/578/foto_1.jpg,,2025-01-13
723,580,/fotos/servicos/580/foto_1.jpg,Detalhe do acabamento,2025-09-08
724,580,/fotos/servicos/580/foto_2.jpg,Detalhe do acabamento,2025-09-08
725,581,/fotos/servicos/581/foto_1.jpg,Detalhe do acabamento,2026-05-30
726,581,/fotos/servicos/581/foto_2.jpg,Detalhe do acabamento,2026-06-02
727,584,/fotos/servicos/584/foto_1.jpg,Detalhe do acabamento,2026-01-04
728,585,/fotos/servicos/585/foto_1.jpg,Ambiente geral,2024-11-22
729,585,/fotos/servicos/585/foto_2.jpg,Ambiente geral,2024-11-24
730,585,/fotos/servicos/585/foto_3.jpg,,2024-11-24
731,586,/fotos/servicos/586/foto_1.jpg,Antes,2024-06-10
732,587,/fotos/servicos/587/foto_1.jpg,Detalhe do acabamento,2025-02-19
733,587,/fotos/servicos/587/foto_2.jpg,Detalhe do acabamento,2025-02-16
734,588,/fotos/servicos/588/foto_1.jpg,Antes,2026-02-25
735,590,/fotos/servicos/590/foto_1.jpg,Antes,2025-04-29
736,590,/fotos/servicos/590/foto_2.jpg,,2025-05-02
737,590,/fotos/servicos/590/foto_3.jpg,Antes,2025-04-28
738,591,/fotos/servicos/591/foto_1.jpg,Antes,2024-08-09
739,592,/fotos/servicos/592/foto_1.jpg,,2024-12-24
740,593,/fotos/servicos/593/foto_1.jpg,Detalhe do acabamento,2025-03-30
741,593,/fotos/servicos/593/foto_2.jpg,,2025-03-29
742,594,/fotos/servicos/594/foto_1.jpg,Detalhe do acabamento,2025-05-08
743,594,/fotos/servicos/594/foto_2.jpg,Detalhe do acabamento,2025-05-06
744,594,/fotos/servicos/594/foto_3.jpg,Depois,2025-05-06
745,595,/fotos/servicos/595/foto_1.jpg,Ambiente geral,2025-05-02
746,596,/fotos/servicos/596/foto_1.jpg,Antes,2026-05-16
747,596,/fotos/servicos/596/foto_2.jpg,Ambiente geral,2026-05-18
748,598,/fotos/servicos/598/foto_1.jpg,Antes,2024-09-30
749,598,/fotos/servicos/598/foto_2.jpg,Detalhe do acabamento,2024-10-01
750,599,/fotos/servicos/599/foto_1.jpg,Ambiente geral,2025-04-24
751,599,/fotos/servicos/599/foto_2.jpg,Antes,2025-04-22
752,599,/fotos/servicos/599/foto_3.jpg,,2025-04-26
753,600,/fotos/servicos/600/foto_1.jpg,Detalhe do acabamento,2024-08-13
754,600,/fotos/servicos/600/foto_2.jpg,Antes,2024-08-10
755,601,/fotos/servicos/601/foto_1.jpg,,2025-01-25
756,601,/fotos/servicos/601/foto_2.jpg,Ambiente geral,2025-01-24
757,602,/fotos/servicos/602/foto_1.jpg,Antes,2025-01-01
758,603,/fotos/servicos/603/foto_1.jpg,Ambiente geral,2025-12-23
759,604,/fotos/servicos/604/foto_1.jpg,,2025-04-26
760,604,/fotos/servicos/604/foto_2.jpg,Antes,2025-04-26
761,605,/fotos/servicos/605/foto_1.jpg,Ambiente geral,2024-04-21
762,605,/fotos/servicos/605/foto_2.jpg,Ambiente geral,2024-04-20
763,606,/fotos/servicos/606/foto_1.jpg,Antes,2024-01-27
764,607,/fotos/servicos/607/foto_1.jpg,Ambiente geral,2024-02-13
765,607,/fotos/servicos/607/foto_2.jpg,,2024-02-13
766,608,/fotos/servicos/608/foto_1.jpg,Antes,2024-11-07
767,609,/fotos/servicos/609/foto_1.jpg,Depois,2026-03-23
768,611,/fotos/servicos/611/foto_1.jpg,Ambiente geral,2026-05-04
769,611,/fotos/servicos/611/foto_2.jpg,Antes,2026-05-03
770,612,/fotos/servicos/612/foto_1.jpg,,2025-02-08
771,612,/fotos/servicos/612/foto_2.jpg,Ambiente geral,2025-02-11
772,612,/fotos/servicos/612/foto_3.jpg,Depois,2025-02-08
773,616,/fotos/servicos/616/foto_1.jpg,Antes,2026-02-01
774,616,/fotos/servicos/616/foto_2.jpg,Ambiente geral,2026-01-31
775,617,/fotos/servicos/617/foto_1.jpg,,2026-02-17
776,617,/fotos/servicos/617/foto_2.jpg,Antes,2026-02-20
777,617,/fotos/servicos/617/foto_3.jpg,Ambiente geral,2026-02-18
778,618,/fotos/servicos/618/foto_1.jpg,Detalhe do acabamento,2024-10-16
779,618,/fotos/servicos/618/foto_2.jpg,Detalhe do acabamento,2024-10-18
780,619,/fotos/servicos/619/foto_1.jpg,Depois,2024-10-27
781,619,/fotos/servicos/619/foto_2.jpg,,2024-10-29
782,619,/fotos/servicos/619/foto_3.jpg,Detalhe do acabamento,2024-10-29
783,621,/fotos/servicos/621/foto_1.jpg,Depois,2024-02-10
784,621,/fotos/servicos/621/foto_2.jpg,Ambiente geral,2024-02-13
785,622,/fotos/servicos/622/foto_1.jpg,,2024-09-20
786,622,/fotos/servicos/622/foto_2.jpg,Ambiente geral,2024-09-23
787,622,/fotos/servicos/622/foto_3.jpg,Ambiente geral,2024-09-22
788,623,/fotos/servicos/623/foto_1.jpg,Depois,2026-03-29
789,624,/fotos/servicos/624/foto_1.jpg,Antes,2024-10-07
790,626,/fotos/servicos/626/foto_1.jpg,Detalhe do acabamento,2024-12-23
791,627,/fotos/servicos/627/foto_1.jpg,,2025-10-09
792,628,/fotos/servicos/628/foto_1.jpg,Depois,2024-12-28
793,628,/fotos/servicos/628/foto_2.jpg,Ambiente geral,2024-12-26
794,628,/fotos/servicos/628/foto_3.jpg,,2024-12-30
795,629,/fotos/servicos/629/foto_1.jpg,Antes,2024-08-15
796,629,/fotos/servicos/629/foto_2.jpg,,2024-08-15
797,629,/fotos/servicos/629/foto_3.jpg,Antes,2024-08-13
798,631,/fotos/servicos/631/foto_1.jpg,,2024-06-11
799,634,/fotos/servicos/634/foto_1.jpg,Depois,2026-06-15
800,634,/fotos/servicos/634/foto_2.jpg,Depois,2026-06-18
801,634,/fotos/servicos/634/foto_3.jpg,,2026-06-14
802,635,/fotos/servicos/635/foto_1.jpg,Antes,2024-09-08
803,635,/fotos/servicos/635/foto_2.jpg,Antes,2024-09-08
804,637,/fotos/servicos/637/foto_1.jpg,Ambiente geral,2025-07-02
805,638,/fotos/servicos/638/foto_1.jpg,Depois,2025-10-31
806,639,/fotos/servicos/639/foto_1.jpg,Detalhe do acabamento,2024-09-09
807,640,/fotos/servicos/640/foto_1.jpg,Antes,2025-04-07
808,640,/fotos/servicos/640/foto_2.jpg,Antes,2025-04-10
809,641,/fotos/servicos/641/foto_1.jpg,Ambiente geral,2024-06-12
810,641,/fotos/servicos/641/foto_2.jpg,Detalhe do acabamento,2024-06-12
811,644,/fotos/servicos/644/foto_1.jpg,Antes,2024-10-12
812,645,/fotos/servicos/645/foto_1.jpg,Depois,2024-08-23
813,645,/fotos/servicos/645/foto_2.jpg,Antes,2024-08-21
814,646,/fotos/servicos/646/foto_1.jpg,Detalhe do acabamento,2026-03-28
815,647,/fotos/servicos/647/foto_1.jpg,Antes,2025-09-19
816,648,/fotos/servicos/648/foto_1.jpg,,2024-04-10
817,649,/fotos/servicos/649/foto_1.jpg,,2025-08-07
818,649,/fotos/servicos/649/foto_2.jpg,Detalhe do acabamento,2025-08-09
819,650,/fotos/servicos/650/foto_1.jpg,Ambiente geral,2024-10-07
820,651,/fotos/servicos/651/foto_1.jpg,Detalhe do acabamento,2025-10-03
821,651,/fotos/servicos/651/foto_2.jpg,Detalhe do acabamento,2025-10-04
822,654,/fotos/servicos/654/foto_1.jpg,,2025-05-03
823,655,/fotos/servicos/655/foto_1.jpg,Depois,2024-11-20
824,655,/fotos/servicos/655/foto_2.jpg,Ambiente geral,2024-11-18
825,656,/fotos/servicos/656/foto_1.jpg,Antes,2025-12-26
826,660,/fotos/servicos/660/foto_1.jpg,Antes,2026-02-20
827,660,/fotos/servicos/660/foto_2.jpg,Depois,2026-02-24
828,661,/fotos/servicos/661/foto_1.jpg,Ambiente geral,2024-08-07
829,662,/fotos/servicos/662/foto_1.jpg,Depois,2026-04-09
830,663,/fotos/servicos/663/foto_1.jpg,Detalhe do acabamento,2024-10-19
831,664,/fotos/servicos/664/foto_1.jpg,,2025-09-19
832,665,/fotos/servicos/665/foto_1.jpg,Antes,2024-12-14
833,666,/fotos/servicos/666/foto_1.jpg,,2024-09-25
834,666,/fotos/servicos/666/foto_2.jpg,Antes,2024-09-22
835,668,/fotos/servicos/668/foto_1.jpg,Ambiente geral,2024-08-03
836,671,/fotos/servicos/671/foto_1.jpg,Depois,2024-04-25
837,674,/fotos/servicos/674/foto_1.jpg,,2024-06-29
838,674,/fotos/servicos/674/foto_2.jpg,,2024-06-29
839,675,/fotos/servicos/675/foto_1.jpg,,2024-11-25
840,676,/fotos/servicos/676/foto_1.jpg,Detalhe do acabamento,2024-04-16
841,679,/fotos/servicos/679/foto_1.jpg,Antes,2026-01-01
842,680,/fotos/servicos/680/foto_1.jpg,Ambiente geral,2026-02-08
843,682,/fotos/servicos/682/foto_1.jpg,Depois,2024-12-11
844,683,/fotos/servicos/683/foto_1.jpg,Antes,2024-01-29
845,683,/fotos/servicos/683/foto_2.jpg,Detalhe do acabamento,2024-01-30
846,683,/fotos/servicos/683/foto_3.jpg,Ambiente geral,2024-01-29
847,686,/fotos/servicos/686/foto_1.jpg,Antes,2026-08-14
848,687,/fotos/servicos/687/foto_1.jpg,,2026-07-08
849,688,/fotos/servicos/688/foto_1.jpg,Depois,2024-03-03
850,691,/fotos/servicos/691/foto_1.jpg,Ambiente geral,2026-07-23
851,692,/fotos/servicos/692/foto_1.jpg,Ambiente geral,2024-10-29
852,694,/fotos/servicos/694/foto_1.jpg,Ambiente geral,2026-04-07
853,694,/fotos/servicos/694/foto_2.jpg,,2026-04-09
854,694,/fotos/servicos/694/foto_3.jpg,Antes,2026-04-06
855,695,/fotos/servicos/695/foto_1.jpg,Ambiente geral,2025-06-15
856,695,/fotos/servicos/695/foto_2.jpg,Depois,2025-06-16
857,696,/fotos/servicos/696/foto_1.jpg,Antes,2025-12-27
858,697,/fotos/servicos/697/foto_1.jpg,Ambiente geral,2025-03-22
859,697,/fotos/servicos/697/foto_2.jpg,Detalhe do acabamento,2025-03-18
860,697,/fotos/servicos/697/foto_3.jpg,,2025-03-21
861,698,/fotos/servicos/698/foto_1.jpg,,2026-04-18
862,698,/fotos/servicos/698/foto_2.jpg,Antes,2026-04-22
863,698,/fotos/servicos/698/foto_3.jpg,,2026-04-19
864,700,/fotos/servicos/700/foto_1.jpg,,2024-11-22
865,700,/fotos/servicos/700/foto_2.jpg,Detalhe do acabamento,2024-11-24
866,700,/fotos/servicos/700/foto_3.jpg,,2024-11-21
867,701,/fotos/servicos/701/foto_1.jpg,Detalhe do acabamento,2026-04-07
868,701,/fotos/servicos/701/foto_2.jpg,,2026-04-05
869,702,/fotos/servicos/702/foto_1.jpg,,2025-02-14
870,704,/fotos/servicos/704/foto_1.jpg,Depois,2024-01-31
871,705,/fotos/servicos/705/foto_1.jpg,Ambiente geral,2025-03-28
872,705,/fotos/servicos/705/foto_2.jpg,Antes,2025-03-26
873,705,/fotos/servicos/705/foto_3.jpg,Detalhe do acabamento,2025-03-29
874,706,/fotos/servicos/706/foto_1.jpg,Ambiente geral,2026-04-05
875,708,/fotos/servicos/708/foto_1.jpg,Ambiente geral,2025-07-25
876,708,/fotos/servicos/708/foto_2.jpg,Ambiente geral,2025-07-25
877,708,/fotos/servicos/708/foto_3.jpg,Ambiente geral,2025-07-23
878,709,/fotos/servicos/709/foto_1.jpg,Detalhe do acabamento,2026-07-07
879,711,/fotos/servicos/711/foto_1.jpg,,2025-11-29
880,712,/fotos/servicos/712/foto_1.jpg,Antes,2024-09-11
881,712,/fotos/servicos/712/foto_2.jpg,Depois,2024-09-15
882,713,/fotos/servicos/713/foto_1.jpg,Ambiente geral,2025-01-31
883,714,/fotos/servicos/714/foto_1.jpg,,2024-08-23
884,714,/fotos/servicos/714/foto_2.jpg,Ambiente geral,2024-08-22
885,715,/fotos/servicos/715/foto_1.jpg,,2024-06-24
886,717,/fotos/servicos/717/foto_1.jpg,Depois,2024-06-05
887,718,/fotos/servicos/718/foto_1.jpg,,2024-06-22
888,719,/fotos/servicos/719/foto_1.jpg,Depois,2024-03-10
889,719,/fotos/servicos/719/foto_2.jpg,Depois,2024-03-08
890,720,/fotos/servicos/720/foto_1.jpg,Detalhe do acabamento,2026-05-12
891,721,/fotos/servicos/721/foto_1.jpg,,2024-05-20
892,721,/fotos/servicos/721/foto_2.jpg,,2024-05-19
893,722,/fotos/servicos/722/foto_1.jpg,Ambiente geral,2025-05-28
894,722,/fotos/servicos/722/foto_2.jpg,Antes,2025-05-26
895,723,/fotos/servicos/723/foto_1.jpg,,2024-11-19
896,724,/fotos/servicos/724/foto_1.jpg,Ambiente geral,2025-01-15
897,724,/fotos/servicos/724/foto_2.jpg,Detalhe do acabamento,2025-01-17
898,724,/fotos/servicos/724/foto_3.jpg,Antes,2025-01-14
899,725,/fotos/servicos/725/foto_1.jpg,Detalhe do acabamento,2024-02-19
900,725,/fotos/servicos/725/foto_2.jpg,Depois,2024-02-18
901,726,/fotos/servicos/726/foto_1.jpg,Antes,2026-05-09
902,727,/fotos/servicos/727/foto_1.jpg,Detalhe do acabamento,2026-07-27
903,727,/fotos/servicos/727/foto_2.jpg,,2026-07-24
904,727,/fotos/servicos/727/foto_3.jpg,Ambiente geral,2026-07-27
905,728,/fotos/servicos/728/foto_1.jpg,Antes,2026-02-24
906,729,/fotos/servicos/729/foto_1.jpg,Depois,2026-08-14
907,732,/fotos/servicos/732/foto_1.jpg,Detalhe do acabamento,2026-08-31
908,732,/fotos/servicos/732/foto_2.jpg,Ambiente geral,2026-09-04
909,732,/fotos/servicos/732/foto_3.jpg,Depois,2026-09-01
910,733,/fotos/servicos/733/foto_1.jpg,Detalhe do acabamento,2024-12-13
911,734,/fotos/servicos/734/foto_1.jpg,Detalhe do acabamento,2024-03-08
912,734,/fotos/servicos/734/foto_2.jpg,Depois,2024-03-11
913,734,/fotos/servicos/734/foto_3.jpg,Ambiente geral,2024-03-10
914,735,/fotos/servicos/735/foto_1.jpg,Detalhe do acabamento,2024-03-04
915,736,/fotos/servicos/736/foto_1.jpg,,2025-01-30
916,736,/fotos/servicos/736/foto_2.jpg,Detalhe do acabamento,2025-01-30
917,739,/fotos/servicos/739/foto_1.jpg,Depois,2025-02-03
918,740,/fotos/servicos/740/foto_1.jpg,Ambiente geral,2025-09-29
919,741,/fotos/servicos/741/foto_1.jpg,Detalhe do acabamento,2026-06-09
920,741,/fotos/servicos/741/foto_2.jpg,Detalhe do acabamento,2026-06-11
921,742,/fotos/servicos/742/foto_1.jpg,Depois,2025-08-06
922,742,/fotos/servicos/742/foto_2.jpg,Depois,2025-08-08
923,742,/fotos/servicos/742/foto_3.jpg,Antes,2025-08-07
924,743,/fotos/servicos/743/foto_1.jpg,Ambiente geral,2026-01-28
925,744,/fotos/servicos/744/foto_1.jpg,Antes,2026-05-24
926,745,/fotos/servicos/745/foto_1.jpg,Detalhe do acabamento,2025-12-24
927,745,/fotos/servicos/745/foto_2.jpg,,2025-12-25
928,747,/fotos/servicos/747/foto_1.jpg,Detalhe do acabamento,2024-06-27
929,748,/fotos/servicos/748/foto_1.jpg,,2026-06-26
930,748,/fotos/servicos/748/foto_2.jpg,Antes,2026-06-27
931,749,/fotos/servicos/749/foto_1.jpg,Detalhe do acabamento,2026-09-22
932,750,/fotos/servicos/750/foto_1.jpg,,2025-06-10
933,750,/fotos/servicos/750/foto_2.jpg,Antes,2025-06-10
934,751,/fotos/servicos/751/foto_1.jpg,,2024-10-08
935,751,/fotos/servicos/751/foto_2.jpg,Antes,2024-10-07
936,752,/fotos/servicos/752/foto_1.jpg,Detalhe do acabamento,2024-07-26
937,753,/fotos/servicos/753/foto_1.jpg,Ambiente geral,2026-01-09
938,753,/fotos/servicos/753/foto_2.jpg,Detalhe do acabamento,2026-01-10
939,754,/fotos/servicos/754/foto_1.jpg,,2024-05-14
940,755,/fotos/servicos/755/foto_1.jpg,Detalhe do acabamento,2025-09-27
941,755,/fotos/servicos/755/foto_2.jpg,,2025-09-24
942,755,/fotos/servicos/755/foto_3.jpg,Antes,2025-09-28
943,756,/fotos/servicos/756/foto_1.jpg,Detalhe do acabamento,2024-07-12
944,757,/fotos/servicos/757/foto_1.jpg,Detalhe do acabamento,2025-05-24
945,759,/fotos/servicos/759/foto_1.jpg,Detalhe do acabamento,2026-09-22
946,759,/fotos/servicos/759/foto_2.jpg,Depois,2026-09-22
947,759,/fotos/servicos/759/foto_3.jpg,Antes,2026-09-22
948,760,/fotos/servicos/760/foto_1.jpg,Depois,2025-05-24
949,761,/fotos/servicos/761/foto_1.jpg,,2025-09-13
950,761,/fotos/servicos/761/foto_2.jpg,,2025-09-14
951,762,/fotos/servicos/762/foto_1.jpg,Detalhe do acabamento,2024-07-16
952,763,/fotos/servicos/763/foto_1.jpg,Ambiente geral,2024-05-25
953,765,/fotos/servicos/765/foto_1.jpg,Depois,2024-07-15
954,765,/fotos/servicos/765/foto_2.jpg,Depois,2024-07-15
955,766,/fotos/servicos/766/foto_1.jpg,Ambiente geral,2024-05-27
956,768,/fotos/servicos/768/foto_1.jpg,Depois,2026-07-21
957,768,/fotos/servicos/768/foto_2.jpg,,2026-07-20
958,768,/fotos/servicos/768/foto_3.jpg,,2026-07-22
959,769,/fotos/servicos/769/foto_1.jpg,Depois,2026-07-25
960,770,/fotos/servicos/770/foto_1.jpg,Detalhe do acabamento,2025-06-26
961,771,/fotos/servicos/771/foto_1.jpg,Antes,2024-08-16
962,771,/fotos/servicos/771/foto_2.jpg,Antes,2024-08-16
963,772,/fotos/servicos/772/foto_1.jpg,Ambiente geral,2026-09-10
964,772,/fotos/servicos/772/foto_2.jpg,Detalhe do acabamento,2026-09-08
965,773,/fotos/servicos/773/foto_1.jpg,Detalhe do acabamento,2024-09-24
966,774,/fotos/servicos/774/foto_1.jpg,Detalhe do acabamento,2026-02-16
967,774,/fotos/servicos/774/foto_2.jpg,Ambiente geral,2026-02-17
968,775,/fotos/servicos/775/foto_1.jpg,Antes,2025-01-14
969,776,/fotos/servicos/776/foto_1.jpg,Detalhe do acabamento,2025-08-05
970,778,/fotos/servicos/778/foto_1.jpg,Ambiente geral,2024-06-13
971,778,/fotos/servicos/778/foto_2.jpg,,2024-06-12
972,778,/fotos/servicos/778/foto_3.jpg,Depois,2024-06-13
973,780,/fotos/servicos/780/foto_1.jpg,Detalhe do acabamento,2024-08-03
974,781,/fotos/servicos/781/foto_1.jpg,Detalhe do acabamento,2024-10-19
975,782,/fotos/servicos/782/foto_1.jpg,Detalhe do acabamento,2025-04-04
976,782,/fotos/servicos/782/foto_2.jpg,Antes,2025-04-05
977,783,/fotos/servicos/783/foto_1.jpg,,2025-11-22
978,784,/fotos/servicos/784/foto_1.jpg,Depois,2026-04-29
979,785,/fotos/servicos/785/foto_1.jpg,Ambiente geral,2026-03-27
980,789,/fotos/servicos/789/foto_1.jpg,Antes,2025-02-14
981,789,/fotos/servicos/789/foto_2.jpg,Ambiente geral,2025-02-13
982,790,/fotos/servicos/790/foto_1.jpg,Detalhe do acabamento,2026-01-07
983,790,/fotos/servicos/790/foto_2.jpg,,2026-01-06
984,791,/fotos/servicos/791/foto_1.jpg,Antes,2026-05-29
985,792,/fotos/servicos/792/foto_1.jpg,Detalhe do acabamento,2025-01-19
986,793,/fotos/servicos/793/foto_1.jpg,Ambiente geral,2025-11-19
987,795,/fotos/servicos/795/foto_1.jpg,Antes,2026-04-15
988,796,/fotos/servicos/796/foto_1.jpg,Antes,2024-06-17
989,796,/fotos/servicos/796/foto_2.jpg,Ambiente geral,2024-06-17
990,798,/fotos/servicos/798/foto_1.jpg,,2026-04-01
991,798,/fotos/servicos/798/foto_2.jpg,Ambiente geral,2026-03-30
992,798,/fotos/servicos/798/foto_3.jpg,Ambiente geral,2026-04-03
993,799,/fotos/servicos/799/foto_1.jpg,Detalhe do acabamento,2024-02-05
994,800,/fotos/servicos/800/foto_1.jpg,Antes,2024-12-18
995,801,/fotos/servicos/801/foto_1.jpg,,2024-09-19
996,803,/fotos/servicos/803/foto_1.jpg,Detalhe do acabamento,2025-04-26
997,804,/fotos/servicos/804/foto_1.jpg,Depois,2025-04-03
998,804,/fotos/servicos/804/foto_2.jpg,Detalhe do acabamento,2025-04-02
999,804,/fotos/servicos/804/foto_3.jpg,,2025-04-04
1000,805,/fotos/servicos/805/foto_1.jpg,Depois,2025-04-10
1001,805,/fotos/servicos/805/foto_2.jpg,,2025-04-08
1002,806,/fotos/servicos/806/foto_1.jpg,Depois,2026-02-01
1003,807,/fotos/servicos/807/foto_1.jpg,Depois,2026-07-22
1004,808,/fotos/servicos/808/foto_1.jpg,Antes,2025-10-13
1005,810,/fotos/servicos/810/foto_1.jpg,,2025-03-01
1006,810,/fotos/servicos/810/foto_2.jpg,Ambiente geral,2025-02-28
1007,811,/fotos/servicos/811/foto_1.jpg,Detalhe do acabamento,2025-08-23
1008,811,/fotos/servicos/811/foto_2.jpg,,2025-08-25
1009,812,/fotos/servicos/812/foto_1.jpg,Detalhe do acabamento,2025-07-20
1010,812,/fotos/servicos/812/foto_2.jpg,Antes,2025-07-24
1011,812,/fotos/servicos/812/foto_3.jpg,Antes,2025-07-21
1012,814,/fotos/servicos/814/foto_1.jpg,Ambiente geral,2026-08-13
1013,815,/fotos/servicos/815/foto_1.jpg,Ambiente geral,2025-09-06
1014,815,/fotos/servicos/815/foto_2.jpg,,2025-09-05
1015,816,/fotos/servicos/816/foto_1.jpg,Ambiente geral,2024-10-15
1016,816,/fotos/servicos/816/foto_2.jpg,Ambiente geral,2024-10-15
1017,816,/fotos/servicos/816/foto_3.jpg,Detalhe do acabamento,2024-10-18
1018,817,/fotos/servicos/817/foto_1.jpg,,2025-12-13
1019,817,/fotos/servicos/817/foto_2.jpg,Ambiente geral,2025-12-16
1020,817,/fotos/servicos/817/foto_3.jpg,,2025-12-15
1021,819,/fotos/servicos/819/foto_1.jpg,Depois,2025-11-24
1022,819,/fotos/servicos/819/foto_2.jpg,Detalhe do acabamento,2025-11-23
1023,820,/fotos/servicos/820/foto_1.jpg,Ambiente geral,2024-11-25
1024,823,/fotos/servicos/823/foto_1.jpg,Depois,2025-10-09
1025,823,/fotos/servicos/823/foto_2.jpg,,2025-10-07
1026,824,/fotos/servicos/824/foto_1.jpg,Ambiente geral,2025-07-04
1027,825,/fotos/servicos/825/foto_1.jpg,Ambiente geral,2024-09-05
1028,825,/fotos/servicos/825/foto_2.jpg,Depois,2024-09-05
1029,827,/fotos/servicos/827/foto_1.jpg,Detalhe do acabamento,2024-09-06
1030,827,/fotos/servicos/827/foto_2.jpg,Antes,2024-09-06
1031,830,/fotos/servicos/830/foto_1.jpg,Antes,2026-03-19
1032,830,/fotos/servicos/830/foto_2.jpg,Ambiente geral,2026-03-18
1033,831,/fotos/servicos/831/foto_1.jpg,Detalhe do acabamento,2025-10-22
1034,833,/fotos/servicos/833/foto_1.jpg,Antes,2026-02-21
1035,833,/fotos/servicos/833/foto_2.jpg,Depois,2026-02-21
1036,833,/fotos/servicos/833/foto_3.jpg,Ambiente geral,2026-02-20
1037,834,/fotos/servicos/834/foto_1.jpg,Detalhe do acabamento,2026-07-30
1038,834,/fotos/servicos/834/foto_2.jpg,Antes,2026-07-29
1039,834,/fotos/servicos/834/foto_3.jpg,Ambiente geral,2026-07-28
1040,835,/fotos/servicos/835/foto_1.jpg,Detalhe do acabamento,2024-06-20
1041,836,/fotos/servicos/836/foto_1.jpg,Detalhe do acabamento,2024-06-06
1042,837,/fotos/servicos/837/foto_1.jpg,Antes,2025-04-25
1043,838,/fotos/servicos/838/foto_1.jpg,Ambiente geral,2024-02-14
1044,841,/fotos/servicos/841/foto_1.jpg,Detalhe do acabamento,2026-09-22
1045,841,/fotos/servicos/841/foto_2.jpg,Ambiente geral,2026-09-22
1046,841,/fotos/servicos/841/foto_3.jpg,Ambiente geral,2026-09-22
1047,844,/fotos/servicos/844/foto_1.jpg,,2025-06-02
1048,844,/fotos/servicos/844/foto_2.jpg,Ambiente geral,2025-06-03
1049,845,/fotos/servicos/845/foto_1.jpg,Antes,2025-09-30
1050,845,/fotos/servicos/845/foto_2.jpg,Ambiente geral,2025-10-01
1051,846,/fotos/servicos/846/foto_1.jpg,Ambiente geral,2024-03-09
1052,846,/fotos/servicos/846/foto_2.jpg,Antes,2024-03-10
1053,847,/fotos/servicos/847/foto_1.jpg,,2025-02-01
1054,848,/fotos/servicos/848/foto_1.jpg,Detalhe do acabamento,2024-08-03
1055,850,/fotos/servicos/850/foto_1.jpg,Depois,2025-11-29
1056,850,/fotos/servicos/850/foto_2.jpg,Ambiente geral,2025-11-30
1057,851,/fotos/servicos/851/foto_1.jpg,Detalhe do acabamento,2026-01-14
1058,851,/fotos/servicos/851/foto_2.jpg,Ambiente geral,2026-01-15
1059,852,/fotos/servicos/852/foto_1.jpg,Antes,2025-12-19
1060,853,/fotos/servicos/853/foto_1.jpg,,2024-02-29
1061,854,/fotos/servicos/854/foto_1.jpg,,2025-02-11
1062,856,/fotos/servicos/856/foto_1.jpg,Antes,2026-05-16
1063,856,/fotos/servicos/856/foto_2.jpg,Detalhe do acabamento,2026-05-14
1064,859,/fotos/servicos/859/foto_1.jpg,Antes,2026-04-09
1065,859,/fotos/servicos/859/foto_2.jpg,Antes,2026-04-13
1066,860,/fotos/servicos/860/foto_1.jpg,Antes,2024-06-11
1067,864,/fotos/servicos/864/foto_1.jpg,Depois,2024-05-25
1068,867,/fotos/servicos/867/foto_1.jpg,Depois,2025-10-06
1069,867,/fotos/servicos/867/foto_2.jpg,Antes,2025-10-07
1070,867,/fotos/servicos/867/foto_3.jpg,Depois,2025-10-05
1071,871,/fotos/servicos/871/foto_1.jpg,,2025-03-17
1072,871,/fotos/servicos/871/foto_2.jpg,Depois,2025-03-15
1073,873,/fotos/servicos/873/foto_1.jpg,,2026-03-10
1074,873,/fotos/servicos/873/foto_2.jpg,,2026-03-09
1075,873,/fotos/servicos/873/foto_3.jpg,Depois,2026-03-10
1076,874,/fotos/servicos/874/foto_1.jpg,Antes,2024-10-11
1077,874,/fotos/servicos/874/foto_2.jpg,Detalhe do acabamento,2024-10-14
1078,875,/fotos/servicos/875/foto_1.jpg,Antes,2026-02-25
1079,875,/fotos/servicos/875/foto_2.jpg,Detalhe do acabamento,2026-02-26
1080,875,/fotos/servicos/875/foto_3.jpg,Detalhe do acabamento,2026-02-25
1081,876,/fotos/servicos/876/foto_1.jpg,Antes,2026-02-15
1082,878,/fotos/servicos/878/foto_1.jpg,Antes,2024-01-18
1083,879,/fotos/servicos/879/foto_1.jpg,Antes,2026-02-24
1084,879,/fotos/servicos/879/foto_2.jpg,Detalhe do acabamento,2026-02-27
1085,881,/fotos/servicos/881/foto_1.jpg,Antes,2025-05-29
1086,881,/fotos/servicos/881/foto_2.jpg,Detalhe do acabamento,2025-05-26
1087,882,/fotos/servicos/882/foto_1.jpg,Antes,2024-04-10
1088,882,/fotos/servicos/882/foto_2.jpg,Ambiente geral,2024-04-10
1089,882,/fotos/servicos/882/foto_3.jpg,Ambiente geral,2024-04-07
1090,883,/fotos/servicos/883/foto_1.jpg,Ambiente geral,2025-07-10
1091,885,/fotos/servicos/885/foto_1.jpg,Detalhe do acabamento,2026-04-09
1092,886,/fotos/servicos/886/foto_1.jpg,Detalhe do acabamento,2026-04-11
1093,886,/fotos/servicos/886/foto_2.jpg,Ambiente geral,2026-04-11
1094,887,/fotos/servicos/887/foto_1.jpg,,2026-01-21
1095,887,/fotos/servicos/887/foto_2.jpg,Depois,2026-01-19
1096,887,/fotos/servicos/887/foto_3.jpg,Ambiente geral,2026-01-18
1097,888,/fotos/servicos/888/foto_1.jpg,Ambiente geral,2025-03-01
1098,889,/fotos/servicos/889/foto_1.jpg,Ambiente geral,2024-05-14
1099,890,/fotos/servicos/890/foto_1.jpg,Detalhe do acabamento,2026-09-22
1100,891,/fotos/servicos/891/foto_1.jpg,Ambiente geral,2024-05-10
1101,892,/fotos/servicos/892/foto_1.jpg,Antes,2025-11-10
1102,892,/fotos/servicos/892/foto_2.jpg,Depois,2025-11-12
1103,894,/fotos/servicos/894/foto_1.jpg,Ambiente geral,2024-07-27
1104,895,/fotos/servicos/895/foto_1.jpg,Detalhe do acabamento,2026-09-01
1105,895,/fotos/servicos/895/foto_2.jpg,Antes,2026-08-31
1106,895,/fotos/servicos/895/foto_3.jpg,Detalhe do acabamento,2026-08-29
1107,896,/fotos/servicos/896/foto_1.jpg,,2025-02-17
1108,896,/fotos/servicos/896/foto_2.jpg,Ambiente geral,2025-02-19
1109,896,/fotos/servicos/896/foto_3.jpg,Antes,2025-02-18
1110,898,/fotos/servicos/898/foto_1.jpg,Depois,2024-07-12
1111,898,/fotos/servicos/898/foto_2.jpg,Antes,2024-07-13
1112,898,/fotos/servicos/898/foto_3.jpg,,2024-07-13
1113,899,/fotos/servicos/899/foto_1.jpg,,2024-04-10
1114,899,/fotos/servicos/899/foto_2.jpg,Ambiente geral,2024-04-10
1115,900,/fotos/servicos/900/foto_1.jpg,Antes,2024-01-17
1116,902,/fotos/servicos/902/foto_1.jpg,Detalhe do acabamento,2026-08-06
1117,903,/fotos/servicos/903/foto_1.jpg,Detalhe do acabamento,2025-12-16
1118,903,/fotos/servicos/903/foto_2.jpg,Depois,2025-12-16
1119,904,/fotos/servicos/904/foto_1.jpg,Depois,2024-12-24
1120,904,/fotos/servicos/904/foto_2.jpg,,2024-12-26
1121,904,/fotos/servicos/904/foto_3.jpg,Detalhe do acabamento,2024-12-24
1122,905,/fotos/servicos/905/foto_1.jpg,Depois,2026-01-25
1123,906,/fotos/servicos/906/foto_1.jpg,Ambiente geral,2025-10-06
1124,906,/fotos/servicos/906/foto_2.jpg,Detalhe do acabamento,2025-10-08
1125,907,/fotos/servicos/907/foto_1.jpg,Ambiente geral,2025-12-04
1126,908,/fotos/servicos/908/foto_1.jpg,Ambiente geral,2025-11-25
1127,908,/fotos/servicos/908/foto_2.jpg,Depois,2025-11-24
1128,910,/fotos/servicos/910/foto_1.jpg,Ambiente geral,2026-08-11
1129,910,/fotos/servicos/910/foto_2.jpg,Ambiente geral,2026-08-10
1130,911,/fotos/servicos/911/foto_1.jpg,Depois,2025-12-30
1131,912,/fotos/servicos/912/foto_1.jpg,Depois,2024-03-29
1132,912,/fotos/servicos/912/foto_2.jpg,Depois,2024-03-29
1133,912,/fotos/servicos/912/foto_3.jpg,Ambiente geral,2024-03-29
1134,913,/fotos/servicos/913/foto_1.jpg,Antes,2024-04-04
1135,913,/fotos/servicos/913/foto_2.jpg,Antes,2024-04-01
1136,913,/fotos/servicos/913/foto_3.jpg,Depois,2024-04-04
1137,914,/fotos/servicos/914/foto_1.jpg,,2025-12-12
1138,915,/fotos/servicos/915/foto_1.jpg,Ambiente geral,2026-07-04
1139,917,/fotos/servicos/917/foto_1.jpg,Depois,2025-09-29
1140,919,/fotos/servicos/919/foto_1.jpg,,2024-02-21
1141,919,/fotos/servicos/919/foto_2.jpg,Depois,2024-02-24
1142,919,/fotos/servicos/919/foto_3.jpg,Detalhe do acabamento,2024-02-22
1143,920,/fotos/servicos/920/foto_1.jpg,Ambiente geral,2025-09-20
1144,920,/fotos/servicos/920/foto_2.jpg,Detalhe do acabamento,2025-09-24
1145,920,/fotos/servicos/920/foto_3.jpg,Antes,2025-09-21
1146,921,/fotos/servicos/921/foto_1.jpg,Depois,2024-02-19
1147,922,/fotos/servicos/922/foto_1.jpg,Detalhe do acabamento,2026-09-01
1148,922,/fotos/servicos/922/foto_2.jpg,,2026-08-30
1149,923,/fotos/servicos/923/foto_1.jpg,Depois,2024-05-26
1150,924,/fotos/servicos/924/foto_1.jpg,Ambiente geral,2024-05-13
1151,924,/fotos/servicos/924/foto_2.jpg,Detalhe do acabamento,2024-05-15
1152,924,/fotos/servicos/924/foto_3.jpg,,2024-05-17
1153,925,/fotos/servicos/925/foto_1.jpg,Depois,2024-12-31
1154,925,/fotos/servicos/925/foto_2.jpg,Antes,2024-12-29
1155,926,/fotos/servicos/926/foto_1.jpg,Antes,2026-07-26
1156,926,/fotos/servicos/926/foto_2.jpg,Depois,2026-07-24
1157,928,/fotos/servicos/928/foto_1.jpg,Detalhe do acabamento,2025-10-16
1158,928,/fotos/servicos/928/foto_2.jpg,Ambiente geral,2025-10-17
1159,930,/fotos/servicos/930/foto_1.jpg,Ambiente geral,2024-04-03
1160,932,/fotos/servicos/932/foto_1.jpg,,2026-04-23
1161,932,/fotos/servicos/932/foto_2.jpg,Antes,2026-04-23
1162,933,/fotos/servicos/933/foto_1.jpg,Depois,2025-05-02
1163,934,/fotos/servicos/934/foto_1.jpg,Ambiente geral,2024-12-20
1164,936,/fotos/servicos/936/foto_1.jpg,,2024-12-11
1165,936,/fotos/servicos/936/foto_2.jpg,Ambiente geral,2024-12-12
1166,938,/fotos/servicos/938/foto_1.jpg,Ambiente geral,2026-08-28
1167,938,/fotos/servicos/938/foto_2.jpg,,2026-08-28
1168,939,/fotos/servicos/939/foto_1.jpg,Ambiente geral,2026-08-24
1169,940,/fotos/servicos/940/foto_1.jpg,Detalhe do acabamento,2025-10-03
1170,940,/fotos/servicos/940/foto_2.jpg,Detalhe do acabamento,2025-10-04
1171,940,/fotos/servicos/940/foto_3.jpg,Detalhe do acabamento,2025-10-07
1172,941,/fotos/servicos/941/foto_1.jpg,Ambiente geral,2026-03-23
1173,942,/fotos/servicos/942/foto_1.jpg,Detalhe do acabamento,2026-09-22
1174,942,/fotos/servicos/942/foto_2.jpg,Detalhe do acabamento,2026-09-22
1175,945,/fotos/servicos/945/foto_1.jpg,,2026-03-17
1176,949,/fotos/servicos/949/foto_1.jpg,,2026-04-19
1177,949,/fotos/servicos/949/foto_2.jpg,Detalhe do acabamento,2026-04-21
1178,950,/fotos/servicos/950/foto_1.jpg,Depois,2026-05-19
1179,951,/fotos/servicos/951/foto_1.jpg,Antes,2024-03-15
1180,951,/fotos/servicos/951/foto_2.jpg,Detalhe do acabamento,2024-03-18
1181,954,/fotos/servicos/954/foto_1.jpg,Antes,2024-07-26
1182,954,/fotos/servicos/954/foto_2.jpg,Detalhe do acabamento,2024-07-25
1183,955,/fotos/servicos/955/foto_1.jpg,Detalhe do acabamento,2025-10-09
1184,956,/fotos/servicos/956/foto_1.jpg,Detalhe do acabamento,2024-02-21
1185,957,/fotos/servicos/957/foto_1.jpg,Ambiente geral,2026-02-24
1186,957,/fotos/servicos/957/foto_2.jpg,Detalhe do acabamento,2026-02-22
1187,958,/fotos/servicos/958/foto_1.jpg,Antes,2024-06-16
1188,960,/fotos/servicos/960/foto_1.jpg,Depois,2026-07-19
1189,960,/fotos/servicos/960/foto_2.jpg,,2026-07-18
1190,961,/fotos/servicos/961/foto_1.jpg,Depois,2025-07-16
1191,961,/fotos/servicos/961/foto_2.jpg,,2025-07-14
1192,962,/fotos/servicos/962/foto_1.jpg,Ambiente geral,2024-05-24
1193,962,/fotos/servicos/962/foto_2.jpg,Antes,2024-05-24
1194,963,/fotos/servicos/963/foto_1.jpg,Depois,2025-07-05
1195,964,/fotos/servicos/964/foto_1.jpg,Detalhe do acabamento,2026-04-27
1196,965,/fotos/servicos/965/foto_1.jpg,Antes,2026-04-26
1197,965,/fotos/servicos/965/foto_2.jpg,Ambiente geral,2026-04-26
1198,967,/fotos/servicos/967/foto_1.jpg,Ambiente geral,2026-04-10
1199,967,/fotos/servicos/967/foto_2.jpg,,2026-04-09
1200,969,/fotos/servicos/969/foto_1.jpg,Detalhe do acabamento,2025-10-29
1201,973,/fotos/servicos/973/foto_1.jpg,Depois,2024-07-04
1202,973,/fotos/servicos/973/foto_2.jpg,Depois,2024-07-03
1203,975,/fotos/servicos/975/foto_1.jpg,,2024-06-08
1204,976,/fotos/servicos/976/foto_1.jpg,,2025-12-02
1205,977,/fotos/servicos/977/foto_1.jpg,Detalhe do acabamento,2025-08-05
1206,980,/fotos/servicos/980/foto_1.jpg,,2024-07-02
1207,981,/fotos/servicos/981/foto_1.jpg,Depois,2024-08-20
1208,983,/fotos/servicos/983/foto_1.jpg,Detalhe do acabamento,2025-08-16
1209,983,/fotos/servicos/983/foto_2.jpg,Detalhe do acabamento,2025-08-13
1210,983,/fotos/servicos/983/foto_3.jpg,Detalhe do acabamento,2025-08-14
1211,984,/fotos/servicos/984/foto_1.jpg,,2026-05-09
1212,984,/fotos/servicos/984/foto_2.jpg,Depois,2026-05-11
1213,985,/fotos/servicos/985/foto_1.jpg,,2025-05-02
1214,986,/fotos/servicos/986/foto_1.jpg,Depois,2024-10-17
1215,987,/fotos/servicos/987/foto_1.jpg,Ambiente geral,2025-09-14
1216,987,/fotos/servicos/987/foto_2.jpg,Ambiente geral,2025-09-12
1217,988,/fotos/servicos/988/foto_1.jpg,Detalhe do acabamento,2025-07-25
1218,988,/fotos/servicos/988/foto_2.jpg,Depois,2025-07-26
1219,989,/fotos/servicos/989/foto_1.jpg,Detalhe do acabamento,2025-12-26
1220,990,/fotos/servicos/990/foto_1.jpg,Depois,2025-09-23
1221,990,/fotos/servicos/990/foto_2.jpg,Ambiente geral,2025-09-24
1222,991,/fotos/servicos/991/foto_1.jpg,Detalhe do acabamento,2024-02-13
1223,992,/fotos/servicos/992/foto_1.jpg,Depois,2026-06-08
1224,992,/fotos/servicos/992/foto_2.jpg,,2026-06-12
1225,994,/fotos/servicos/994/foto_1.jpg,Antes,2024-10-30
1226,995,/fotos/servicos/995/foto_1.jpg,,2026-04-07
1227,997,/fotos/servicos/997/foto_1.jpg,Detalhe do acabamento,2025-05-01
1228,997,/fotos/servicos/997/foto_2.jpg,,2025-04-27
1229,999,/fotos/servicos/999/foto_1.jpg,Ambiente geral,2025-07-19
1230,999,/fotos/servicos/999/foto_2.jpg,Detalhe do acabamento,2025-07-17
1231,1001,/fotos/servicos/1001/foto_1.jpg,Depois,2025-08-23
1232,1002,/fotos/servicos/1002/foto_1.jpg,Depois,2024-11-23
1233,1002,/fotos/servicos/1002/foto_2.jpg,,2024-11-26
1234,1003,/fotos/servicos/1003/foto_1.jpg,Detalhe do acabamento,2024-01-21
1235,1003,/fotos/servicos/1003/foto_2.jpg,Antes,2024-01-21
1236,1004,/fotos/servicos/1004/foto_1.jpg,Antes,2024-07-11
1237,1005,/fotos/servicos/1005/foto_1.jpg,Depois,2026-04-20
1238,1006,/fotos/servicos/1006/foto_1.jpg,Detalhe do acabamento,2024-02-25
1239,1007,/fotos/servicos/1007/foto_1.jpg,,2024-12-26
1240,1007,/fotos/servicos/1007/foto_2.jpg,Antes,2024-12-23
1241,1007,/fotos/servicos/1007/foto_3.jpg,,2024-12-23
1242,1009,/fotos/servicos/1009/foto_1.jpg,,2024-03-11
1243,1010,/fotos/servicos/1010/foto_1.jpg,Detalhe do acabamento,2026-02-09
1244,1010,/fotos/servicos/1010/foto_2.jpg,Depois,2026-02-07
1245,1011,/fotos/servicos/1011/foto_1.jpg,,2024-03-27
1246,1011,/fotos/servicos/1011/foto_2.jpg,Ambiente geral,2024-03-28
1247,1012,/fotos/servicos/1012/foto_1.jpg,Antes,2025-12-21
1248,1012,/fotos/servicos/1012/foto_2.jpg,Depois,2025-12-20
1249,1013,/fotos/servicos/1013/foto_1.jpg,Depois,2024-07-05
1250,1015,/fotos/servicos/1015/foto_1.jpg,Ambiente geral,2026-02-22
1251,1015,/fotos/servicos/1015/foto_2.jpg,Antes,2026-02-23
1252,1017,/fotos/servicos/1017/foto_1.jpg,,2026-04-04
1253,1017,/fotos/servicos/1017/foto_2.jpg,Antes,2026-04-04
1254,1018,/fotos/servicos/1018/foto_1.jpg,Antes,2024-07-17
1255,1018,/fotos/servicos/1018/foto_2.jpg,Detalhe do acabamento,2024-07-16
1256,1018,/fotos/servicos/1018/foto_3.jpg,Ambiente geral,2024-07-15
1257,1019,/fotos/servicos/1019/foto_1.jpg,Detalhe do acabamento,2025-05-10
1258,1021,/fotos/servicos/1021/foto_1.jpg,Antes,2026-06-19
1259,1022,/fotos/servicos/1022/foto_1.jpg,Antes,2025-03-10
1260,1022,/fotos/servicos/1022/foto_2.jpg,Ambiente geral,2025-03-12
1261,1023,/fotos/servicos/1023/foto_1.jpg,,2026-04-11
1262,1023,/fotos/servicos/1023/foto_2.jpg,,2026-04-10
1263,1023,/fotos/servicos/1023/foto_3.jpg,Detalhe do acabamento,2026-04-10
1264,1024,/fotos/servicos/1024/foto_1.jpg,,2024-08-26
1265,1024,/fotos/servicos/1024/foto_2.jpg,Detalhe do acabamento,2024-08-23
1266,1025,/fotos/servicos/1025/foto_1.jpg,Depois,2024-04-23
1267,1026,/fotos/servicos/1026/foto_1.jpg,,2024-08-23
1268,1026,/fotos/servicos/1026/foto_2.jpg,,2024-08-25
1269,1027,/fotos/servicos/1027/foto_1.jpg,Depois,2024-01-27
1270,1028,/fotos/servicos/1028/foto_1.jpg,Depois,2024-12-07
1271,1028,/fotos/servicos/1028/foto_2.jpg,Antes,2024-12-08
1272,1028,/fotos/servicos/1028/foto_3.jpg,Depois,2024-12-10
1273,1029,/fotos/servicos/1029/foto_1.jpg,Depois,2026-09-22
1274,1031,/fotos/servicos/1031/foto_1.jpg,Depois,2024-08-29
1275,1032,/fotos/servicos/1032/foto_1.jpg,Antes,2024-11-22
1276,1032,/fotos/servicos/1032/foto_2.jpg,,2024-11-24
1277,1032,/fotos/servicos/1032/foto_3.jpg,Depois,2024-11-22
1278,1033,/fotos/servicos/1033/foto_1.jpg,Depois,2025-05-19
1279,1033,/fotos/servicos/1033/foto_2.jpg,Detalhe do acabamento,2025-05-20
1280,1035,/fotos/servicos/1035/foto_1.jpg,Depois,2025-06-12
1281,1036,/fotos/servicos/1036/foto_1.jpg,Ambiente geral,2025-11-07
1282,1037,/fotos/servicos/1037/foto_1.jpg,Detalhe do acabamento,2024-01-31
1283,1038,/fotos/servicos/1038/foto_1.jpg,Detalhe do acabamento,2025-04-08
1284,1038,/fotos/servicos/1038/foto_2.jpg,Detalhe do acabamento,2025-04-04
1285,1039,/fotos/servicos/1039/foto_1.jpg,Detalhe do acabamento,2026-04-16
1286,1039,/fotos/servicos/1039/foto_2.jpg,Detalhe do acabamento,2026-04-17
1287,1039,/fotos/servicos/1039/foto_3.jpg,Antes,2026-04-14
1288,1040,/fotos/servicos/1040/foto_1.jpg,Antes,2025-06-11
1289,1042,/fotos/servicos/1042/foto_1.jpg,Ambiente geral,2025-05-26
1290,1042,/fotos/servicos/1042/foto_2.jpg,Antes,2025-05-30
1291,1042,/fotos/servicos/1042/foto_3.jpg,Antes,2025-05-30
1292,1043,/fotos/servicos/1043/foto_1.jpg,Antes,2025-05-05
1293,1043,/fotos/servicos/1043/foto_2.jpg,Depois,2025-05-05
1294,1043,/fotos/servicos/1043/foto_3.jpg,,2025-05-05
1295,1045,/fotos/servicos/1045/foto_1.jpg,Antes,2025-10-21
1296,1045,/fotos/servicos/1045/foto_2.jpg,Ambiente geral,2025-10-20
1297,1046,/fotos/servicos/1046/foto_1.jpg,Antes,2025-09-21
1298,1047,/fotos/servicos/1047/foto_1.jpg,Depois,2026-02-18
1299,1048,/fotos/servicos/1048/foto_1.jpg,Detalhe do acabamento,2024-08-22
1300,1048,/fotos/servicos/1048/foto_2.jpg,Depois,2024-08-24
1301,1050,/fotos/servicos/1050/foto_1.jpg,Depois,2025-02-24
1302,1051,/fotos/servicos/1051/foto_1.jpg,Detalhe do acabamento,2026-07-24
1303,1052,/fotos/servicos/1052/foto_1.jpg,Detalhe do acabamento,2024-10-08
1304,1052,/fotos/servicos/1052/foto_2.jpg,Antes,2024-10-08
1305,1053,/fotos/servicos/1053/foto_1.jpg,Ambiente geral,2026-09-22
1306,1054,/fotos/servicos/1054/foto_1.jpg,Depois,2025-03-01
1307,1056,/fotos/servicos/1056/foto_1.jpg,Detalhe do acabamento,2025-08-29
1308,1056,/fotos/servicos/1056/foto_2.jpg,,2025-08-28
1309,1057,/fotos/servicos/1057/foto_1.jpg,Depois,2024-09-11
1310,1057,/fotos/servicos/1057/foto_2.jpg,Ambiente geral,2024-09-10
1311,1057,/fotos/servicos/1057/foto_3.jpg,,2024-09-09
1312,1059,/fotos/servicos/1059/foto_1.jpg,Antes,2025-11-02
1313,1060,/fotos/servicos/1060/foto_1.jpg,Antes,2026-07-16
1314,1060,/fotos/servicos/1060/foto_2.jpg,Depois,2026-07-13
1315,1060,/fotos/servicos/1060/foto_3.jpg,Depois,2026-07-17
1316,1061,/fotos/servicos/1061/foto_1.jpg,,2026-06-08
1317,1061,/fotos/servicos/1061/foto_2.jpg,,2026-06-04
1318,1062,/fotos/servicos/1062/foto_1.jpg,Antes,2024-05-16
1319,1063,/fotos/servicos/1063/foto_1.jpg,Antes,2025-10-13
1320,1064,/fotos/servicos/1064/foto_1.jpg,Detalhe do acabamento,2026-04-01
1321,1064,/fotos/servicos/1064/foto_2.jpg,,2026-03-28
1322,1065,/fotos/servicos/1065/foto_1.jpg,,2024-04-15
1323,1067,/fotos/servicos/1067/foto_1.jpg,Ambiente geral,2026-03-19
1324,1068,/fotos/servicos/1068/foto_1.jpg,,2024-02-28
1325,1069,/fotos/servicos/1069/foto_1.jpg,,2024-12-25
1326,1071,/fotos/servicos/1071/foto_1.jpg,Depois,2024-07-23
1327,1072,/fotos/servicos/1072/foto_1.jpg,Antes,2025-12-03
1328,1072,/fotos/servicos/1072/foto_2.jpg,Ambiente geral,2025-12-01
1329,1073,/fotos/servicos/1073/foto_1.jpg,Detalhe do acabamento,2024-06-23
1330,1074,/fotos/servicos/1074/foto_1.jpg,Depois,2025-02-04
1331,1075,/fotos/servicos/1075/foto_1.jpg,,2025-10-01
1332,1075,/fotos/servicos/1075/foto_2.jpg,Antes,2025-10-02
1333,1076,/fotos/servicos/1076/foto_1.jpg,,2025-06-05
1334,1076,/fotos/servicos/1076/foto_2.jpg,,2025-06-05
1335,1077,/fotos/servicos/1077/foto_1.jpg,Detalhe do acabamento,2025-07-03
1336,1077,/fotos/servicos/1077/foto_2.jpg,,2025-07-05
1337,1078,/fotos/servicos/1078/foto_1.jpg,Detalhe do acabamento,2024-09-03
1338,1078,/fotos/servicos/1078/foto_2.jpg,Ambiente geral,2024-09-06
1339,1079,/fotos/servicos/1079/foto_1.jpg,Ambiente geral,2025-06-13
1340,1080,/fotos/servicos/1080/foto_1.jpg,Detalhe do acabamento,2024-09-19
1341,1080,/fotos/servicos/1080/foto_2.jpg,,2024-09-16
1342,1081,/fotos/servicos/1081/foto_1.jpg,Antes,2025-08-29
1343,1081,/fotos/servicos/1081/foto_2.jpg,Detalhe do acabamento,2025-09-01
1344,1082,/fotos/servicos/1082/foto_1.jpg,Detalhe do acabamento,2026-06-25
1345,1083,/fotos/servicos/1083/foto_1.jpg,Depois,2024-07-10
1346,1084,/fotos/servicos/1084/foto_1.jpg,Ambiente geral,2025-07-25
1347,1088,/fotos/servicos/1088/foto_1.jpg,Ambiente geral,2025-03-10
1348,1088,/fotos/servicos/1088/foto_2.jpg,Depois,2025-03-10
1349,1088,/fotos/servicos/1088/foto_3.jpg,Ambiente geral,2025-03-09
1350,1089,/fotos/servicos/1089/foto_1.jpg,Antes,2024-11-28
1351,1089,/fotos/servicos/1089/foto_2.jpg,Antes,2024-11-28
1352,1090,/fotos/servicos/1090/foto_1.jpg,Antes,2025-03-08
1353,1090,/fotos/servicos/1090/foto_2.jpg,Depois,2025-03-09
1354,1091,/fotos/servicos/1091/foto_1.jpg,,2025-03-21
1355,1092,/fotos/servicos/1092/foto_1.jpg,Depois,2025-01-06
1356,1093,/fotos/servicos/1093/foto_1.jpg,Detalhe do acabamento,2026-05-21
1357,1094,/fotos/servicos/1094/foto_1.jpg,Detalhe do acabamento,2026-08-14
1358,1096,/fotos/servicos/1096/foto_1.jpg,,2026-08-23
1359,1096,/fotos/servicos/1096/foto_2.jpg,,2026-08-27
1360,1097,/fotos/servicos/1097/foto_1.jpg,Ambiente geral,2025-01-19
1361,1097,/fotos/servicos/1097/foto_2.jpg,Depois,2025-01-19
1362,1098,/fotos/servicos/1098/foto_1.jpg,Ambiente geral,2026-08-20
1363,1098,/fotos/servicos/1098/foto_2.jpg,Ambiente geral,2026-08-18
1364,1099,/fotos/servicos/1099/foto_1.jpg,Depois,2025-06-01
1365,1100,/fotos/servicos/1100/foto_1.jpg,Antes,2026-09-22
1366,1100,/fotos/servicos/1100/foto_2.jpg,Antes,2026-09-22
1367,1100,/fotos/servicos/1100/foto_3.jpg,Antes,2026-09-22
1368,1101,/fotos/servicos/1101/foto_1.jpg,Depois,2024-04-30
1369,1102,/fotos/servicos/1102/foto_1.jpg,Antes,2024-08-21
1370,1102,/fotos/servicos/1102/foto_2.jpg,Detalhe do acabamento,2024-08-23
1371,1104,/fotos/servicos/1104/foto_1.jpg,Detalhe do acabamento,2026-03-30
1372,1104,/fotos/servicos/1104/foto_2.jpg,Ambiente geral,2026-03-29
1373,1105,/fotos/servicos/1105/foto_1.jpg,Ambiente geral,2026-01-24
1374,1106,/fotos/servicos/1106/foto_1.jpg,,2024-12-10
1375,1107,/fotos/servicos/1107/foto_1.jpg,Depois,2024-09-21
1376,1108,/fotos/servicos/1108/foto_1.jpg,Antes,2025-08-28
1377,1114,/fotos/servicos/1114/foto_1.jpg,Depois,2026-07-10
1378,1114,/fotos/servicos/1114/foto_2.jpg,Antes,2026-07-12
1379,1115,/fotos/servicos/1115/foto_1.jpg,Detalhe do acabamento,2026-07-17
1380,1115,/fotos/servicos/1115/foto_2.jpg,,2026-07-17
1381,1116,/fotos/servicos/1116/foto_1.jpg,Antes,2026-02-26
1382,1117,/fotos/servicos/1117/foto_1.jpg,Antes,2026-05-02
1383,1118,/fotos/servicos/1118/foto_1.jpg,Depois,2024-02-03
1384,1118,/fotos/servicos/1118/foto_2.jpg,Depois,2024-02-06
1385,1118,/fotos/servicos/1118/foto_3.jpg,,2024-02-05
1386,1119,/fotos/servicos/1119/foto_1.jpg,,2025-09-25
1387,1119,/fotos/servicos/1119/foto_2.jpg,,2025-09-22
1388,1119,/fotos/servicos/1119/foto_3.jpg,Ambiente geral,2025-09-26
1389,1120,/fotos/servicos/1120/foto_1.jpg,Depois,2024-03-03
1390,1121,/fotos/servicos/1121/foto_1.jpg,Detalhe do acabamento,2025-05-07
1391,1121,/fotos/servicos/1121/foto_2.jpg,Detalhe do acabamento,2025-05-05
1392,1122,/fotos/servicos/1122/foto_1.jpg,,2025-08-19
1393,1124,/fotos/servicos/1124/foto_1.jpg,Antes,2025-10-05
1394,1124,/fotos/servicos/1124/foto_2.jpg,Ambiente geral,2025-10-05
1395,1124,/fotos/servicos/1124/foto_3.jpg,Ambiente geral,2025-10-05
1396,1126,/fotos/servicos/1126/foto_1.jpg,Antes,2026-07-13
1397,1127,/fotos/servicos/1127/foto_1.jpg,Ambiente geral,2026-03-20
1398,1128,/fotos/servicos/1128/foto_1.jpg,Detalhe do acabamento,2024-09-03
1399,1128,/fotos/servicos/1128/foto_2.jpg,,2024-09-03
1400,1129,/fotos/servicos/1129/foto_1.jpg,Antes,2024-01-29
1401,1129,/fotos/servicos/1129/foto_2.jpg,Antes,2024-01-29
1402,1131,/fotos/servicos/1131/foto_1.jpg,,2025-03-20
1403,1131,/fotos/servicos/1131/foto_2.jpg,Antes,2025-03-24
1404,1131,/fotos/servicos/1131/foto_3.jpg,,2025-03-20
1405,1132,/fotos/servicos/1132/foto_1.jpg,Ambiente geral,2024-06-22
1406,1132,/fotos/servicos/1132/foto_2.jpg,Depois,2024-06-24
1407,1133,/fotos/servicos/1133/foto_1.jpg,,2025-09-18
1408,1133,/fotos/servicos/1133/foto_2.jpg,Depois,2025-09-19
1409,1135,/fotos/servicos/1135/foto_1.jpg,Depois,2024-03-31
1410,1136,/fotos/servicos/1136/foto_1.jpg,,2025-09-08
1411,1136,/fotos/servicos/1136/foto_2.jpg,Detalhe do acabamento,2025-09-08
1412,1139,/fotos/servicos/1139/foto_1.jpg,Antes,2025-09-19
1413,1140,/fotos/servicos/1140/foto_1.jpg,Detalhe do acabamento,2026-05-31
1414,1140,/fotos/servicos/1140/foto_2.jpg,Ambiente geral,2026-06-02
1415,1143,/fotos/servicos/1143/foto_1.jpg,Antes,2024-11-08
1416,1145,/fotos/servicos/1145/foto_1.jpg,Ambiente geral,2024-11-02
1417,1146,/fotos/servicos/1146/foto_1.jpg,Antes,2026-05-21
1418,1147,/fotos/servicos/1147/foto_1.jpg,Detalhe do acabamento,2024-11-17
1419,1147,/fotos/servicos/1147/foto_2.jpg,Ambiente geral,2024-11-16
1420,1147,/fotos/servicos/1147/foto_3.jpg,Depois,2024-11-15
1421,1148,/fotos/servicos/1148/foto_1.jpg,,2024-10-18
1422,1148,/fotos/servicos/1148/foto_2.jpg,Antes,2024-10-17
1423,1149,/fotos/servicos/1149/foto_1.jpg,Depois,2025-12-08
1424,1151,/fotos/servicos/1151/foto_1.jpg,,2024-07-27
1425,1151,/fotos/servicos/1151/foto_2.jpg,Ambiente geral,2024-07-27
1426,1153,/fotos/servicos/1153/foto_1.jpg,Depois,2024-12-15
1427,1155,/fotos/servicos/1155/foto_1.jpg,Detalhe do acabamento,2025-08-23
1428,1157,/fotos/servicos/1157/foto_1.jpg,Ambiente geral,2024-05-04
1429,1158,/fotos/servicos/1158/foto_1.jpg,Antes,2026-07-17
1430,1158,/fotos/servicos/1158/foto_2.jpg,Antes,2026-07-20
1431,1160,/fotos/servicos/1160/foto_1.jpg,Antes,2024-01-04
1432,1162,/fotos/servicos/1162/foto_1.jpg,Detalhe do acabamento,2026-05-19
1433,1163,/fotos/servicos/1163/foto_1.jpg,Depois,2024-03-31
1434,1164,/fotos/servicos/1164/foto_1.jpg,Antes,2024-07-11
1435,1167,/fotos/servicos/1167/foto_1.jpg,Ambiente geral,2025-04-19
1436,1167,/fotos/servicos/1167/foto_2.jpg,,2025-04-19
1437,1168,/fotos/servicos/1168/foto_1.jpg,Antes,2024-04-16
1438,1168,/fotos/servicos/1168/foto_2.jpg,Antes,2024-04-15
1439,1169,/fotos/servicos/1169/foto_1.jpg,Antes,2026-03-23
1440,1172,/fotos/servicos/1172/foto_1.jpg,Ambiente geral,2024-02-20
1441,1172,/fotos/servicos/1172/foto_2.jpg,Depois,2024-02-23
1442,1173,/fotos/servicos/1173/foto_1.jpg,,2026-04-29
1443,1174,/fotos/servicos/1174/foto_1.jpg,Ambiente geral,2025-11-07
1444,1175,/fotos/servicos/1175/foto_1.jpg,Ambiente geral,2025-01-05
1445,1177,/fotos/servicos/1177/foto_1.jpg,Antes,2025-05-03
1446,1178,/fotos/servicos/1178/foto_1.jpg,Detalhe do acabamento,2024-06-02
1447,1179,/fotos/servicos/1179/foto_1.jpg,Detalhe do acabamento,2025-05-02
1448,1180,/fotos/servicos/1180/foto_1.jpg,Depois,2026-09-11
1449,1181,/fotos/servicos/1181/foto_1.jpg,Detalhe do acabamento,2026-07-14
1450,1181,/fotos/servicos/1181/foto_2.jpg,Ambiente geral,2026-07-14
1451,1183,/fotos/servicos/1183/foto_1.jpg,Antes,2026-04-02
1452,1184,/fotos/servicos/1184/foto_1.jpg,Depois,2025-08-10
1453,1184,/fotos/servicos/1184/foto_2.jpg,Depois,2025-08-11
1454,1185,/fotos/servicos/1185/foto_1.jpg,Detalhe do acabamento,2024-09-07
1455,1185,/fotos/servicos/1185/foto_2.jpg,,2024-09-11
1456,1185,/fotos/servicos/1185/foto_3.jpg,Depois,2024-09-11
1457,1186,/fotos/servicos/1186/foto_1.jpg,Depois,2026-06-24
1458,1187,/fotos/servicos/1187/foto_1.jpg,Ambiente geral,2024-06-18
1459,1187,/fotos/servicos/1187/foto_2.jpg,Depois,2024-06-17
1460,1190,/fotos/servicos/1190/foto_1.jpg,Detalhe do acabamento,2026-06-22
1461,1190,/fotos/servicos/1190/foto_2.jpg,Ambiente geral,2026-06-25
1462,1190,/fotos/servicos/1190/foto_3.jpg,Depois,2026-06-22
1463,1191,/fotos/servicos/1191/foto_1.jpg,,2025-08-14
1464,1191,/fotos/servicos/1191/foto_2.jpg,Detalhe do acabamento,2025-08-15
1465,1191,/fotos/servicos/1191/foto_3.jpg,,2025-08-13
1466,1192,/fotos/servicos/1192/foto_1.jpg,,2024-03-06
1467,1192,/fotos/servicos/1192/foto_2.jpg,Antes,2024-03-06
1468,1193,/fotos/servicos/1193/foto_1.jpg,Detalhe do acabamento,2024-12-11
1469,1194,/fotos/servicos/1194/foto_1.jpg,,2026-01-13
1470,1194,/fotos/servicos/1194/foto_2.jpg,Ambiente geral,2026-01-13
1471,1194,/fotos/servicos/1194/foto_3.jpg,Ambiente geral,2026-01-10
1472,1196,/fotos/servicos/1196/foto_1.jpg,Depois,2024-08-14
1473,1196,/fotos/servicos/1196/foto_2.jpg,Ambiente geral,2024-08-13
1474,1197,/fotos/servicos/1197/foto_1.jpg,Ambiente geral,2024-02-19
1475,1200,/fotos/servicos/1200/foto_1.jpg,Depois,2025-11-13
1476,1200,/fotos/servicos/1200/foto_2.jpg,Detalhe do acabamento,2025-11-11
1477,1201,/fotos/servicos/1201/foto_1.jpg,,2024-02-22
1478,1202,/fotos/servicos/1202/foto_1.jpg,Detalhe do acabamento,2025-09-30
1479,1203,/fotos/servicos/1203/foto_1.jpg,Detalhe do acabamento,2025-03-29
1480,1203,/fotos/servicos/1203/foto_2.jpg,Antes,2025-03-30
1481,1204,/fotos/servicos/1204/foto_1.jpg,Detalhe do acabamento,2026-02-08
1482,1205,/fotos/servicos/1205/foto_1.jpg,,2024-09-21
1483,1205,/fotos/servicos/1205/foto_2.jpg,Ambiente geral,2024-09-24
1484,1206,/fotos/servicos/1206/foto_1.jpg,Detalhe do acabamento,2026-01-30
1485,1206,/fotos/servicos/1206/foto_2.jpg,Depois,2026-01-31
1486,1207,/fotos/servicos/1207/foto_1.jpg,Detalhe do acabamento,2026-07-27
1487,1207,/fotos/servicos/1207/foto_2.jpg,,2026-07-27
1488,1207,/fotos/servicos/1207/foto_3.jpg,Ambiente geral,2026-07-28
1489,1208,/fotos/servicos/1208/foto_1.jpg,Antes,2026-05-02
1490,1209,/fotos/servicos/1209/foto_1.jpg,Detalhe do acabamento,2024-12-13
1491,1209,/fotos/servicos/1209/foto_2.jpg,Antes,2024-12-16
1492,1210,/fotos/servicos/1210/foto_1.jpg,Depois,2025-06-06
1493,1210,/fotos/servicos/1210/foto_2.jpg,Detalhe do acabamento,2025-06-07
1494,1210,/fotos/servicos/1210/foto_3.jpg,,2025-06-05
1495,1211,/fotos/servicos/1211/foto_1.jpg,Depois,2024-05-02
1496,1213,/fotos/servicos/1213/foto_1.jpg,Depois,2025-12-13
1497,1213,/fotos/servicos/1213/foto_2.jpg,Detalhe do acabamento,2025-12-16
1498,1214,/fotos/servicos/1214/foto_1.jpg,,2024-07-09
1499,1217,/fotos/servicos/1217/foto_1.jpg,Ambiente geral,2026-02-26
1500,1217,/fotos/servicos/1217/foto_2.jpg,Depois,2026-02-24
1501,1217,/fotos/servicos/1217/foto_3.jpg,Antes,2026-02-24
1502,1219,/fotos/servicos/1219/foto_1.jpg,Ambiente geral,2025-07-12
1503,1219,/fotos/servicos/1219/foto_2.jpg,Ambiente geral,2025-07-10
1504,1221,/fotos/servicos/1221/foto_1.jpg,,2024-10-30
1505,1221,/fotos/servicos/1221/foto_2.jpg,Depois,2024-10-31
1506,1222,/fotos/servicos/1222/foto_1.jpg,,2026-01-15
1507,1222,/fotos/servicos/1222/foto_2.jpg,Depois,2026-01-12
1508,1222,/fotos/servicos/1222/foto_3.jpg,Ambiente geral,2026-01-11
1509,1223,/fotos/servicos/1223/foto_1.jpg,Detalhe do acabamento,2024-06-07
1510,1225,/fotos/servicos/1225/foto_1.jpg,Antes,2024-05-17
1511,1225,/fotos/servicos/1225/foto_2.jpg,Depois,2024-05-17
1512,1226,/fotos/servicos/1226/foto_1.jpg,,2024-12-04
1513,1226,/fotos/servicos/1226/foto_2.jpg,Ambiente geral,2024-12-02
1514,1226,/fotos/servicos/1226/foto_3.jpg,Depois,2024-12-05
1515,1227,/fotos/servicos/1227/foto_1.jpg,Antes,2025-11-09
1516,1227,/fotos/servicos/1227/foto_2.jpg,Ambiente geral,2025-11-08
1517,1228,/fotos/servicos/1228/foto_1.jpg,Depois,2024-09-17
1518,1229,/fotos/servicos/1229/foto_1.jpg,,2026-04-25
1519,1229,/fotos/servicos/1229/foto_2.jpg,Depois,2026-04-26
1520,1230,/fotos/servicos/1230/foto_1.jpg,,2026-09-22
1521,1232,/fotos/servicos/1232/foto_1.jpg,Antes,2025-03-06
1522,1232,/fotos/servicos/1232/foto_2.jpg,Ambiente geral,2025-03-04
1523,1232,/fotos/servicos/1232/foto_3.jpg,Depois,2025-03-07
1524,1233,/fotos/servicos/1233/foto_1.jpg,,2024-09-10
1525,1234,/fotos/servicos/1234/foto_1.jpg,Detalhe do acabamento,2024-12-11
1526,1234,/fotos/servicos/1234/foto_2.jpg,,2024-12-11
1527,1234,/fotos/servicos/1234/foto_3.jpg,Detalhe do acabamento,2024-12-13
1528,1235,/fotos/servicos/1235/foto_1.jpg,Depois,2024-07-15
1529,1235,/fotos/servicos/1235/foto_2.jpg,,2024-07-16
1530,1236,/fotos/servicos/1236/foto_1.jpg,Antes,2025-09-06
1531,1238,/fotos/servicos/1238/foto_1.jpg,,2025-02-23
1532,1239,/fotos/servicos/1239/foto_1.jpg,Ambiente geral,2024-07-05
1533,1240,/fotos/servicos/1240/foto_1.jpg,Detalhe do acabamento,2024-12-30
1534,1240,/fotos/servicos/1240/foto_2.jpg,Antes,2025-01-01
1535,1240,/fotos/servicos/1240/foto_3.jpg,Depois,2024-12-31
1536,1241,/fotos/servicos/1241/foto_1.jpg,Antes,2025-03-25
1537,1241,/fotos/servicos/1241/foto_2.jpg,Detalhe do acabamento,2025-03-22
1538,1242,/fotos/servicos/1242/foto_1.jpg,Detalhe do acabamento,2025-03-09
1539,1242,/fotos/servicos/1242/foto_2.jpg,Depois,2025-03-12
1540,1243,/fotos/servicos/1243/foto_1.jpg,Ambiente geral,2025-05-25
1541,1244,/fotos/servicos/1244/foto_1.jpg,Depois,2025-04-19
1542,1245,/fotos/servicos/1245/foto_1.jpg,Antes,2024-02-02
1543,1246,/fotos/servicos/1246/foto_1.jpg,,2026-09-22
1544,1248,/fotos/servicos/1248/foto_1.jpg,,2025-09-04
1545,1249,/fotos/servicos/1249/foto_1.jpg,,2024-01-17
1546,1249,/fotos/servicos/1249/foto_2.jpg,Detalhe do acabamento,2024-01-16
1547,1249,/fotos/servicos/1249/foto_3.jpg,,2024-01-14
1548,1250,/fotos/servicos/1250/foto_1.jpg,Ambiente geral,2025-02-02
1549,1250,/fotos/servicos/1250/foto_2.jpg,Antes,2025-02-02
1550,1250,/fotos/servicos/1250/foto_3.jpg,Antes,2025-01-31
1551,1251,/fotos/servicos/1251/foto_1.jpg,Ambiente geral,2025-05-09
1552,1253,/fotos/servicos/1253/foto_1.jpg,Ambiente geral,2025-03-10
1553,1254,/fotos/servicos/1254/foto_1.jpg,Antes,2025-03-25
1554,1254,/fotos/servicos/1254/foto_2.jpg,Depois,2025-03-22
1555,1255,/fotos/servicos/1255/foto_1.jpg,Depois,2025-03-27
1556,1255,/fotos/servicos/1255/foto_2.jpg,Antes,2025-03-27
1557,1256,/fotos/servicos/1256/foto_1.jpg,Ambiente geral,2026-05-20
1558,1256,/fotos/servicos/1256/foto_2.jpg,Antes,2026-05-19
1559,1257,/fotos/servicos/1257/foto_1.jpg,,2024-02-28
1560,1257,/fotos/servicos/1257/foto_2.jpg,Detalhe do acabamento,2024-02-28
1561,1258,/fotos/servicos/1258/foto_1.jpg,Ambiente geral,2025-04-23
1562,1258,/fotos/servicos/1258/foto_2.jpg,Depois,2025-04-20
1563,1259,/fotos/servicos/1259/foto_1.jpg,,2024-11-11
1564,1260,/fotos/servicos/1260/foto_1.jpg,Depois,2026-07-30
1565,1262,/fotos/servicos/1262/foto_1.jpg,Depois,2024-02-09
1566,1263,/fotos/servicos/1263/foto_1.jpg,Antes,2026-07-29
1567,1263,/fotos/servicos/1263/foto_2.jpg,Ambiente geral,2026-08-02
1568,1264,/fotos/servicos/1264/foto_1.jpg,,2025-05-02
1569,1264,/fotos/servicos/1264/foto_2.jpg,Detalhe do acabamento,2025-05-04
1570,1265,/fotos/servicos/1265/foto_1.jpg,Ambiente geral,2024-12-02
1571,1266,/fotos/servicos/1266/foto_1.jpg,Ambiente geral,2025-01-26
1572,1267,/fotos/servicos/1267/foto_1.jpg,Detalhe do acabamento,2025-09-13
1573,1268,/fotos/servicos/1268/foto_1.jpg,Antes,2025-06-29
1574,1268,/fotos/servicos/1268/foto_2.jpg,Antes,2025-07-01
1575,1271,/fotos/servicos/1271/foto_1.jpg,Depois,2024-04-25
1576,1271,/fotos/servicos/1271/foto_2.jpg,Ambiente geral,2024-04-24
1577,1272,/fotos/servicos/1272/foto_1.jpg,Antes,2025-07-07
1578,1273,/fotos/servicos/1273/foto_1.jpg,Depois,2024-08-02
1579,1275,/fotos/servicos/1275/foto_1.jpg,Depois,2026-03-29
1580,1277,/fotos/servicos/1277/foto_1.jpg,Detalhe do acabamento,2025-11-16
1581,1277,/fotos/servicos/1277/foto_2.jpg,Ambiente geral,2025-11-16
1582,1278,/fotos/servicos/1278/foto_1.jpg,Ambiente geral,2024-11-10
1583,1279,/fotos/servicos/1279/foto_1.jpg,Antes,2024-02-17
1584,1280,/fotos/servicos/1280/foto_1.jpg,Ambiente geral,2026-07-28
1585,1281,/fotos/servicos/1281/foto_1.jpg,,2024-11-28
1586,1282,/fotos/servicos/1282/foto_1.jpg,Antes,2025-01-21
1587,1282,/fotos/servicos/1282/foto_2.jpg,Depois,2025-01-20
1588,1283,/fotos/servicos/1283/foto_1.jpg,Detalhe do acabamento,2026-05-10
1589,1287,/fotos/servicos/1287/foto_1.jpg,Antes,2024-11-20
1590,1287,/fotos/servicos/1287/foto_2.jpg,Detalhe do acabamento,2024-11-24
1591,1288,/fotos/servicos/1288/foto_1.jpg,Antes,2024-01-08
1592,1288,/fotos/servicos/1288/foto_2.jpg,Detalhe do acabamento,2024-01-04
1593,1289,/fotos/servicos/1289/foto_1.jpg,Detalhe do acabamento,2026-05-04
1594,1291,/fotos/servicos/1291/foto_1.jpg,,2025-05-21
1595,1291,/fotos/servicos/1291/foto_2.jpg,,2025-05-20
1596,1291,/fotos/servicos/1291/foto_3.jpg,Detalhe do acabamento,2025-05-21
1597,1293,/fotos/servicos/1293/foto_1.jpg,,2026-03-17
1598,1294,/fotos/servicos/1294/foto_1.jpg,Ambiente geral,2026-02-19
1599,1296,/fotos/servicos/1296/foto_1.jpg,Depois,2026-01-25
1600,1297,/fotos/servicos/1297/foto_1.jpg,Depois,2024-05-28
1601,1299,/fotos/servicos/1299/foto_1.jpg,Detalhe do acabamento,2026-03-22
1602,1299,/fotos/servicos/1299/foto_2.jpg,,2026-03-26
1603,1300,/fotos/servicos/1300/foto_1.jpg,Detalhe do acabamento,2024-11-19
1604,1300,/fotos/servicos/1300/foto_2.jpg,Detalhe do acabamento,2024-11-17
1605,1301,/fotos/servicos/1301/foto_1.jpg,Ambiente geral,2026-03-10
1606,1301,/fotos/servicos/1301/foto_2.jpg,Depois,2026-03-11
1607,1302,/fotos/servicos/1302/foto_1.jpg,,2024-07-10
1608,1302,/fotos/servicos/1302/foto_2.jpg,Antes,2024-07-11
1609,1303,/fotos/servicos/1303/foto_1.jpg,Depois,2026-05-06
1610,1304,/fotos/servicos/1304/foto_1.jpg,Depois,2025-01-07
1611,1305,/fotos/servicos/1305/foto_1.jpg,,2026-04-27
1612,1305,/fotos/servicos/1305/foto_2.jpg,Ambiente geral,2026-04-24
1613,1308,/fotos/servicos/1308/foto_1.jpg,Depois,2025-02-18
1614,1308,/fotos/servicos/1308/foto_2.jpg,Detalhe do acabamento,2025-02-18
1615,1309,/fotos/servicos/1309/foto_1.jpg,,2024-03-05
1616,1311,/fotos/servicos/1311/foto_1.jpg,Ambiente geral,2024-07-29
1617,1311,/fotos/servicos/1311/foto_2.jpg,Detalhe do acabamento,2024-07-25
1618,1312,/fotos/servicos/1312/foto_1.jpg,Depois,2024-06-14
1619,1313,/fotos/servicos/1313/foto_1.jpg,Detalhe do acabamento,2026-08-21
1620,1313,/fotos/servicos/1313/foto_2.jpg,Depois,2026-08-23
1621,1315,/fotos/servicos/1315/foto_1.jpg,Ambiente geral,2026-03-31
1622,1316,/fotos/servicos/1316/foto_1.jpg,Antes,2026-05-05
1623,1316,/fotos/servicos/1316/foto_2.jpg,Depois,2026-05-01
1624,1318,/fotos/servicos/1318/foto_1.jpg,Detalhe do acabamento,2024-05-03
1625,1320,/fotos/servicos/1320/foto_1.jpg,Antes,2024-09-01
1626,1321,/fotos/servicos/1321/foto_1.jpg,Detalhe do acabamento,2024-02-28
1627,1322,/fotos/servicos/1322/foto_1.jpg,Antes,2025-04-02
1628,1322,/fotos/servicos/1322/foto_2.jpg,Depois,2025-04-04
1629,1323,/fotos/servicos/1323/foto_1.jpg,Ambiente geral,2026-07-16
1630,1323,/fotos/servicos/1323/foto_2.jpg,,2026-07-19
1631,1323,/fotos/servicos/1323/foto_3.jpg,Antes,2026-07-18
1632,1325,/fotos/servicos/1325/foto_1.jpg,Antes,2025-08-04
1633,1327,/fotos/servicos/1327/foto_1.jpg,,2024-03-15
1634,1327,/fotos/servicos/1327/foto_2.jpg,Depois,2024-03-15
1635,1329,/fotos/servicos/1329/foto_1.jpg,Antes,2024-08-15
1636,1329,/fotos/servicos/1329/foto_2.jpg,Depois,2024-08-12
1637,1330,/fotos/servicos/1330/foto_1.jpg,,2026-09-17
1638,1330,/fotos/servicos/1330/foto_2.jpg,Depois,2026-09-18
1639,1331,/fotos/servicos/1331/foto_1.jpg,Ambiente geral,2024-04-15
1640,1331,/fotos/servicos/1331/foto_2.jpg,Depois,2024-04-13
1641,1332,/fotos/servicos/1332/foto_1.jpg,,2026-05-30
1642,1332,/fotos/servicos/1332/foto_2.jpg,Depois,2026-05-28
1643,1333,/fotos/servicos/1333/foto_1.jpg,,2024-03-27
1644,1333,/fotos/servicos/1333/foto_2.jpg,Ambiente geral,2024-03-27
1645,1334,/fotos/servicos/1334/foto_1.jpg,Depois,2024-05-31
1646,1335,/fotos/servicos/1335/foto_1.jpg,Antes,2024-12-11
1647,1335,/fotos/servicos/1335/foto_2.jpg,Antes,2024-12-14
1648,1336,/fotos/servicos/1336/foto_1.jpg,,2026-04-21
1649,1336,/fotos/servicos/1336/foto_2.jpg,,2026-04-20
1650,1337,/fotos/servicos/1337/foto_1.jpg,Detalhe do acabamento,2024-08-29
1651,1337,/fotos/servicos/1337/foto_2.jpg,Ambiente geral,2024-08-29
1652,1338,/fotos/servicos/1338/foto_1.jpg,Detalhe do acabamento,2024-01-26
1653,1338,/fotos/servicos/1338/foto_2.jpg,Antes,2024-01-26
1654,1339,/fotos/servicos/1339/foto_1.jpg,,2024-07-22
1655,1340,/fotos/servicos/1340/foto_1.jpg,Depois,2026-04-26
1656,1341,/fotos/servicos/1341/foto_1.jpg,Detalhe do acabamento,2026-07-25
1657,1341,/fotos/servicos/1341/foto_2.jpg,Detalhe do acabamento,2026-07-24
1658,1341,/fotos/servicos/1341/foto_3.jpg,Detalhe do acabamento,2026-07-26
1659,1342,/fotos/servicos/1342/foto_1.jpg,Antes,2024-04-14
1660,1343,/fotos/servicos/1343/foto_1.jpg,Detalhe do acabamento,2024-12-30
1661,1343,/fotos/servicos/1343/foto_2.jpg,,2025-01-02
1662,1344,/fotos/servicos/1344/foto_1.jpg,,2025-10-07
1663,1344,/fotos/servicos/1344/foto_2.jpg,Ambiente geral,2025-10-05
1664,1345,/fotos/servicos/1345/foto_1.jpg,Ambiente geral,2024-01-08
1665,1345,/fotos/servicos/1345/foto_2.jpg,,2024-01-06
1666,1346,/fotos/servicos/1346/foto_1.jpg,Ambiente geral,2025-09-23
1667,1346,/fotos/servicos/1346/foto_2.jpg,Ambiente geral,2025-09-24
1668,1347,/fotos/servicos/1347/foto_1.jpg,Ambiente geral,2024-12-12
1669,1347,/fotos/servicos/1347/foto_2.jpg,,2024-12-15
1670,1347,/fotos/servicos/1347/foto_3.jpg,Depois,2024-12-14
1671,1348,/fotos/servicos/1348/foto_1.jpg,Depois,2024-12-29
1672,1348,/fotos/servicos/1348/foto_2.jpg,Ambiente geral,2024-12-26
1673,1350,/fotos/servicos/1350/foto_1.jpg,Ambiente geral,2025-04-01
1674,1351,/fotos/servicos/1351/foto_1.jpg,Detalhe do acabamento,2025-02-21
1675,1352,/fotos/servicos/1352/foto_1.jpg,Ambiente geral,2024-08-04
1676,1352,/fotos/servicos/1352/foto_2.jpg,,2024-08-08
1677,1353,/fotos/servicos/1353/foto_1.jpg,Depois,2025-09-08
1678,1353,/fotos/servicos/1353/foto_2.jpg,,2025-09-08
1679,1354,/fotos/servicos/1354/foto_1.jpg,Ambiente geral,2025-02-02
1680,1355,/fotos/servicos/1355/foto_1.jpg,,2024-05-02
1681,1355,/fotos/servicos/1355/foto_2.jpg,Antes,2024-05-03
1682,1356,/fotos/servicos/1356/foto_1.jpg,Ambiente geral,2025-04-29
1683,1357,/fotos/servicos/1357/foto_1.jpg,Detalhe do acabamento,2026-02-23
1684,1358,/fotos/servicos/1358/foto_1.jpg,Detalhe do acabamento,2024-06-06
1685,1358,/fotos/servicos/1358/foto_2.jpg,Ambiente geral,2024-06-10
1686,1359,/fotos/servicos/1359/foto_1.jpg,Depois,2024-07-27
1687,1359,/fotos/servicos/1359/foto_2.jpg,Depois,2024-07-28
1688,1360,/fotos/servicos/1360/foto_1.jpg,Detalhe do acabamento,2025-05-13
1689,1360,/fotos/servicos/1360/foto_2.jpg,,2025-05-16
1690,1361,/fotos/servicos/1361/foto_1.jpg,Detalhe do acabamento,2025-01-28
1691,1362,/fotos/servicos/1362/foto_1.jpg,Antes,2025-04-07
1692,1363,/fotos/servicos/1363/foto_1.jpg,Ambiente geral,2026-07-31
1693,1365,/fotos/servicos/1365/foto_1.jpg,Detalhe do acabamento,2024-01-29
1694,1366,/fotos/servicos/1366/foto_1.jpg,Detalhe do acabamento,2026-03-10
1695,1366,/fotos/servicos/1366/foto_2.jpg,Ambiente geral,2026-03-09
1696,1366,/fotos/servicos/1366/foto_3.jpg,Depois,2026-03-06
1697,1372,/fotos/servicos/1372/foto_1.jpg,Antes,2026-09-22
1698,1372,/fotos/servicos/1372/foto_2.jpg,Ambiente geral,2026-09-22
1699,1372,/fotos/servicos/1372/foto_3.jpg,Detalhe do acabamento,2026-09-22
1700,1374,/fotos/servicos/1374/foto_1.jpg,Depois,2025-07-31
1701,1376,/fotos/servicos/1376/foto_1.jpg,Detalhe do acabamento,2026-03-01
1702,1377,/fotos/servicos/1377/foto_1.jpg,Detalhe do acabamento,2025-01-03
1703,1378,/fotos/servicos/1378/foto_1.jpg,Detalhe do acabamento,2026-09-22
1704,1379,/fotos/servicos/1379/foto_1.jpg,,2024-02-19
1705,1380,/fotos/servicos/1380/foto_1.jpg,Depois,2026-07-12
1706,1381,/fotos/servicos/1381/foto_1.jpg,Ambiente geral,2024-03-04
1707,1382,/fotos/servicos/1382/foto_1.jpg,Depois,2026-03-15
1708,1382,/fotos/servicos/1382/foto_2.jpg,Depois,2026-03-14
1709,1383,/fotos/servicos/1383/foto_1.jpg,,2025-08-01
1710,1383,/fotos/servicos/1383/foto_2.jpg,Antes,2025-08-04
1711,1383,/fotos/servicos/1383/foto_3.jpg,Ambiente geral,2025-08-02
1712,1385,/fotos/servicos/1385/foto_1.jpg,Ambiente geral,2024-06-13
1713,1385,/fotos/servicos/1385/foto_2.jpg,Ambiente geral,2024-06-16
1714,1390,/fotos/servicos/1390/foto_1.jpg,,2024-05-23
1715,1392,/fotos/servicos/1392/foto_1.jpg,,2024-08-04
1716,1397,/fotos/servicos/1397/foto_1.jpg,Depois,2024-01-14
1717,1398,/fotos/servicos/1398/foto_1.jpg,,2025-03-05
1718,1400,/fotos/servicos/1400/foto_1.jpg,Antes,2024-07-01
1719,1400,/fotos/servicos/1400/foto_2.jpg,Depois,2024-07-03
1720,1401,/fotos/servicos/1401/foto_1.jpg,Depois,2025-04-18
1721,1401,/fotos/servicos/1401/foto_2.jpg,,2025-04-18
1722,1402,/fotos/servicos/1402/foto_1.jpg,,2024-10-15
1723,1402,/fotos/servicos/1402/foto_2.jpg,,2024-10-16
1724,1402,/fotos/servicos/1402/foto_3.jpg,,2024-10-18
1725,1405,/fotos/servicos/1405/foto_1.jpg,Depois,2025-05-03
1726,1406,/fotos/servicos/1406/foto_1.jpg,Antes,2026-09-22
1727,1407,/fotos/servicos/1407/foto_1.jpg,,2025-12-16
1728,1408,/fotos/servicos/1408/foto_1.jpg,Depois,2024-12-11
1729,1408,/fotos/servicos/1408/foto_2.jpg,Antes,2024-12-12
1730,1409,/fotos/servicos/1409/foto_1.jpg,Ambiente geral,2025-07-28
1731,1409,/fotos/servicos/1409/foto_2.jpg,,2025-07-30
1732,1410,/fotos/servicos/1410/foto_1.jpg,Depois,2025-05-31
1733,1410,/fotos/servicos/1410/foto_2.jpg,Ambiente geral,2025-05-27
1734,1410,/fotos/servicos/1410/foto_3.jpg,Depois,2025-05-28
1735,1411,/fotos/servicos/1411/foto_1.jpg,Antes,2026-03-10
1736,1411,/fotos/servicos/1411/foto_2.jpg,Ambiente geral,2026-03-11
1737,1412,/fotos/servicos/1412/foto_1.jpg,Detalhe do acabamento,2025-06-21
1738,1412,/fotos/servicos/1412/foto_2.jpg,Ambiente geral,2025-06-22
1739,1413,/fotos/servicos/1413/foto_1.jpg,Detalhe do acabamento,2025-04-24
1740,1413,/fotos/servicos/1413/foto_2.jpg,Ambiente geral,2025-04-26
1741,1415,/fotos/servicos/1415/foto_1.jpg,Ambiente geral,2024-01-21
1742,1415,/fotos/servicos/1415/foto_2.jpg,Ambiente geral,2024-01-23
1743,1415,/fotos/servicos/1415/foto_3.jpg,Detalhe do acabamento,2024-01-22
1744,1417,/fotos/servicos/1417/foto_1.jpg,,2026-07-01
1745,1417,/fotos/servicos/1417/foto_2.jpg,Detalhe do acabamento,2026-07-01
1746,1418,/fotos/servicos/1418/foto_1.jpg,Detalhe do acabamento,2025-09-08
1747,1418,/fotos/servicos/1418/foto_2.jpg,Ambiente geral,2025-09-04
1748,1420,/fotos/servicos/1420/foto_1.jpg,Detalhe do acabamento,2025-10-28
1749,1420,/fotos/servicos/1420/foto_2.jpg,Ambiente geral,2025-10-28
1750,1421,/fotos/servicos/1421/foto_1.jpg,Antes,2024-03-15
1751,1421,/fotos/servicos/1421/foto_2.jpg,,2024-03-13
1752,1421,/fotos/servicos/1421/foto_3.jpg,,2024-03-16
1753,1423,/fotos/servicos/1423/foto_1.jpg,,2025-03-12
1754,1425,/fotos/servicos/1425/foto_1.jpg,Ambiente geral,2025-04-06
1755,1425,/fotos/servicos/1425/foto_2.jpg,Ambiente geral,2025-04-05
1756,1426,/fotos/servicos/1426/foto_1.jpg,Detalhe do acabamento,2024-10-05
1757,1427,/fotos/servicos/1427/foto_1.jpg,Ambiente geral,2025-06-02
1758,1427,/fotos/servicos/1427/foto_2.jpg,Detalhe do acabamento,2025-05-29
1759,1428,/fotos/servicos/1428/foto_1.jpg,,2025-01-27
1760,1428,/fotos/servicos/1428/foto_2.jpg,Depois,2025-01-23
1761,1430,/fotos/servicos/1430/foto_1.jpg,Detalhe do acabamento,2025-04-13
1762,1430,/fotos/servicos/1430/foto_2.jpg,,2025-04-13
1763,1431,/fotos/servicos/1431/foto_1.jpg,Ambiente geral,2025-11-08
1764,1431,/fotos/servicos/1431/foto_2.jpg,,2025-11-11
1765,1432,/fotos/servicos/1432/foto_1.jpg,Detalhe do acabamento,2025-03-10
1766,1434,/fotos/servicos/1434/foto_1.jpg,Detalhe do acabamento,2025-10-30
1767,1436,/fotos/servicos/1436/foto_1.jpg,,2025-04-11
1768,1438,/fotos/servicos/1438/foto_1.jpg,Antes,2024-09-09
1769,1438,/fotos/servicos/1438/foto_2.jpg,Ambiente geral,2024-09-09
1770,1440,/fotos/servicos/1440/foto_1.jpg,Ambiente geral,2025-08-26
1771,1440,/fotos/servicos/1440/foto_2.jpg,Antes,2025-08-25
1772,1441,/fotos/servicos/1441/foto_1.jpg,Antes,2024-07-10
1773,1442,/fotos/servicos/1442/foto_1.jpg,Antes,2025-08-29
1774,1443,/fotos/servicos/1443/foto_1.jpg,,2025-05-07
1775,1444,/fotos/servicos/1444/foto_1.jpg,Ambiente geral,2024-02-23
1776,1445,/fotos/servicos/1445/foto_1.jpg,Ambiente geral,2024-05-11
1777,1445,/fotos/servicos/1445/foto_2.jpg,Antes,2024-05-09
1778,1446,/fotos/servicos/1446/foto_1.jpg,,2026-03-22
1779,1447,/fotos/servicos/1447/foto_1.jpg,Antes,2024-06-07
1780,1448,/fotos/servicos/1448/foto_1.jpg,Antes,2025-12-17
1781,1448,/fotos/servicos/1448/foto_2.jpg,Antes,2025-12-16
1782,1449,/fotos/servicos/1449/foto_1.jpg,,2025-09-17
1783,1450,/fotos/servicos/1450/foto_1.jpg,,2026-05-28
1784,1450,/fotos/servicos/1450/foto_2.jpg,Antes,2026-05-28
1785,1452,/fotos/servicos/1452/foto_1.jpg,Detalhe do acabamento,2024-08-21
1786,1454,/fotos/servicos/1454/foto_1.jpg,Detalhe do acabamento,2026-01-12
1787,1454,/fotos/servicos/1454/foto_2.jpg,Detalhe do acabamento,2026-01-12
1788,1454,/fotos/servicos/1454/foto_3.jpg,,2026-01-10
1789,1455,/fotos/servicos/1455/foto_1.jpg,Detalhe do acabamento,2025-09-18
1790,1455,/fotos/servicos/1455/foto_2.jpg,Depois,2025-09-17
1791,1456,/fotos/servicos/1456/foto_1.jpg,Detalhe do acabamento,2024-01-10
1792,1457,/fotos/servicos/1457/foto_1.jpg,Antes,2025-12-14
1793,1458,/fotos/servicos/1458/foto_1.jpg,Ambiente geral,2024-12-29
1794,1460,/fotos/servicos/1460/foto_1.jpg,Depois,2024-11-14
1795,1460,/fotos/servicos/1460/foto_2.jpg,Ambiente geral,2024-11-15
1796,1460,/fotos/servicos/1460/foto_3.jpg,Depois,2024-11-18
1797,1461,/fotos/servicos/1461/foto_1.jpg,,2025-12-01
1798,1461,/fotos/servicos/1461/foto_2.jpg,Ambiente geral,2025-12-02
1799,1461,/fotos/servicos/1461/foto_3.jpg,,2025-12-01
1800,1463,/fotos/servicos/1463/foto_1.jpg,,2026-06-06
1801,1464,/fotos/servicos/1464/foto_1.jpg,Ambiente geral,2024-02-24
1802,1464,/fotos/servicos/1464/foto_2.jpg,,2024-02-26
1803,1465,/fotos/servicos/1465/foto_1.jpg,Detalhe do acabamento,2024-05-04
1804,1465,/fotos/servicos/1465/foto_2.jpg,Ambiente geral,2024-05-04
1805,1465,/fotos/servicos/1465/foto_3.jpg,,2024-05-04
1806,1467,/fotos/servicos/1467/foto_1.jpg,Antes,2026-04-01
1807,1467,/fotos/servicos/1467/foto_2.jpg,Detalhe do acabamento,2026-03-29
1808,1468,/fotos/servicos/1468/foto_1.jpg,Detalhe do acabamento,2025-12-15
1809,1469,/fotos/servicos/1469/foto_1.jpg,,2024-12-13
1810,1470,/fotos/servicos/1470/foto_1.jpg,Depois,2024-01-04
1811,1470,/fotos/servicos/1470/foto_2.jpg,Detalhe do acabamento,2024-01-05
1812,1471,/fotos/servicos/1471/foto_1.jpg,,2026-07-20
1813,1473,/fotos/servicos/1473/foto_1.jpg,,2026-04-04
1814,1474,/fotos/servicos/1474/foto_1.jpg,,2025-01-10
1815,1474,/fotos/servicos/1474/foto_2.jpg,Ambiente geral,2025-01-12
1816,1475,/fotos/servicos/1475/foto_1.jpg,,2026-08-01
1817,1475,/fotos/servicos/1475/foto_2.jpg,,2026-07-30
1818,1475,/fotos/servicos/1475/foto_3.jpg,Depois,2026-07-29
1819,1477,/fotos/servicos/1477/foto_1.jpg,,2024-08-04
1820,1477,/fotos/servicos/1477/foto_2.jpg,Antes,2024-08-05
1821,1478,/fotos/servicos/1478/foto_1.jpg,Detalhe do acabamento,2024-11-19
1822,1478,/fotos/servicos/1478/foto_2.jpg,Antes,2024-11-22
1823,1479,/fotos/servicos/1479/foto_1.jpg,Depois,2025-10-18
1824,1480,/fotos/servicos/1480/foto_1.jpg,Detalhe do acabamento,2025-11-29
1825,1482,/fotos/servicos/1482/foto_1.jpg,Detalhe do acabamento,2026-04-13
1826,1483,/fotos/servicos/1483/foto_1.jpg,,2025-07-02
1827,1483,/fotos/servicos/1483/foto_2.jpg,,2025-07-01
1828,1483,/fotos/servicos/1483/foto_3.jpg,,2025-06-28
1829,1486,/fotos/servicos/1486/foto_1.jpg,,2024-07-15
1830,1487,/fotos/servicos/1487/foto_1.jpg,Ambiente geral,2024-11-27
1831,1489,/fotos/servicos/1489/foto_1.jpg,Antes,2025-09-26
1832,1490,/fotos/servicos/1490/foto_1.jpg,Ambiente geral,2025-11-21
1833,1490,/fotos/servicos/1490/foto_2.jpg,Antes,2025-11-20
1834,1491,/fotos/servicos/1491/foto_1.jpg,Ambiente geral,2025-12-08
1835,1492,/fotos/servicos/1492/foto_1.jpg,Detalhe do acabamento,2026-03-05
1836,1493,/fotos/servicos/1493/foto_1.jpg,Depois,2026-09-22
1837,1493,/fotos/servicos/1493/foto_2.jpg,Ambiente geral,2026-09-22
1838,1496,/fotos/servicos/1496/foto_1.jpg,,2024-06-16
1839,1496,/fotos/servicos/1496/foto_2.jpg,Ambiente geral,2024-06-16
1840,1497,/fotos/servicos/1497/foto_1.jpg,Detalhe do acabamento,2026-01-18
1841,1498,/fotos/servicos/1498/foto_1.jpg,Antes,2025-05-13
1842,1498,/fotos/servicos/1498/foto_2.jpg,Detalhe do acabamento,2025-05-12
1843,1498,/fotos/servicos/1498/foto_3.jpg,Antes,2025-05-11
1844,1502,/fotos/servicos/1502/foto_1.jpg,Detalhe do acabamento,2025-12-21
1845,1503,/fotos/servicos/1503/foto_1.jpg,Detalhe do acabamento,2024-05-27
1846,1504,/fotos/servicos/1504/foto_1.jpg,Depois,2024-03-23
1847,1505,/fotos/servicos/1505/foto_1.jpg,,2025-02-08
1848,1505,/fotos/servicos/1505/foto_2.jpg,Antes,2025-02-04
1849,1505,/fotos/servicos/1505/foto_3.jpg,Detalhe do acabamento,2025-02-05
1850,1506,/fotos/servicos/1506/foto_1.jpg,Ambiente geral,2026-07-31
1851,1506,/fotos/servicos/1506/foto_2.jpg,Depois,2026-08-02
1852,1507,/fotos/servicos/1507/foto_1.jpg,Ambiente geral,2024-11-28
1853,1507,/fotos/servicos/1507/foto_2.jpg,Antes,2024-11-26
1854,1507,/fotos/servicos/1507/foto_3.jpg,Ambiente geral,2024-11-28
1855,1508,/fotos/servicos/1508/foto_1.jpg,Depois,2026-09-22
1856,1509,/fotos/servicos/1509/foto_1.jpg,Ambiente geral,2025-06-27
1857,1511,/fotos/servicos/1511/foto_1.jpg,Antes,2026-04-24
1858,1511,/fotos/servicos/1511/foto_2.jpg,Depois,2026-04-22
1859,1514,/fotos/servicos/1514/foto_1.jpg,Depois,2024-06-07
1860,1515,/fotos/servicos/1515/foto_1.jpg,Depois,2025-12-11
1861,1519,/fotos/servicos/1519/foto_1.jpg,Detalhe do acabamento,2026-07-21
1862,1519,/fotos/servicos/1519/foto_2.jpg,Detalhe do acabamento,2026-07-22
1863,1520,/fotos/servicos/1520/foto_1.jpg,Depois,2026-08-18
1864,1520,/fotos/servicos/1520/foto_2.jpg,Depois,2026-08-18
1865,1520,/fotos/servicos/1520/foto_3.jpg,Antes,2026-08-22
1866,1521,/fotos/servicos/1521/foto_1.jpg,Ambiente geral,2025-04-19
1867,1521,/fotos/servicos/1521/foto_2.jpg,Antes,2025-04-19
1868,1521,/fotos/servicos/1521/foto_3.jpg,Ambiente geral,2025-04-18
1869,1523,/fotos/servicos/1523/foto_1.jpg,,2025-08-03
1870,1524,/fotos/servicos/1524/foto_1.jpg,Detalhe do acabamento,2025-05-30
1871,1525,/fotos/servicos/1525/foto_1.jpg,Antes,2025-10-17
1872,1525,/fotos/servicos/1525/foto_2.jpg,Antes,2025-10-19
1873,1526,/fotos/servicos/1526/foto_1.jpg,Depois,2024-07-30
1874,1526,/fotos/servicos/1526/foto_2.jpg,Depois,2024-07-28
1875,1526,/fotos/servicos/1526/foto_3.jpg,Depois,2024-07-26
1876,1527,/fotos/servicos/1527/foto_1.jpg,Ambiente geral,2024-11-28
1877,1527,/fotos/servicos/1527/foto_2.jpg,,2024-11-27
1878,1529,/fotos/servicos/1529/foto_1.jpg,Detalhe do acabamento,2026-08-20
1879,1529,/fotos/servicos/1529/foto_2.jpg,,2026-08-19
1880,1529,/fotos/servicos/1529/foto_3.jpg,,2026-08-20
1881,1530,/fotos/servicos/1530/foto_1.jpg,Depois,2025-10-25
1882,1531,/fotos/servicos/1531/foto_1.jpg,Ambiente geral,2024-02-09
1883,1531,/fotos/servicos/1531/foto_2.jpg,Detalhe do acabamento,2024-02-07
1884,1531,/fotos/servicos/1531/foto_3.jpg,Antes,2024-02-08
1885,1532,/fotos/servicos/1532/foto_1.jpg,,2025-12-25
1886,1532,/fotos/servicos/1532/foto_2.jpg,,2025-12-28
1887,1533,/fotos/servicos/1533/foto_1.jpg,Depois,2025-09-21
1888,1533,/fotos/servicos/1533/foto_2.jpg,Antes,2025-09-21
1889,1534,/fotos/servicos/1534/foto_1.jpg,,2026-05-13
1890,1535,/fotos/servicos/1535/foto_1.jpg,Ambiente geral,2025-10-24
1891,1537,/fotos/servicos/1537/foto_1.jpg,Detalhe do acabamento,2024-07-26
1892,1538,/fotos/servicos/1538/foto_1.jpg,Ambiente geral,2025-04-05
1893,1539,/fotos/servicos/1539/foto_1.jpg,Antes,2024-10-28
1894,1539,/fotos/servicos/1539/foto_2.jpg,Ambiente geral,2024-10-31
1895,1540,/fotos/servicos/1540/foto_1.jpg,Ambiente geral,2025-05-08
1896,1543,/fotos/servicos/1543/foto_1.jpg,Detalhe do acabamento,2026-03-28
1897,1543,/fotos/servicos/1543/foto_2.jpg,Detalhe do acabamento,2026-03-29
1898,1544,/fotos/servicos/1544/foto_1.jpg,Depois,2025-07-14
1899,1545,/fotos/servicos/1545/foto_1.jpg,Ambiente geral,2025-11-14
1900,1545,/fotos/servicos/1545/foto_2.jpg,Antes,2025-11-11
1901,1546,/fotos/servicos/1546/foto_1.jpg,Detalhe do acabamento,2024-09-22
1902,1547,/fotos/servicos/1547/foto_1.jpg,Depois,2024-09-04
1903,1547,/fotos/servicos/1547/foto_2.jpg,Depois,2024-09-07
1904,1548,/fotos/servicos/1548/foto_1.jpg,Depois,2026-04-19
1905,1548,/fotos/servicos/1548/foto_2.jpg,Detalhe do acabamento,2026-04-22
1906,1549,/fotos/servicos/1549/foto_1.jpg,Detalhe do acabamento,2024-11-16
1907,1549,/fotos/servicos/1549/foto_2.jpg,Detalhe do acabamento,2024-11-17
1908,1549,/fotos/servicos/1549/foto_3.jpg,Depois,2024-11-16
1909,1550,/fotos/servicos/1550/foto_1.jpg,,2026-07-13
1910,1551,/fotos/servicos/1551/foto_1.jpg,,2024-12-02
1911,1551,/fotos/servicos/1551/foto_2.jpg,Ambiente geral,2024-12-04
1912,1551,/fotos/servicos/1551/foto_3.jpg,Detalhe do acabamento,2024-12-01
1913,1555,/fotos/servicos/1555/foto_1.jpg,Ambiente geral,2024-10-06
1914,1555,/fotos/servicos/1555/foto_2.jpg,Depois,2024-10-07
1915,1556,/fotos/servicos/1556/foto_1.jpg,Ambiente geral,2024-03-10
1916,1556,/fotos/servicos/1556/foto_2.jpg,Antes,2024-03-12
1917,1556,/fotos/servicos/1556/foto_3.jpg,Detalhe do acabamento,2024-03-10
1918,1558,/fotos/servicos/1558/foto_1.jpg,Depois,2025-10-31
1919,1558,/fotos/servicos/1558/foto_2.jpg,Depois,2025-10-29
1920,1559,/fotos/servicos/1559/foto_1.jpg,Depois,2025-08-19
1921,1559,/fotos/servicos/1559/foto_2.jpg,,2025-08-21
1922,1560,/fotos/servicos/1560/foto_1.jpg,Ambiente geral,2024-04-12
1923,1562,/fotos/servicos/1562/foto_1.jpg,Depois,2024-07-09
1924,1563,/fotos/servicos/1563/foto_1.jpg,,2026-03-20
1925,1564,/fotos/servicos/1564/foto_1.jpg,Depois,2026-07-05
1926,1564,/fotos/servicos/1564/foto_2.jpg,Detalhe do acabamento,2026-07-06
1927,1566,/fotos/servicos/1566/foto_1.jpg,Detalhe do acabamento,2024-08-06
1928,1566,/fotos/servicos/1566/foto_2.jpg,Antes,2024-08-03
1929,1568,/fotos/servicos/1568/foto_1.jpg,,2024-09-28
1930,1569,/fotos/servicos/1569/foto_1.jpg,,2025-10-03
1931,1569,/fotos/servicos/1569/foto_2.jpg,Antes,2025-10-05
1932,1570,/fotos/servicos/1570/foto_1.jpg,Depois,2025-12-09
1933,1571,/fotos/servicos/1571/foto_1.jpg,Antes,2025-10-20
1934,1572,/fotos/servicos/1572/foto_1.jpg,Antes,2024-10-22
1935,1572,/fotos/servicos/1572/foto_2.jpg,Antes,2024-10-26
1936,1572,/fotos/servicos/1572/foto_3.jpg,Detalhe do acabamento,2024-10-22
1937,1573,/fotos/servicos/1573/foto_1.jpg,Depois,2024-05-12
1938,1574,/fotos/servicos/1574/foto_1.jpg,Ambiente geral,2024-12-13
1939,1574,/fotos/servicos/1574/foto_2.jpg,Depois,2024-12-15
1940,1575,/fotos/servicos/1575/foto_1.jpg,Ambiente geral,2025-07-17
1941,1575,/fotos/servicos/1575/foto_2.jpg,,2025-07-17
1942,1576,/fotos/servicos/1576/foto_1.jpg,,2025-09-18
1943,1576,/fotos/servicos/1576/foto_2.jpg,Detalhe do acabamento,2025-09-17
1944,1577,/fotos/servicos/1577/foto_1.jpg,,2025-12-14
1945,1580,/fotos/servicos/1580/foto_1.jpg,Ambiente geral,2025-12-21
1946,1580,/fotos/servicos/1580/foto_2.jpg,,2025-12-21
1947,1580,/fotos/servicos/1580/foto_3.jpg,Ambiente geral,2025-12-20
1948,1582,/fotos/servicos/1582/foto_1.jpg,Antes,2025-11-21
1949,1582,/fotos/servicos/1582/foto_2.jpg,Depois,2025-11-23
1950,1582,/fotos/servicos/1582/foto_3.jpg,Detalhe do acabamento,2025-11-23
1951,1583,/fotos/servicos/1583/foto_1.jpg,Detalhe do acabamento,2025-02-15
1952,1583,/fotos/servicos/1583/foto_2.jpg,Antes,2025-02-15
1953,1584,/fotos/servicos/1584/foto_1.jpg,,2025-05-12
1954,1584,/fotos/servicos/1584/foto_2.jpg,Antes,2025-05-09
1955,1584,/fotos/servicos/1584/foto_3.jpg,Detalhe do acabamento,2025-05-11
1956,1587,/fotos/servicos/1587/foto_1.jpg,Detalhe do acabamento,2025-07-13
1957,1588,/fotos/servicos/1588/foto_1.jpg,Depois,2024-11-07
1958,1588,/fotos/servicos/1588/foto_2.jpg,Depois,2024-11-05
1959,1590,/fotos/servicos/1590/foto_1.jpg,,2025-12-02
1960,1591,/fotos/servicos/1591/foto_1.jpg,,2024-05-02
1961,1591,/fotos/servicos/1591/foto_2.jpg,Depois,2024-05-06
1962,1592,/fotos/servicos/1592/foto_1.jpg,Depois,2025-01-26
1963,1594,/fotos/servicos/1594/foto_1.jpg,Detalhe do acabamento,2025-02-26
1964,1594,/fotos/servicos/1594/foto_2.jpg,Depois,2025-02-24
1965,1596,/fotos/servicos/1596/foto_1.jpg,,2025-06-17
1966,1597,/fotos/servicos/1597/foto_1.jpg,,2025-12-18
1967,1598,/fotos/servicos/1598/foto_1.jpg,Detalhe do acabamento,2024-03-30
1968,1599,/fotos/servicos/1599/foto_1.jpg,Antes,2025-11-04
1969,1600,/fotos/servicos/1600/foto_1.jpg,,2025-10-18
1970,1525,/fotos/servicos/1525/foto_1.jpg,Antes,2025-10-17
1971,418,/fotos/servicos/418/foto_2.jpg,Depois,2025-01-16
1972,152,/fotos/servicos/152/foto_3.jpg,Detalhe do acabamento,2025-02-06
1973,226,/fotos/servicos/226/foto_1.jpg,Ambiente geral,2026-09-22
1974,1331,/fotos/servicos/1331/foto_2.jpg,Depois,2024-04-13
1975,1521,/fotos/servicos/1521/foto_1.jpg,Ambiente geral,2025-04-19
1976,1081,/fotos/servicos/1081/foto_2.jpg,Detalhe do acabamento,2025-09-01
1977,397,/fotos/servicos/397/foto_1.jpg,Detalhe do acabamento,2024-06-22
1978,1507,/fotos/servicos/1507/foto_1.jpg,Ambiente geral,2024-11-28
1979,255,/fotos/servicos/255/foto_2.jpg,Depois,2026-03-01
1980,527,/fotos/servicos/527/foto_1.jpg,Depois,2025-07-16
1981,489,/fotos/servicos/489/foto_1.jpg,Antes,2024-11-11
1982,666,/fotos/servicos/666/foto_1.jpg,,2024-09-25
1983,11,/fotos/servicos/11/foto_1.jpg,Detalhe do acabamento,2024-05-26
1984,148,/fotos/servicos/148/foto_1.jpg,Detalhe do acabamento,2025-11-13
