id_servico,id_cliente,tipo_servico,subtipo,descricao_detalhada,unidade_medida,quantidade,valor_unitario_aplicado,valor_total,data_execucao,status
1,99,Moldura de Gesso,20cm,Execução de moldura de gesso em escritório.,metro linear,14.85,20.0,297.0,2026-09-21,concluído
2,54,Forro Drywall,,"Forro Drywall - cozinha, conforme orçamento aprovado.",metro quadrado,20.65,98.36,2031.13,2025-03-21,concluído
3,28,Sanca,,Execução de sanca em recepção da loja.,metro linear,9.59,95.0,911.05,2026-04-21,concluído
4,4,Sanca,,"Serviço de sanca solicitado para fachada comercial, imóvel industrial.",metro linear,26.73,94.66,2530.26,2025-12-18,concluído
5,225,Divisória Drywall,,"Divisória Drywall - sala comercial, conforme orçamento aprovado.",metro quadrado,34.89,130.0,4535.7,2024-06-09,concluído
6,332,Gesso Liso,Parede Pintada,Execução de gesso liso em recepção da loja.,m2,34.22,22.0,752.84,2025-07-22,concluído
7,177,Moldura de Gesso,7cm,"Moldura de Gesso - cozinha, conforme orçamento aprovado.",metro linear,10.83,10.63,115.12,2024-07-07,concluído
8,282,Moldura de Gesso,15cm,"Moldura de Gesso - galpão industrial, conforme orçamento aprovado.",metro linear,20.07,17.0,341.19,2024-03-09,concluído
9,318,Sanca,,"Serviço de sanca solicitado para área externa, imóvel residencial.",metro linear,5.58,95.0,530.1,2024-12-02,concluído
10,161,Divisória Drywall,,"Serviço de divisória drywall solicitado para corredor, imóvel residencial.",metro quadrado,23.94,124.67,2984.6,2026-05-10,concluído
11,56,Forro Drywall,,Execução de forro drywall em quarto principal.,metro quadrado,18.24,101.14,1844.79,2024-05-23,Concluido
12,298,Gesso Liso,Parede de Tijolo,Execução de gesso liso em corredor.,metro quadrado,50.89,30.0,1526.7,2024-02-07,concluído
13,302,divisória drywall,,"Divisória Drywall - escritório, conforme orçamento aprovado.",metro quadrado,63.39,130.0,8240.7,2025-06-06,concluído
14,72,Moldura de Gesso,10cm,"Serviço de moldura de gesso solicitado para galpão industrial, imóvel residencial.",metro linear,19.51,,,2025-11-06,Concluido
15,120,Divisória Drywall,,"Divisória Drywall - galpão industrial, conforme orçamento aprovado.",metro quadrado,7.47,122.24,913.13,2025-04-25,Concluido
16,135,Divisória Drywall,,Execução de divisória drywall em sala comercial.,metro quadrado,50.87,130.0,6613.1,2025-01-22,concluído
17,177,Forro Drywall,,Execução de forro drywall em sala comercial.,metro quadrado,43.44,95.0,4126.8,2025-05-28,Concluido
18,309,Divisória Drywall,,Execução de divisória drywall em corredor.,metro quadrado,62.1,130.0,8073.0,2026-04-10,concluído
19,125,Forro Drywall,,Execução de forro drywall em cozinha.,metro quadrado,7.49,95.0,711.55,2025-10-06,concluído
20,289,Forro Drywall,,"Serviço de forro drywall solicitado para corredor, imóvel residencial.",metro quadrado,55.65,100.26,5579.47,2026-08-27,concluído
21,94,Moldura de Gesso,10cm,Execução de moldura de gesso em escritório.,metro linear,26.06,15.0,390.9,2025-12-03,concluído
22,259,Divisória Drywall,,Execução de divisória drywall em sala comercial.,metro quadrado,59.43,130.0,7725.9,2024-06-30,concluído
23,309,Gesso Liso,Parede Pintada,"Serviço de gesso liso solicitado para sala de estar, imóvel residencial.",metro quadrado,0.0,,,2025-11-25,concluído
24,196,Moldura de Gesso,10cm,Execução de moldura de gesso em escritório.,metro linear,15.97,15.89,253.76,2025-08-12,concluído
25,210,Moldura de Gesso,20cm,Execução de moldura de gesso em galpão industrial.,m linear,0.0,17.04,,2025-06-19,concluído
26,130,Gesso Liso,Parede Pintada,"Gesso Liso - recepção da loja, conforme orçamento aprovado.",metro quadrado,25.17,22.0,553.74,2025-09-18,concluído
27,285,Forro Drywall,,"Serviço de forro drywall solicitado para quarto principal, imóvel residencial.",metro quadrado,43.18,95.0,4102.1,2026-03-03,concluído
28,52,Gesso 3D,,Execução de gesso 3d em recepção da loja.,metro quadrado,21.37,180.0,3846.6,2025-07-17,concluído
29,242,Moldura de Gesso,15cm,"Moldura de Gesso - recepção da loja, conforme orçamento aprovado.",metro linear,37.26,17.0,633.42,2024-08-15,concluído
30,30,Boiserie,,Execução de boiserie em sala comercial.,metro linear,37.99,150.0,5698.5,2025-03-25,concluído
31,119,Gesso Liso,Parede Rebocada,"Serviço de gesso liso solicitado para recepção da loja, imóvel residencial.",metro quadrado,53.83,20.0,1076.6,2025-11-01,concluído
32,8,Divisória Drywall,,"Serviço de divisória drywall solicitado para galpão industrial, imóvel industrial.",metro quadrado,63.69,130.0,8279.7,2024-10-18,concluído
33,233,Boiserie,,"Boiserie - galpão industrial, conforme orçamento aprovado.",metro linear,37.4,150.0,5610.0,2025-02-20,concluído
34,295,Moldura de Gesso,20cm,"Moldura de Gesso - corredor, conforme orçamento aprovado.",metro linear,12.26,20.0,245.2,2025-05-10,concluído
35,133,Forro Drywall,,Execução de forro drywall em galpão industrial.,metro quadrado,9.47,,,2025-11-24,concluído
36,148,Divisória Drywall,,"Divisória Drywall - área externa, conforme orçamento aprovado.",metro quadrado,11.53,112.97,1302.54,2026-08-11,concluído
37,256,Gesso 3D,,Execução de gesso 3d em área externa.,metro quadrado,63.71,180.0,11467.8,2024-09-28,concluído
38,340,Sanca,,"Serviço de sanca solicitado para área externa, imóvel industrial.",metro linear,0.0,103.5,,2026-05-18,concluído
39,262,Moldura de Gesso,10cm,"Serviço de moldura de gesso solicitado para sala de estar, imóvel residencial.",metro linear,13.37,15.0,200.55,2024-02-25,concluído
40,235,Moldura de Gesso,10cm,"Moldura de Gesso - quarto principal, conforme orçamento aprovado.",metro linear,39.13,15.0,586.95,2025-12-06,concluído
41,135,Divisória Drywall,,"Serviço de divisória drywall solicitado para galpão industrial, imóvel residencial.",metro quadrado,23.21,130.0,3017.3,2025-01-09,concluído
42,68,Divisória Drywall,,"Divisória Drywall - cozinha, conforme orçamento aprovado.",metro quadrado,83.32,133.93,11159.05,2026-04-03,concluído
43,91,Moldura de Gesso,15cm,Execução de moldura de gesso em sala comercial.,metro linear,18.6,17.13,318.62,2025-06-30,concluído
44,31,Gesso Liso,Parede Pintada,"Serviço de gesso liso solicitado para fachada comercial, imóvel residencial.",metro quadrado,21.45,19.23,412.48,2026-02-01,concluído
45,311,Moldura de Gesso,20cm,"Moldura de Gesso - sala comercial, conforme orçamento aprovado.",metro linear,10.36,20.0,207.2,2024-06-27,CONCLUÍDO
46,315,Sanca,,Execução de sanca em área externa.,metro linear,13.6,95.0,1292.0,2024-06-20,concluído
47,161,Forro Drywall,,"Forro Drywall - galpão industrial, conforme orçamento aprovado.",metro quadrado,29.67,95.0,2818.65,2025-10-22,concluído
48,95,Forro Drywall,,Execução de forro drywall em cozinha.,metro quadrado,73.19,95.0,6953.05,2024-09-14,Concluido
49,281,Moldura de Gesso,20cm,Execução de moldura de gesso em recepção da loja.,metro linear,4.99,20.0,99.8,2024-03-26,concluído
50,65,Forro Drywall,,"Forro Drywall - corredor, conforme orçamento aprovado.",metro quadrado,14.63,95.0,1389.85,2025-11-10,concluído
51,70,Gesso Liso,Parede Rebocada,"Gesso Liso - recepção da loja, conforme orçamento aprovado.",metro quadrado,82.53,20.0,1650.6,2025-09-03,concluído
52,247,gesso 3d,,Execução de gesso 3d em sala comercial.,metro quadrado,47.71,180.0,8587.8,2025-01-09,concluído
53,5,Forro Drywall,,Execução de forro drywall em sala de estar.,metro quadrado,59.71,87.87,5246.72,2026-02-23,concluído
54,203,Gesso Liso,Parede Rebocada,"Gesso Liso - escritório, conforme orçamento aprovado.",metro quadrado,24.24,20.0,484.8,2026-04-28,concluído
55,146,Gesso Liso,Parede Pintada,"Serviço de gesso liso solicitado para corredor, imóvel residencial.",metro quadrado,56.53,22.0,1243.66,2024-07-11,Concluido
56,165,Gesso Liso,Parede Rebocada,Execução de gesso liso em corredor.,metro quadrado,5.57,20.0,111.4,2024-07-09,CONCLUÍDO
57,112,Sanca,,"Serviço de sanca solicitado para cozinha, imóvel residencial.",m linear,15.65,104.45,1634.64,2025-04-19,concluído
58,99,Forro Drywall,,Execução de forro drywall em corredor.,metro quadrado,76.55,95.0,7272.25,2024-01-13,concluído
59,49,Moldura de Gesso,7cm,"Moldura de Gesso - sala de estar, conforme orçamento aprovado.",metro linear,22.28,12.0,267.36,2025-11-28,CONCLUÍDO
60,327,Divisória Drywall,,"Serviço de divisória drywall solicitado para galpão industrial, imóvel residencial.",metro quadrado,28.2,130.0,3666.0,2025-11-13,concluído
61,125,Forro Drywall,,"Forro Drywall - corredor, conforme orçamento aprovado.",metro quadrado,4.72,92.04,434.43,2025-09-02,concluído
62,321,Boiserie,,"Serviço de boiserie solicitado para sala comercial, imóvel industrial.",metro linear,5.22,150.0,783.0,2025-07-03,concluído
63,99,Forro Drywall,,Execução de forro drywall em corredor.,metro quadrado,5.73,86.7,496.79,2024-02-10,concluído
64,240,Forro Drywall,,Execução de forro drywall em sala comercial.,metro quadrado,26.3,93.92,2470.1,2024-03-11,concluído
65,95,Gesso Liso,Parede Rebocada,Execução de gesso liso em sala comercial.,metro quadrado,75.52,20.0,1510.4,2025-09-27,concluído
66,283,Gesso Liso,Parede Rebocada,Execução de gesso liso em cozinha.,metro quadrado,16.48,20.0,329.6,2024-11-25,concluído
67,51,Forro Drywall,,"Forro Drywall - galpão industrial, conforme orçamento aprovado.",metro quadrado,6.58,95.0,625.1,2025-05-16,concluído
68,107,Gesso 3D,,"Gesso 3D - recepção da loja, conforme orçamento aprovado.",metro quadrado,57.12,174.06,9942.31,2025-10-16,concluído
69,271,Gesso Liso,Parede de Tijolo,Execução de gesso liso em escritório.,metro quadrado,7.29,30.0,218.7,2026-08-25,concluído
70,292,Gesso Liso,Parede Pintada,Execução de gesso liso em recepção da loja.,metro quadrado,54.65,20.98,1146.56,2024-04-18,concluído
71,259,Gesso Liso,Parede Rebocada,"Serviço de gesso liso solicitado para galpão industrial, imóvel industrial.",metro quadrado,31.34,,,2025-03-29,Concluido
72,166,Forro Drywall,,"Serviço de forro drywall solicitado para corredor, imóvel residencial.",metro quadrado,53.28,95.0,5061.6,23/02/2026,concluído
73,146,Sanca,,"Sanca - galpão industrial, conforme orçamento aprovado.",metro linear,25.04,,,2024-11-05,concluído
74,262,Gesso 3D,,"Serviço de gesso 3d solicitado para área externa, imóvel residencial.",metro quadrado,49.06,180.0,8830.8,2024-02-08,concluído
75,205,Sanca,,Execução de sanca em área externa.,metro linear,24.06,95.0,2285.7,2024-11-28,concluído
76,296,Forro Drywall,,Execução de forro drywall em quarto principal.,metro quadrado,34.91,,,2024-12-08,concluído
77,6,Moldura de Gesso,15cm,Execução de moldura de gesso em sala comercial.,metro linear,26.45,17.0,449.65,2025-06-20,concluído
78,202,Moldura de Gesso,7cm,"Serviço de moldura de gesso solicitado para cozinha, imóvel residencial.",metro linear,38.93,12.0,467.16,2024-04-02,concluído
79,205,Sanca,,"Sanca - corredor, conforme orçamento aprovado.",metro linear,12.71,95.0,1207.45,2025-12-15,concluído
80,269,Gesso Liso,Parede de Tijolo,"Serviço de gesso liso solicitado para galpão industrial, imóvel residencial.",metro quadrado,23.95,27.93,668.92,2026-08-04,concluído
81,157,Gesso Liso,Parede Pintada,Execução de gesso liso em escritório.,m2,17.71,23.12,409.46,2025-09-30,concluído
82,58,moldura de gesso,15cm,"Serviço de moldura de gesso solicitado para quarto principal, imóvel residencial.",metro linear,30.36,17.0,516.12,2024-05-31,Concluido
83,276,Divisória Drywall,,"Divisória Drywall - sala de estar, conforme orçamento aprovado.",metro quadrado,21.16,128.34,2715.67,2025-09-29,concluído
84,31,Divisória Drywall,,"Divisória Drywall - fachada comercial, conforme orçamento aprovado.",metro quadrado,27.01,130.0,3511.3,2024-02-24,concluído
85,150,Sanca,,"Sanca - corredor, conforme orçamento aprovado.",metro linear,35.09,95.0,3333.55,2025-01-24,concluído
86,235,Divisória Drywall,,"Divisória Drywall - cozinha, conforme orçamento aprovado.",metro quadrado,49.42,130.0,6424.6,2026-08-02,concluído
87,121,Gesso Liso,Parede de Tijolo,"Serviço de gesso liso solicitado para sala de estar, imóvel industrial.",metro quadrado,84.68,30.0,2540.4,2024-03-04,concluído
88,202,Forro Drywall,,"Forro Drywall - escritório, conforme orçamento aprovado.",metro quadrado,57.21,95.0,5434.95,2026-09-10,concluído
89,310,Boiserie,,"Boiserie - cozinha, conforme orçamento aprovado.",metro linear,15.18,150.0,2277.0,2024-05-21,concluído
90,221,Gesso 3D,,Execução de gesso 3d em sala comercial.,metro quadrado,84.65,180.0,15237.0,2026-08-13,concluído
91,75,Moldura de Gesso,15cm,Execução de moldura de gesso em fachada comercial.,metro linear,29.9,16.21,484.68,2025-02-25,concluído
92,314,Divisória Drywall,,"Divisória Drywall - corredor, conforme orçamento aprovado.",metro quadrado,53.97,130.0,7016.1,2025-09-02,concluído
93,95,Gesso Liso,Parede Pintada,Execução de gesso liso em fachada comercial.,metro quadrado,73.02,22.0,1606.44,2024-07-16,concluído
94,105,Boiserie,,Execução de boiserie em escritório.,metro linear,5.45,,,2026-06-06,concluído
95,161,Moldura de Gesso,15cm,"Serviço de moldura de gesso solicitado para sala comercial, imóvel residencial.",metro linear,17.58,17.0,298.86,2025-07-03,concluído
96,126,Sanca,,"Serviço de sanca solicitado para corredor, imóvel residencial.",metro linear,22.19,94.0,2085.86,2025-06-12,concluído
97,86,Divisória Drywall,,Execução de divisória drywall em quarto principal.,metro quadrado,38.22,130.0,4968.6,2025-06-13,Concluido
98,280,Gesso Liso,Parede de Tijolo,"Serviço de gesso liso solicitado para corredor, imóvel residencial.",metro quadrado,14.96,30.0,448.8,2024-07-02,concluído
99,84,Gesso 3D,,Execução de gesso 3d em sala comercial.,metro quadrado,62.19,180.0,11194.2,2025-04-05,concluído
100,88,Forro Drywall,,"Serviço de forro drywall solicitado para sala de estar, imóvel residencial.",metro quadrado,77.89,95.0,7399.55,2024-06-02,concluído
101,148,boiserie,,"Boiserie - corredor, conforme orçamento aprovado.",metro linear,26.18,150.0,3927.0,2024-07-26,concluído
102,253,gesso liso,Parede de Tijolo,"Gesso Liso - sala comercial, conforme orçamento aprovado.",metro quadrado,23.27,30.0,698.1,2025-02-23,concluído
103,26,Moldura de Gesso,15cm,Execução de moldura de gesso em fachada comercial.,metro linear,9.84,17.0,167.28,2024-05-28,Concluido
104,92,Forro Drywall,,"Serviço de forro drywall solicitado para corredor, imóvel residencial.",metro quadrado,17.07,95.0,1621.65,2025-12-17,concluído
105,154,Sanca,,"Serviço de sanca solicitado para fachada comercial, imóvel residencial.",metro linear,14.94,98.76,1475.47,2026-05-13,concluído
106,314,Gesso Liso,Parede Pintada,"Serviço de gesso liso solicitado para fachada comercial, imóvel residencial.",metro quadrado,8.71,,,2025-06-25,CONCLUÍDO
107,320,Gesso Liso,Parede de Tijolo,"Serviço de gesso liso solicitado para área externa, imóvel residencial.",metro quadrado,32.66,30.0,979.8,2025-06-16,concluído
108,13,Sanca,,Execução de sanca em sala comercial.,metro linear,20.2,85.67,1730.53,22/09/2025,CONCLUÍDO
109,145,Divisória Drywall,,"Divisória Drywall - galpão industrial, conforme orçamento aprovado.",m2,24.61,130.0,3199.3,2025-07-17,concluído
110,90,Sanca,,"Serviço de sanca solicitado para corredor, imóvel residencial.",metro linear,10.18,,,2025-05-05,Concluido
111,172,Gesso Liso,Parede Rebocada,Execução de gesso liso em galpão industrial.,metro quadrado,41.46,,,2024-02-27,concluído
112,182,Gesso Liso,Parede Pintada,Execução de gesso liso em recepção da loja.,metro quadrado,9.36,20.57,192.54,2025-01-19,concluído
113,162,Moldura de Gesso,7cm,Execução de moldura de gesso em escritório.,metro linear,29.26,12.0,351.12,2026-06-17,concluído
114,104,Moldura de Gesso,10cm,"Moldura de Gesso - corredor, conforme orçamento aprovado.",metro linear,36.79,15.0,551.85,2025-05-09,Concluido
115,51,Forro Drywall,,"Serviço de forro drywall solicitado para sala comercial, imóvel residencial.",m2,70.59,95.0,6706.05,2024-05-15,concluído
116,305,Gesso Liso,Parede Pintada,Execução de gesso liso em fachada comercial.,metro quadrado,74.62,19.27,1437.93,2026-02-23,concluído
117,142,divisória drywall,,Execução de divisória drywall em área externa.,metro quadrado,47.11,130.0,6124.3,2024-10-06,concluído
118,164,Forro Drywall,,Execução de forro drywall em corredor.,metro quadrado,25.96,94.38,2450.1,2024-06-24,concluído
119,55,Gesso Liso,Parede Pintada,"Serviço de gesso liso solicitado para corredor, imóvel residencial.",metro quadrado,35.07,22.0,771.54,2025-12-22,concluído
120,274,Divisória Drywall,,"Divisória Drywall - corredor, conforme orçamento aprovado.",metro quadrado,10.36,128.95,1335.92,2024-04-05,concluído
121,119,Forro Drywall,,Execução de forro drywall em galpão industrial.,metro quadrado,80.74,86.88,7014.69,2025-01-07,concluído
122,246,Sanca,,"Sanca - quarto principal, conforme orçamento aprovado.",metro linear,20.07,95.11,1908.86,2024-05-10,concluído
123,237,Forro Drywall,,"Forro Drywall - escritório, conforme orçamento aprovado.",metro quadrado,36.47,95.0,3464.65,2025-07-15,concluído
124,291,Boiserie,,"Boiserie - corredor, conforme orçamento aprovado.",metro linear,32.13,150.0,4819.5,2025-11-09,concluído
125,228,Gesso Liso,Parede Rebocada,"Gesso Liso - galpão industrial, conforme orçamento aprovado.",metro quadrado,18.27,20.0,365.4,2024-04-21,concluído
126,72,Divisória Drywall,,"Divisória Drywall - fachada comercial, conforme orçamento aprovado.",metro quadrado,75.87,130.0,9863.1,2024-01-01,concluído
127,163,Divisória Drywall,,"Divisória Drywall - galpão industrial, conforme orçamento aprovado.",metro quadrado,28.28,130.0,3676.4,29/07/2026,Concluido
128,207,Boiserie,,"Serviço de boiserie solicitado para galpão industrial, imóvel residencial.",metro linear,34.36,150.0,5154.0,2026-07-11,concluído
129,303,Divisória Drywall,,"Serviço de divisória drywall solicitado para cozinha, imóvel residencial.",metro quadrado,35.94,130.0,4672.2,2025-01-25,concluído
130,214,Forro Drywall,,Execução de forro drywall em corredor.,metro quadrado,16.5,95.0,1567.5,2024-05-17,concluído
131,213,Gesso Liso,Parede Pintada,"Serviço de gesso liso solicitado para sala comercial, imóvel industrial.",metro quadrado,73.67,22.0,1620.74,2026-08-10,concluído
132,310,Divisória Drywall,,"Divisória Drywall - sala de estar, conforme orçamento aprovado.",metro quadrado,4.6,133.64,614.74,2024-10-02,concluído
133,41,Gesso Liso,Parede de Tijolo,"Serviço de gesso liso solicitado para área externa, imóvel residencial.",metro quadrado,15.51,,,2026-02-07,concluído
134,343,gesso liso,Parede Pintada,"Serviço de gesso liso solicitado para corredor, imóvel residencial.",metro quadrado,10.32,20.42,210.73,2024-02-24,Concluido
135,181,Forro Drywall,,"Forro Drywall - área externa, conforme orçamento aprovado.",metro quadrado,81.81,95.0,7771.95,2024-02-06,concluído
136,27,Divisória Drywall,,"Divisória Drywall - fachada comercial, conforme orçamento aprovado.",metro quadrado,57.16,111.39,6367.05,2025-05-11,concluído
137,8,Moldura de Gesso,20cm,"Moldura de Gesso - escritório, conforme orçamento aprovado.",metro linear,30.43,20.69,629.6,2025-11-05,concluído
138,44,Forro Drywall,,Execução de forro drywall em corredor.,metro quadrado,82.35,100.64,8287.7,2026-02-09,CONCLUÍDO
139,177,Moldura de Gesso,7cm,"Moldura de Gesso - sala comercial, conforme orçamento aprovado.",metro linear,5.01,10.36,51.9,2025-04-20,concluído
140,75,Forro Drywall,,"Forro Drywall - sala de estar, conforme orçamento aprovado.",metro quadrado,46.97,95.0,4462.15,2026-03-27,concluído
141,222,Boiserie,,"Boiserie - recepção da loja, conforme orçamento aprovado.",metro linear,25.59,150.0,3838.5,2024-10-03,concluído
142,302,moldura de gesso,7cm,Execução de moldura de gesso em quarto principal.,m linear,31.51,12.0,378.12,2024-07-03,concluído
143,180,Gesso Liso,Parede Pintada,"Gesso Liso - escritório, conforme orçamento aprovado.",metro quadrado,21.77,22.0,478.94,2024-01-25,concluído
144,45,Boiserie,,"Serviço de boiserie solicitado para quarto principal, imóvel residencial.",metro linear,34.69,150.0,5203.5,2026-07-10,concluído
145,39,Gesso Liso,Parede Pintada,Execução de gesso liso em fachada comercial.,metro quadrado,55.74,22.0,1226.28,2025-03-13,concluído
146,199,Sanca,,Execução de sanca em escritório.,metro linear,15.31,,,2024-09-28,concluído
147,277,Sanca,,"Serviço de sanca solicitado para quarto principal, imóvel residencial.",metro linear,31.44,95.0,2986.8,2026-07-23,concluído
148,255,Sanca,,"Sanca - recepção da loja, conforme orçamento aprovado.",metro linear,8.51,,,2025-11-11,concluído
149,245,Moldura de Gesso,10cm,"Moldura de Gesso - corredor, conforme orçamento aprovado.",metro linear,19.13,15.7,300.34,2025-07-07,concluído
150,156,Forro Drywall,,"Serviço de forro drywall solicitado para corredor, imóvel industrial.",metro quadrado,36.45,,,2024-04-02,concluído
151,21,Divisória Drywall,,"Serviço de divisória drywall solicitado para quarto principal, imóvel industrial.",metro quadrado,82.37,130.0,10708.1,2025-02-03,Concluido
152,99,Sanca,,"Serviço de sanca solicitado para sala comercial, imóvel industrial.",metro linear,3.94,95.0,374.3,2025-02-02,concluído
153,174,Sanca,,"Sanca - sala comercial, conforme orçamento aprovado.",metro linear,5.07,95.0,481.65,2024-05-01,concluído
154,73,Sanca,,Execução de sanca em sala de estar.,metro linear,21.09,95.44,2012.83,2024-09-05,concluído
155,303,Divisória Drywall,,"Divisória Drywall - recepção da loja, conforme orçamento aprovado.",metro quadrado,9.18,130.0,1193.4,2025-09-01,concluído
156,295,Forro Drywall,,"Serviço de forro drywall solicitado para quarto principal, imóvel residencial.",metro quadrado,48.22,,,2024-08-06,concluído
157,85,Forro Drywall,,"Serviço de forro drywall solicitado para cozinha, imóvel residencial.",metro quadrado,39.53,95.0,3755.35,2024-04-12,concluído
158,46,Sanca,,"Serviço de sanca solicitado para escritório, imóvel residencial.",metro linear,29.15,95.0,2769.25,2025-12-11,concluído
159,90,Forro Drywall,,Execução de forro drywall em fachada comercial.,metro quadrado,53.45,95.0,5077.75,2025-05-26,concluído
160,272,Divisória Drywall,,Execução de divisória drywall em fachada comercial.,metro quadrado,83.12,142.57,11850.42,2025-06-03,concluído
161,243,Gesso Liso,Parede Pintada,"Serviço de gesso liso solicitado para galpão industrial, imóvel residencial.",metro quadrado,44.3,,,2024-02-25,concluído
162,276,Moldura de Gesso,7cm,Execução de moldura de gesso em área externa.,metro linear,9.51,12.0,114.12,2024-04-28,concluído
163,118,Moldura de Gesso,20cm,"Serviço de moldura de gesso solicitado para quarto principal, imóvel residencial.",metro linear,31.82,20.0,636.4,2026-01-25,concluído
164,111,Forro Drywall,,Execução de forro drywall em fachada comercial.,metro quadrado,79.16,95.0,7520.2,2024-05-19,concluído
165,144,Gesso Liso,Parede de Tijolo,"Gesso Liso - cozinha, conforme orçamento aprovado.",metro quadrado,15.06,30.0,451.8,2024-06-24,concluído
166,296,Gesso 3D,,"Serviço de gesso 3d solicitado para corredor, imóvel industrial.",metro quadrado,82.58,180.0,14864.4,27/05/2026,concluído
167,127,Forro Drywall,,Execução de forro drywall em sala de estar.,metro quadrado,24.07,95.0,2286.65,2026-08-07,concluído
168,259,Forro Drywall,,Execução de forro drywall em quarto principal.,metro quadrado,6.72,95.0,638.4,2026-03-28,concluído
169,112,Forro Drywall,,"Forro Drywall - corredor, conforme orçamento aprovado.",metro quadrado,14.75,95.0,1401.25,2024-04-02,concluído
170,238,Boiserie,,Execução de boiserie em sala de estar.,metro linear,31.56,150.0,4734.0,2026-03-19,Concluido
171,272,Gesso Liso,Parede Pintada,"Serviço de gesso liso solicitado para quarto principal, imóvel residencial.",metro quadrado,6.65,22.0,146.3,2026-08-26,concluído
172,187,Sanca,,Execução de sanca em quarto principal.,metro linear,35.86,95.0,3406.7,2025-09-25,concluído
173,277,Forro Drywall,,"Serviço de forro drywall solicitado para escritório, imóvel residencial.",metro quadrado,13.2,,,2025-08-17,Concluido
174,28,Forro Drywall,,"Serviço de forro drywall solicitado para sala comercial, imóvel industrial.",metro quadrado,9.13,95.0,867.35,2025-06-23,concluído
175,34,Moldura de Gesso,10cm,Execução de moldura de gesso em quarto principal.,metro linear,9.97,15.0,149.55,2025-02-04,Concluido
176,105,Gesso Liso,Parede Rebocada,"Gesso Liso - galpão industrial, conforme orçamento aprovado.",metro quadrado,46.18,20.0,923.6,2026-09-19,concluído
177,33,Divisória Drywall,,"Divisória Drywall - galpão industrial, conforme orçamento aprovado.",metro quadrado,5.78,127.39,736.31,2024-12-09,concluído
178,228,Moldura de Gesso,15cm,"Serviço de moldura de gesso solicitado para sala de estar, imóvel residencial.",metro linear,19.95,15.75,314.21,2026-03-19,concluído
179,83,Divisória Drywall,,Execução de divisória drywall em cozinha.,metro quadrado,61.66,,,2026-05-09,concluído
180,226,Gesso Liso,Parede de Tijolo,Execução de gesso liso em corredor.,metro quadrado,25.09,30.0,752.7,2024-02-05,concluído
181,13,Sanca,,"Serviço de sanca solicitado para sala comercial, imóvel industrial.",metro linear,17.97,95.0,1707.15,2025-04-14,Concluido
182,149,Forro Drywall,,Execução de forro drywall em corredor.,metro quadrado,82.54,,,2025-11-13,concluído
183,72,Moldura de Gesso,20cm,Execução de moldura de gesso em sala de estar.,metro linear,28.09,20.0,561.8,2025-09-24,concluído
184,143,Divisória Drywall,,"Divisória Drywall - corredor, conforme orçamento aprovado.",metro quadrado,19.85,132.5,2630.12,2026-09-07,em andamento
185,342,Sanca,,Execução de sanca em corredor.,metro linear,16.36,89.53,1464.71,2025-01-16,concluído
186,213,Moldura de Gesso,20cm,Execução de moldura de gesso em área externa.,metro linear,32.74,21.85,715.37,2025-03-10,concluído
187,269,Boiserie,,"Boiserie - fachada comercial, conforme orçamento aprovado.",m linear,39.51,,,2026-02-13,concluído
188,71,Gesso Liso,Parede de Tijolo,"Gesso Liso - fachada comercial, conforme orçamento aprovado.",metro quadrado,20.14,30.0,604.2,2025-05-17,concluído
189,2,Sanca,,"Sanca - recepção da loja, conforme orçamento aprovado.",metro linear,8.7,95.0,826.5,2025-10-13,concluído
190,142,Sanca,,Execução de sanca em corredor.,metro linear,21.24,95.0,2017.8,2025-01-05,concluído
191,9,Moldura de Gesso,7cm,"Serviço de moldura de gesso solicitado para sala de estar, imóvel residencial.",metro linear,34.28,12.0,411.36,2024-11-23,concluído
192,25,Boiserie,,"Boiserie - área externa, conforme orçamento aprovado.",metro linear,13.72,,,2025-06-10,concluído
193,155,forro drywall,,"Serviço de forro drywall solicitado para sala comercial, imóvel residencial.",metro quadrado,25.99,95.0,2469.05,2025-07-01,concluído
194,84,Gesso 3D,,"Gesso 3D - sala comercial, conforme orçamento aprovado.",metro quadrado,12.3,180.0,2214.0,2024-07-11,concluído
195,59,Moldura de Gesso,10cm,"Serviço de moldura de gesso solicitado para galpão industrial, imóvel residencial.",metro linear,18.44,15.0,276.6,2024-05-14,Concluido
196,176,Gesso Liso,Parede de Tijolo,Execução de gesso liso em cozinha.,metro quadrado,17.95,26.39,473.7,2024-05-11,Concluido
197,58,Moldura de Gesso,10cm,"Serviço de moldura de gesso solicitado para corredor, imóvel residencial.",metro linear,5.88,12.91,75.91,2024-04-20,concluído
198,6,Forro Drywall,,"Forro Drywall - sala de estar, conforme orçamento aprovado.",metro quadrado,65.12,,,2024-07-29,concluído
199,179,Gesso 3D,,"Gesso 3D - sala de estar, conforme orçamento aprovado.",metro quadrado,32.53,180.58,5874.27,2025-06-01,concluído
200,276,Divisória Drywall,,"Divisória Drywall - área externa, conforme orçamento aprovado.",metro quadrado,4.35,,,2026-07-31,concluído
201,182,Divisória Drywall,,"Serviço de divisória drywall solicitado para quarto principal, imóvel residencial.",metro quadrado,83.49,130.0,10853.7,2025-02-21,concluído
202,286,Gesso Liso,Parede Pintada,"Serviço de gesso liso solicitado para corredor, imóvel residencial.",metro quadrado,62.49,22.0,1374.78,2025-01-29,concluído
203,97,Moldura de Gesso,20cm,"Moldura de Gesso - quarto principal, conforme orçamento aprovado.",metro linear,34.7,21.7,752.99,2025-01-11,concluído
204,74,Sanca,,"Sanca - escritório, conforme orçamento aprovado.",metro linear,17.61,,,2026-01-29,Concluido
205,120,Forro Drywall,,"Forro Drywall - recepção da loja, conforme orçamento aprovado.",metro quadrado,71.89,95.0,6829.55,2025-12-31,concluído
206,249,Forro Drywall,,"Forro Drywall - cozinha, conforme orçamento aprovado.",metro quadrado,45.42,95.0,4314.9,2024-05-05,concluído
207,14,Sanca,,"Serviço de sanca solicitado para sala comercial, imóvel industrial.",metro linear,38.97,95.0,3702.15,2024-06-05,concluído
208,252,Gesso Liso,Parede Pintada,"Serviço de gesso liso solicitado para quarto principal, imóvel residencial.",m2,44.89,21.67,972.77,2024-01-19,CONCLUÍDO
209,19,Forro Drywall,,Execução de forro drywall em recepção da loja.,metro quadrado,6.66,87.95,585.75,2025-12-24,concluído
210,284,Gesso Liso,Parede Rebocada,"Gesso Liso - área externa, conforme orçamento aprovado.",metro quadrado,59.52,20.0,1190.4,2026-05-24,concluído
211,146,Moldura de Gesso,10cm,"Serviço de moldura de gesso solicitado para galpão industrial, imóvel residencial.",metro linear,14.86,15.0,222.9,2026-05-07,concluído
212,180,Forro Drywall,,Execução de forro drywall em fachada comercial.,metro quadrado,8.57,95.0,814.15,15/11/2024,concluído
213,236,Forro Drywall,,"Serviço de forro drywall solicitado para galpão industrial, imóvel residencial.",metro quadrado,57.28,95.0,5441.6,2025-03-07,concluído
214,251,Sanca,,"Serviço de sanca solicitado para fachada comercial, imóvel residencial.",metro linear,6.7,95.0,636.5,2025-05-29,concluído
215,39,Gesso Liso,Parede Pintada,Execução de gesso liso em área externa.,metro quadrado,72.07,22.0,1585.54,2024-02-18,concluído
216,304,Gesso Liso,Parede de Tijolo,"Serviço de gesso liso solicitado para sala comercial, imóvel industrial.",metro quadrado,31.28,29.06,909.0,2024-08-02,concluído
217,213,Forro Drywall,,"Forro Drywall - sala comercial, conforme orçamento aprovado.",metro quadrado,36.59,95.0,3476.05,2026-02-20,concluído
218,240,Gesso Liso,Parede Pintada,"Serviço de gesso liso solicitado para sala comercial, imóvel residencial.",metro quadrado,25.7,23.39,601.12,2026-07-17,concluído
219,154,Divisória Drywall,,"Divisória Drywall - cozinha, conforme orçamento aprovado.",metro quadrado,72.37,140.11,10139.76,2025-10-11,concluído
220,77,Divisória Drywall,,Execução de divisória drywall em escritório.,metro quadrado,19.55,125.59,2455.28,2025-07-27,CONCLUÍDO
221,143,Moldura de Gesso,10cm,Execução de moldura de gesso em galpão industrial.,metro linear,27.37,16.36,447.77,2025-05-12,concluído
222,187,Forro Drywall,,"Forro Drywall - sala comercial, conforme orçamento aprovado.",metro quadrado,58.41,95.0,5548.95,2026-05-09,concluído
223,269,Gesso Liso,Parede de Tijolo,"Gesso Liso - recepção da loja, conforme orçamento aprovado.",metro quadrado,24.4,30.0,732.0,2024-05-05,concluído
224,74,Forro Drywall,,Execução de forro drywall em galpão industrial.,metro quadrado,12.65,95.0,1201.75,2025-02-22,concluído
225,127,Forro Drywall,,"Forro Drywall - área externa, conforme orçamento aprovado.",metro quadrado,82.03,,,2025-01-06,concluído
226,123,Gesso 3D,,"Serviço de gesso 3d solicitado para escritório, imóvel industrial.",metro quadrado,24.49,180.0,4408.2,18/12/2025,concluído
227,131,Boiserie,,"Serviço de boiserie solicitado para recepção da loja, imóvel industrial.",metro linear,14.13,138.65,1959.12,2026-05-30,Concluido
228,252,Moldura de Gesso,15cm,"Serviço de moldura de gesso solicitado para fachada comercial, imóvel residencial.",metro linear,20.43,17.5,357.52,2026-06-16,Concluido
229,281,Moldura de Gesso,7cm,Execução de moldura de gesso em cozinha.,metro linear,30.3,12.0,363.6,2024-02-23,concluído
230,43,Forro Drywall,,"Serviço de forro drywall solicitado para recepção da loja, imóvel industrial.",metro quadrado,12.98,95.0,1233.1,2026-02-25,concluído
231,69,Moldura de Gesso,20cm,"Moldura de Gesso - recepção da loja, conforme orçamento aprovado.",metro linear,12.65,21.0,265.65,2024-07-22,concluído
232,286,Gesso 3D,,"Serviço de gesso 3d solicitado para área externa, imóvel residencial.",metro quadrado,56.42,196.84,11105.71,2024-07-22,concluído
233,88,Boiserie,,"Boiserie - corredor, conforme orçamento aprovado.",metro linear,38.05,150.0,5707.5,2025-03-21,concluído
234,137,Gesso 3D,,"Serviço de gesso 3d solicitado para escritório, imóvel residencial.",metro quadrado,27.32,180.0,4917.6,2026-05-26,concluído
235,135,sanca,,"Sanca - cozinha, conforme orçamento aprovado.",metro linear,11.71,95.0,1112.45,2025-08-19,concluído
236,197,Divisória Drywall,,"Divisória Drywall - corredor, conforme orçamento aprovado.",metro quadrado,61.38,130.0,7979.4,2024-04-07,concluído
237,307,Boiserie,,"Boiserie - galpão industrial, conforme orçamento aprovado.",metro linear,29.25,150.0,4387.5,2025-05-31,concluído
238,87,Divisória Drywall,,Execução de divisória drywall em galpão industrial.,metro quadrado,44.8,114.79,5142.59,2024-11-20,concluído
239,144,Boiserie,,Execução de boiserie em sala comercial.,metro linear,30.67,150.0,4600.5,2026-06-16,concluído
240,78,Boiserie,,Execução de boiserie em sala de estar.,metro linear,23.56,150.0,3534.0,2025-03-26,concluído
241,254,Forro Drywall,,Execução de forro drywall em cozinha.,metro quadrado,7.3,95.0,693.5,2025-05-11,concluído
242,87,Divisória Drywall,,Execução de divisória drywall em sala comercial.,metro quadrado,64.74,130.0,8416.2,2025-11-10,concluído
243,256,Sanca,,Execução de sanca em quarto principal.,metro linear,28.05,95.0,2664.75,2025-11-28,CONCLUÍDO
244,338,Forro Drywall,,"Forro Drywall - corredor, conforme orçamento aprovado.",metro quadrado,42.87,95.0,4072.65,2025-11-04,concluído
245,292,Gesso 3D,,"Serviço de gesso 3d solicitado para recepção da loja, imóvel residencial.",metro quadrado,14.47,165.73,2398.11,2026-03-28,concluído
246,205,Boiserie,,"Serviço de boiserie solicitado para cozinha, imóvel residencial.",metro linear,6.3,150.0,945.0,2026-03-09,concluído
247,159,Moldura de Gesso,7cm,"Moldura de Gesso - recepção da loja, conforme orçamento aprovado.",metro linear,36.44,12.0,437.28,2024-04-08,concluído
248,217,Sanca,,"Sanca - escritório, conforme orçamento aprovado.",metro linear,33.01,95.0,3135.95,2025-03-12,concluído
249,323,Gesso Liso,Parede Rebocada,"Serviço de gesso liso solicitado para cozinha, imóvel residencial.",metro quadrado,56.43,20.0,1128.6,2024-03-22,Concluido
250,152,Gesso Liso,Parede Rebocada,"Serviço de gesso liso solicitado para área externa, imóvel industrial.",metro quadrado,50.05,19.57,979.48,2025-06-06,concluído
251,258,Sanca,,"Sanca - fachada comercial, conforme orçamento aprovado.",metro linear,3.6,95.0,342.0,2026-03-16,concluído
252,320,Gesso Liso,Parede Pintada,Execução de gesso liso em quarto principal.,metro quadrado,69.43,23.16,1608.0,04/08/2024,concluído
253,88,Sanca,,"Sanca - área externa, conforme orçamento aprovado.",metro linear,27.26,95.0,2589.7,2025-11-04,CONCLUÍDO
254,203,Gesso Liso,Parede Pintada,"Gesso Liso - sala de estar, conforme orçamento aprovado.",m2,69.18,22.0,1521.96,2024-07-14,concluído
255,321,divisória drywall,,"Divisória Drywall - cozinha, conforme orçamento aprovado.",metro quadrado,73.51,130.0,9556.3,2026-02-27,concluído
256,242,Boiserie,,"Boiserie - sala de estar, conforme orçamento aprovado.",metro linear,3.73,150.0,559.5,2024-10-28,concluído
257,254,Forro Drywall,,"Serviço de forro drywall solicitado para área externa, imóvel industrial.",metro quadrado,63.7,95.0,6051.5,2024-10-24,concluído
258,10,Sanca,,"Serviço de sanca solicitado para área externa, imóvel industrial.",metro linear,18.61,95.0,1767.95,2026-07-03,concluído
259,83,Forro Drywall,,"Forro Drywall - área externa, conforme orçamento aprovado.",metro quadrado,27.33,95.0,2596.35,2024-08-25,concluído
260,151,Sanca,,"Serviço de sanca solicitado para cozinha, imóvel residencial.",metro linear,29.75,95.0,2826.25,2026-08-21,concluído
261,248,Sanca,,Execução de sanca em escritório.,metro linear,7.78,95.0,739.1,2024-04-13,concluído
262,134,Forro Drywall,,Execução de forro drywall em escritório.,metro quadrado,32.92,101.99,3357.51,2024-02-02,concluído
263,182,Boiserie,,"Serviço de boiserie solicitado para quarto principal, imóvel residencial.",metro linear,31.47,150.0,4720.5,2026-07-06,concluído
264,57,Boiserie,,Execução de boiserie em quarto principal.,metro linear,39.06,150.0,5859.0,2026-05-28,Concluido
265,81,Gesso 3D,,Execução de gesso 3d em cozinha.,metro quadrado,63.0,175.43,11052.09,2026-06-10,concluído
266,4,Forro Drywall,,"Forro Drywall - recepção da loja, conforme orçamento aprovado.",metro quadrado,23.87,95.0,2267.65,2025-06-01,concluído
267,272,Moldura de Gesso,7cm,"Serviço de moldura de gesso solicitado para galpão industrial, imóvel industrial.",metro linear,18.6,11.44,212.78,2025-02-23,Concluido
268,265,Sanca,,Execução de sanca em cozinha.,metro linear,37.91,95.0,3601.45,2026-03-01,concluído
269,339,Boiserie,,Execução de boiserie em galpão industrial.,metro linear,35.41,150.0,5311.5,2026-06-26,concluído
270,313,Moldura de Gesso,20cm,"Moldura de Gesso - corredor, conforme orçamento aprovado.",metro linear,37.06,20.0,741.2,2024-07-29,Concluido
271,155,Divisória Drywall,,"Divisória Drywall - fachada comercial, conforme orçamento aprovado.",metro quadrado,10.83,130.0,1407.9,2026-01-06,concluído
272,326,Gesso Liso,Parede Rebocada,Execução de gesso liso em sala comercial.,metro quadrado,16.96,19.96,338.52,2024-09-04,concluído
273,260,divisória drywall,,"Divisória Drywall - galpão industrial, conforme orçamento aprovado.",metro quadrado,32.71,130.0,4252.3,2024-05-07,concluído
274,322,Gesso Liso,Parede de Tijolo,"Gesso Liso - cozinha, conforme orçamento aprovado.",metro quadrado,57.91,30.0,1737.3,2024-11-02,concluído
275,265,Sanca,,Execução de sanca em quarto principal.,metro linear,24.55,95.0,2332.25,2024-04-10,concluído
276,190,Forro Drywall,,"Forro Drywall - recepção da loja, conforme orçamento aprovado.",metro quadrado,58.82,95.0,5587.9,2026-03-08,concluído
277,214,Gesso Liso,Parede Rebocada,Execução de gesso liso em sala comercial.,metro quadrado,70.73,20.0,1414.6,2025-12-29,concluído
278,81,Sanca,,Execução de sanca em fachada comercial.,metro linear,37.93,,,2025-09-08,Concluido
279,192,Forro Drywall,,"Forro Drywall - fachada comercial, conforme orçamento aprovado.",metro quadrado,28.56,84.13,2402.75,2025-08-26,concluído
280,179,Sanca,,"Sanca - corredor, conforme orçamento aprovado.",metro linear,5.5,95.0,522.5,2024-11-13,concluído
281,326,Sanca,,Execução de sanca em área externa.,metro linear,20.05,95.0,1904.75,2026-06-06,concluído
282,24,Forro Drywall,,Execução de forro drywall em fachada comercial.,m2,81.6,96.09,7840.94,2026-06-05,concluído
283,317,Sanca,,"Sanca - quarto principal, conforme orçamento aprovado.",metro linear,23.05,,,2025-06-18,concluído
284,106,Sanca,,Execução de sanca em corredor.,metro linear,12.08,91.3,1102.9,2026-04-06,concluído
285,13,Divisória Drywall,,Execução de divisória drywall em cozinha.,metro quadrado,73.63,130.0,9571.9,2024-04-27,CONCLUÍDO
286,87,Boiserie,,"Serviço de boiserie solicitado para recepção da loja, imóvel industrial.",metro linear,5.18,150.0,777.0,2025-12-31,concluído
287,62,Moldura de Gesso,15cm,"Serviço de moldura de gesso solicitado para quarto principal, imóvel residencial.",metro linear,4.92,17.0,83.64,2024-08-30,concluído
288,248,Forro Drywall,,Execução de forro drywall em sala comercial.,metro quadrado,6.34,81.19,514.74,2025-07-21,CONCLUÍDO
289,43,Forro Drywall,,"Forro Drywall - recepção da loja, conforme orçamento aprovado.",metro quadrado,72.55,84.13,6103.63,2025-07-07,CONCLUÍDO
290,238,Sanca,,"Sanca - área externa, conforme orçamento aprovado.",metro linear,38.56,95.0,3663.2,2024-06-20,concluído
291,324,Forro Drywall,,Execução de forro drywall em recepção da loja.,metro quadrado,21.23,95.0,2016.85,2024-06-14,concluído
292,222,Boiserie,,"Boiserie - corredor, conforme orçamento aprovado.",metro linear,10.8,160.65,1735.02,2026-08-26,concluído
293,236,Forro Drywall,,"Forro Drywall - cozinha, conforme orçamento aprovado.",metro quadrado,81.68,83.93,6855.4,2026-08-02,concluído
294,276,Moldura de Gesso,10cm,"Serviço de moldura de gesso solicitado para quarto principal, imóvel residencial.",metro linear,6.0,15.0,90.0,2025-07-05,concluído
295,91,Forro Drywall,,"Serviço de forro drywall solicitado para escritório, imóvel residencial.",metro quadrado,71.97,,,2024-05-07,concluído
296,99,Moldura de Gesso,7cm,"Moldura de Gesso - sala de estar, conforme orçamento aprovado.",metro linear,6.33,12.0,75.96,2026-01-05,concluído
297,101,Divisória Drywall,,"Divisória Drywall - área externa, conforme orçamento aprovado.",metro quadrado,83.73,130.0,10884.9,2024-10-11,concluído
298,66,Sanca,,Execução de sanca em escritório.,metro linear,30.6,,,2026-05-26,concluído
299,273,Gesso Liso,Parede Pintada,"Serviço de gesso liso solicitado para galpão industrial, imóvel residencial.",metro quadrado,53.77,18.71,1006.04,2025-03-13,concluído
300,239,Gesso Liso,Parede Pintada,"Serviço de gesso liso solicitado para corredor, imóvel residencial.",metro quadrado,44.14,22.0,971.08,2026-01-08,concluído
301,293,Sanca,,Execução de sanca em cozinha.,metro linear,32.88,95.0,3123.6,2025-12-07,concluído
302,246,Sanca,,"Serviço de sanca solicitado para galpão industrial, imóvel industrial.",metro linear,18.98,102.96,1954.18,2026-05-10,concluído
303,38,Divisória Drywall,,"Divisória Drywall - recepção da loja, conforme orçamento aprovado.",metro quadrado,66.84,130.82,8744.01,2025-08-15,concluído
304,227,Sanca,,"Sanca - recepção da loja, conforme orçamento aprovado.",metro linear,5.03,95.0,477.85,2024-04-14,concluído
305,307,Divisória Drywall,,"Divisória Drywall - galpão industrial, conforme orçamento aprovado.",metro quadrado,67.79,130.0,8812.7,2025-04-20,concluído
306,169,Forro Drywall,,"Forro Drywall - área externa, conforme orçamento aprovado.",metro quadrado,51.61,95.0,4902.95,2025-12-31,concluído
307,318,Forro Drywall,,"Forro Drywall - galpão industrial, conforme orçamento aprovado.",metro quadrado,40.01,82.19,3288.42,2024-11-15,concluído
308,159,Divisória Drywall,,"Divisória Drywall - sala comercial, conforme orçamento aprovado.",metro quadrado,52.87,,,2025-06-14,concluído
309,101,Forro Drywall,,"Serviço de forro drywall solicitado para corredor, imóvel residencial.",metro quadrado,83.1,95.0,7894.5,2024-03-11,concluído
310,172,Gesso Liso,Parede de Tijolo,"Gesso Liso - sala de estar, conforme orçamento aprovado.",metro quadrado,53.9,30.0,1617.0,2025-04-10,Concluido
311,123,Gesso Liso,Parede de Tijolo,"Serviço de gesso liso solicitado para galpão industrial, imóvel residencial.",metro quadrado,42.94,31.55,1354.76,2025-01-19,concluído
312,149,Sanca,,"Serviço de sanca solicitado para fachada comercial, imóvel residencial.",metro linear,19.3,89.3,1723.49,2024-01-31,concluído
313,101,Divisória Drywall,,"Serviço de divisória drywall solicitado para galpão industrial, imóvel industrial.",metro quadrado,5.74,111.18,638.17,2025-11-24,concluído
314,191,Forro Drywall,,Execução de forro drywall em cozinha.,metro quadrado,57.53,,,2025-09-30,Concluido
315,194,Divisória Drywall,,"Serviço de divisória drywall solicitado para escritório, imóvel industrial.",m2,60.24,130.0,7831.2,2025-10-13,concluído
316,28,Forro Drywall,,"Forro Drywall - quarto principal, conforme orçamento aprovado.",metro quadrado,54.99,95.0,5224.05,2025-06-04,CONCLUÍDO
317,199,Divisória Drywall,,"Divisória Drywall - sala comercial, conforme orçamento aprovado.",metro quadrado,64.86,130.0,8431.8,2025-05-25,concluído
318,298,Forro Drywall,,"Serviço de forro drywall solicitado para escritório, imóvel residencial.",metro quadrado,36.48,95.0,3465.6,2024-02-07,concluído
319,81,Forro Drywall,,"Serviço de forro drywall solicitado para escritório, imóvel residencial.",metro quadrado,79.78,95.0,7579.1,2024-05-17,concluído
320,231,Forro Drywall,,Execução de forro drywall em quarto principal.,metro quadrado,41.87,88.28,3696.28,2025-01-26,concluído
321,280,Gesso Liso,Parede Rebocada,"Serviço de gesso liso solicitado para galpão industrial, imóvel residencial.",metro quadrado,56.14,,,2024-04-10,concluído
322,141,Moldura de Gesso,7cm,"Serviço de moldura de gesso solicitado para sala de estar, imóvel industrial.",metro linear,10.05,12.0,120.6,2026-05-25,concluído
323,207,Moldura de Gesso,10cm,"Moldura de Gesso - recepção da loja, conforme orçamento aprovado.",metro linear,38.0,12.79,486.02,2025-10-31,concluído
324,265,Forro Drywall,,"Forro Drywall - escritório, conforme orçamento aprovado.",metro quadrado,51.55,95.0,4897.25,2026-04-13,concluído
325,286,Forro Drywall,,"Serviço de forro drywall solicitado para galpão industrial, imóvel residencial.",metro quadrado,6.44,88.01,566.78,2026-01-25,concluído
326,276,Forro Drywall,,"Forro Drywall - galpão industrial, conforme orçamento aprovado.",metro quadrado,28.27,95.0,2685.65,2024-02-02,Concluido
327,201,Gesso Liso,Parede de Tijolo,"Serviço de gesso liso solicitado para corredor, imóvel residencial.",metro quadrado,83.39,30.0,2501.7,2025-07-01,concluído
328,284,Sanca,,"Serviço de sanca solicitado para fachada comercial, imóvel residencial.",metro linear,9.57,95.0,909.15,2024-01-28,concluído
329,30,Sanca,,"Sanca - sala comercial, conforme orçamento aprovado.",metro linear,16.64,95.0,1580.8,2026-07-20,concluído
330,106,Boiserie,,"Boiserie - fachada comercial, conforme orçamento aprovado.",metro linear,7.81,150.0,1171.5,2025-12-27,concluído
331,104,Forro Drywall,,"Serviço de forro drywall solicitado para área externa, imóvel industrial.",metro quadrado,4.6,95.0,437.0,2025-02-12,concluído
332,47,Sanca,,Execução de sanca em cozinha.,metro linear,13.65,95.0,1296.75,2025-12-18,concluído
333,235,Moldura de Gesso,7cm,"Moldura de Gesso - cozinha, conforme orçamento aprovado.",metro linear,17.23,12.0,206.76,2024-04-07,concluído
334,35,Gesso Liso,Parede Pintada,Execução de gesso liso em galpão industrial.,metro quadrado,60.54,22.0,1331.88,2025-05-20,concluído
335,210,Moldura de Gesso,10cm,"Moldura de Gesso - corredor, conforme orçamento aprovado.",metro linear,19.68,15.0,295.2,2025-04-18,concluído
336,20,Divisória Drywall,,"Serviço de divisória drywall solicitado para escritório, imóvel residencial.",metro quadrado,4.87,121.13,589.9,2026-02-05,concluído
337,83,Moldura de Gesso,15cm,Execução de moldura de gesso em sala de estar.,metro linear,9.31,17.0,158.27,2024-10-28,concluído
338,18,Divisória Drywall,,"Serviço de divisória drywall solicitado para quarto principal, imóvel residencial.",metro quadrado,76.31,130.0,9920.3,2024-02-18,concluído
339,25,gesso liso,Parede de Tijolo,"Serviço de gesso liso solicitado para sala de estar, imóvel industrial.",metro quadrado,66.57,,,2025-01-18,Concluido
340,33,Gesso Liso,Parede Pintada,"Gesso Liso - galpão industrial, conforme orçamento aprovado.",m2,21.87,23.27,508.91,2024-06-20,concluído
341,278,Divisória Drywall,,Execução de divisória drywall em galpão industrial.,metro quadrado,36.0,130.0,4680.0,2024-04-18,concluído
342,143,Sanca,,"Sanca - quarto principal, conforme orçamento aprovado.",metro linear,27.05,95.0,2569.75,2024-08-11,concluído
343,308,Boiserie,,"Boiserie - galpão industrial, conforme orçamento aprovado.",metro linear,15.0,150.0,2250.0,2026-08-04,CONCLUÍDO
344,312,Forro Drywall,,Execução de forro drywall em escritório.,metro quadrado,77.88,95.0,7398.6,2026-01-29,concluído
345,125,Moldura de Gesso,7cm,"Moldura de Gesso - escritório, conforme orçamento aprovado.",metro linear,25.93,12.0,311.16,2024-10-30,concluído
346,169,Forro Drywall,,"Forro Drywall - sala de estar, conforme orçamento aprovado.",metro quadrado,14.88,81.69,1215.55,2026-03-21,CONCLUÍDO
347,277,Divisória Drywall,,Execução de divisória drywall em recepção da loja.,metro quadrado,8.38,,,2026-03-31,concluído
348,252,Sanca,,Execução de sanca em sala comercial.,metro linear,5.59,95.0,531.05,2024-05-24,Concluido
349,240,Sanca,,"Serviço de sanca solicitado para escritório, imóvel residencial.",metro linear,14.52,95.0,1379.4,2024-06-29,concluído
350,204,Boiserie,,"Serviço de boiserie solicitado para corredor, imóvel residencial.",metro linear,16.98,150.0,2547.0,2025-09-16,concluído
351,154,Sanca,,Execução de sanca em corredor.,metro linear,25.02,86.86,2173.24,2025-04-19,concluído
352,98,Divisória Drywall,,"Serviço de divisória drywall solicitado para galpão industrial, imóvel residencial.",metro quadrado,4.34,122.66,532.34,2025-02-18,Concluido
353,210,Gesso Liso,Parede de Tijolo,"Gesso Liso - fachada comercial, conforme orçamento aprovado.",metro quadrado,75.68,30.0,2270.4,2026-08-12,concluído
354,326,Moldura de Gesso,7cm,"Moldura de Gesso - galpão industrial, conforme orçamento aprovado.",metro linear,28.47,12.0,341.64,2026-08-06,concluído
355,76,Gesso Liso,Parede Pintada,Execução de gesso liso em cozinha.,metro quadrado,25.17,22.0,553.74,2024-09-17,concluído
356,204,Gesso 3D,,"Gesso 3D - fachada comercial, conforme orçamento aprovado.",metro quadrado,61.19,180.0,11014.2,2026-07-20,concluído
357,196,Gesso Liso,Parede Pintada,"Serviço de gesso liso solicitado para galpão industrial, imóvel industrial.",metro quadrado,51.47,23.78,1223.96,2026-06-09,concluído
358,204,Gesso 3D,,"Serviço de gesso 3d solicitado para sala comercial, imóvel residencial.",metro quadrado,0.0,180.0,,2025-05-18,concluído
359,192,Divisória Drywall,,"Divisória Drywall - cozinha, conforme orçamento aprovado.",metro quadrado,19.1,130.0,2483.0,2025-05-29,Concluido
360,133,Moldura de Gesso,10cm,Execução de moldura de gesso em fachada comercial.,metro linear,39.37,15.0,590.55,2026-07-23,concluído
361,300,Forro Drywall,,"Forro Drywall - sala de estar, conforme orçamento aprovado.",m2,23.02,80.98,1864.16,2024-09-29,concluído
362,267,Forro Drywall,,Execução de forro drywall em galpão industrial.,metro quadrado,83.94,,,2025-04-29,concluído
363,194,Gesso Liso,Parede Pintada,Execução de gesso liso em cozinha.,metro quadrado,53.48,23.13,1236.99,2024-01-04,concluído
364,128,divisória drywall,,"Serviço de divisória drywall solicitado para galpão industrial, imóvel residencial.",metro quadrado,33.84,130.0,4399.2,2025-05-01,concluído
365,167,Boiserie,,"Boiserie - corredor, conforme orçamento aprovado.",metro linear,28.08,150.0,4212.0,2026-01-26,concluído
366,151,Moldura de Gesso,7cm,"Moldura de Gesso - quarto principal, conforme orçamento aprovado.",metro linear,25.47,12.83,326.78,2026-03-14,Concluido
367,240,Boiserie,,"Boiserie - quarto principal, conforme orçamento aprovado.",metro linear,9.22,150.0,1383.0,2025-11-09,concluído
368,168,Gesso 3D,,"Gesso 3D - cozinha, conforme orçamento aprovado.",metro quadrado,77.11,180.0,13879.8,2024-09-20,concluído
369,171,Sanca,,"Sanca - recepção da loja, conforme orçamento aprovado.",metro linear,35.26,95.02,3350.41,2025-10-21,concluído
370,120,Forro Drywall,,Execução de forro drywall em quarto principal.,metro quadrado,22.11,95.0,2100.45,2024-04-01,concluído
371,296,Boiserie,,Execução de boiserie em galpão industrial.,metro linear,30.27,150.0,4540.5,2024-07-13,concluído
372,114,Gesso Liso,Parede de Tijolo,"Serviço de gesso liso solicitado para corredor, imóvel residencial.",metro quadrado,0.0,27.87,,2026-04-15,Concluido
373,18,Gesso Liso,Parede Pintada,"Gesso Liso - escritório, conforme orçamento aprovado.",metro quadrado,52.51,,,2024-05-06,concluído
374,171,Sanca,,"Sanca - cozinha, conforme orçamento aprovado.",metro linear,8.65,102.94,890.43,2024-08-18,concluído
375,338,Boiserie,,"Boiserie - recepção da loja, conforme orçamento aprovado.",metro linear,36.76,150.0,5514.0,2025-02-05,concluído
376,100,Divisória Drywall,,Execução de divisória drywall em fachada comercial.,metro quadrado,60.79,130.0,7902.7,2024-11-27,concluído
377,248,Forro Drywall,,Execução de forro drywall em área externa.,metro quadrado,27.58,95.0,2620.1,2026-02-05,concluído
378,87,Boiserie,,Execução de boiserie em galpão industrial.,metro linear,37.26,,,2024-07-02,Concluido
379,18,Forro Drywall,,"Forro Drywall - quarto principal, conforme orçamento aprovado.",metro quadrado,13.62,95.0,1293.9,2025-09-02,CONCLUÍDO
380,228,Gesso Liso,Parede de Tijolo,"Gesso Liso - área externa, conforme orçamento aprovado.",metro quadrado,33.75,30.0,1012.5,2025-05-15,concluído
381,49,Gesso Liso,Parede Pintada,"Gesso Liso - galpão industrial, conforme orçamento aprovado.",metro quadrado,68.34,22.0,1503.48,2025-10-22,concluído
382,11,Moldura de Gesso,15cm,Execução de moldura de gesso em quarto principal.,metro linear,17.57,16.7,293.42,2024-03-06,concluído
383,93,Moldura de Gesso,20cm,Execução de moldura de gesso em escritório.,metro linear,34.89,20.0,697.8,2025-04-02,concluído
384,18,Moldura de Gesso,15cm,Execução de moldura de gesso em sala de estar.,metro linear,6.13,17.0,104.21,2026-09-16,concluído
385,151,Gesso Liso,Parede Rebocada,Execução de gesso liso em área externa.,metro quadrado,57.39,20.0,1147.8,2025-12-12,concluído
386,23,Gesso Liso,Parede Pintada,Execução de gesso liso em área externa.,metro quadrado,23.21,22.0,510.62,2026-05-02,concluído
387,282,Forro Drywall,,Execução de forro drywall em cozinha.,metro quadrado,24.65,90.25,2224.66,2024-03-26,Concluido
388,325,Divisória Drywall,,"Serviço de divisória drywall solicitado para cozinha, imóvel residencial.",metro quadrado,60.44,130.0,7857.2,2025-11-04,concluído
389,127,Boiserie,,Execução de boiserie em galpão industrial.,metro linear,5.87,150.0,880.5,2025-07-15,concluído
390,6,Divisória Drywall,,"Serviço de divisória drywall solicitado para sala comercial, imóvel residencial.",metro quadrado,11.93,130.0,1550.9,2026-09-01,em andamento
391,49,Moldura de Gesso,15cm,"Moldura de Gesso - recepção da loja, conforme orçamento aprovado.",m linear,22.57,16.79,378.95,2025-09-14,concluído
392,283,Moldura de Gesso,10cm,"Moldura de Gesso - cozinha, conforme orçamento aprovado.",metro linear,25.0,15.0,375.0,2024-05-10,concluído
393,328,Sanca,,"Sanca - galpão industrial, conforme orçamento aprovado.",metro linear,39.06,95.0,3710.7,2025-09-15,concluído
394,267,Boiserie,,Execução de boiserie em quarto principal.,metro linear,37.84,138.94,5257.49,2026-05-28,concluído
395,85,Gesso 3D,,"Gesso 3D - recepção da loja, conforme orçamento aprovado.",metro quadrado,50.6,180.0,9108.0,2026-08-09,concluído
396,273,Gesso Liso,Parede Rebocada,Execução de gesso liso em sala comercial.,m2,60.53,20.0,1210.6,2026-07-21,concluído
397,271,Gesso Liso,Parede Pintada,"Serviço de gesso liso solicitado para escritório, imóvel residencial.",metro quadrado,59.41,22.0,1307.02,2024-06-21,concluído
398,27,Gesso Liso,Parede Rebocada,"Serviço de gesso liso solicitado para quarto principal, imóvel residencial.",metro quadrado,38.24,20.0,764.8,2024-04-25,concluído
399,324,Divisória Drywall,,"Serviço de divisória drywall solicitado para corredor, imóvel industrial.",metro quadrado,50.08,130.0,6510.4,2026-08-13,CONCLUÍDO
400,236,sanca,,Execução de sanca em recepção da loja.,metro linear,15.16,95.0,1440.2,2026-06-30,concluído
401,211,Moldura de Gesso,20cm,Execução de moldura de gesso em galpão industrial.,metro linear,7.58,20.0,151.6,2025-11-03,concluído
402,225,Divisória Drywall,,"Serviço de divisória drywall solicitado para escritório, imóvel residencial.",metro quadrado,57.16,130.0,7430.8,2026-02-04,concluído
403,170,Forro Drywall,,"Forro Drywall - corredor, conforme orçamento aprovado.",metro quadrado,76.98,95.0,7313.1,2025-05-05,CONCLUÍDO
404,205,Forro Drywall,,"Forro Drywall - galpão industrial, conforme orçamento aprovado.",metro quadrado,44.65,89.99,4018.05,2024-04-22,CONCLUÍDO
405,176,Gesso Liso,Parede Pintada,"Gesso Liso - escritório, conforme orçamento aprovado.",metro quadrado,38.8,22.0,853.6,2025-05-06,concluído
406,59,Divisória Drywall,,"Divisória Drywall - quarto principal, conforme orçamento aprovado.",metro quadrado,74.0,130.0,9620.0,2026-04-20,concluído
407,303,Divisória Drywall,,Execução de divisória drywall em recepção da loja.,metro quadrado,54.94,130.0,7142.2,2025-02-14,concluído
408,209,Sanca,,"Serviço de sanca solicitado para sala de estar, imóvel residencial.",metro linear,22.42,,,2024-08-15,concluído
409,215,Gesso 3D,,"Gesso 3D - corredor, conforme orçamento aprovado.",metro quadrado,24.0,180.0,4320.0,2024-01-01,concluído
410,252,Divisória Drywall,,"Serviço de divisória drywall solicitado para galpão industrial, imóvel residencial.",metro quadrado,33.45,130.0,4348.5,2024-01-14,concluído
411,310,Gesso Liso,Parede de Tijolo,"Gesso Liso - área externa, conforme orçamento aprovado.",metro quadrado,34.1,30.0,1023.0,2025-01-28,concluído
412,98,Moldura de Gesso,20cm,Execução de moldura de gesso em escritório.,metro linear,10.14,20.0,202.8,2026-08-22,concluído
413,282,Divisória Drywall,,Execução de divisória drywall em quarto principal.,metro quadrado,61.64,138.0,8506.32,2025-07-27,CONCLUÍDO
414,258,Gesso Liso,Parede Rebocada,"Gesso Liso - sala de estar, conforme orçamento aprovado.",metro quadrado,68.06,20.0,1361.2,2026-09-17,orçado
415,254,Moldura de Gesso,15cm,"Serviço de moldura de gesso solicitado para recepção da loja, imóvel residencial.",metro linear,28.33,,,2024-06-18,concluído
416,293,Sanca,,"Serviço de sanca solicitado para escritório, imóvel residencial.",metro linear,11.06,99.53,1100.8,2025-04-11,concluído
417,24,Divisória Drywall,,Execução de divisória drywall em sala de estar.,metro quadrado,47.22,130.0,6138.6,2026-08-22,Concluido
418,60,Divisória Drywall,,"Serviço de divisória drywall solicitado para fachada comercial, imóvel residencial.",metro quadrado,4.11,130.0,534.3,2025-01-12,concluído
419,30,Forro Drywall,,"Forro Drywall - sala comercial, conforme orçamento aprovado.",metro quadrado,54.7,95.0,5196.5,2026-01-18,CONCLUÍDO
420,196,Moldura de Gesso,7cm,"Moldura de Gesso - fachada comercial, conforme orçamento aprovado.",metro linear,37.99,12.0,455.88,2025-09-10,concluído
421,80,Moldura de Gesso,7cm,Execução de moldura de gesso em cozinha.,metro linear,19.5,12.0,234.0,2024-05-31,Concluido
422,93,Gesso Liso,Parede Rebocada,Execução de gesso liso em cozinha.,metro quadrado,56.45,20.0,1129.0,2024-06-30,concluído
423,207,Gesso Liso,Parede Pintada,"Gesso Liso - sala de estar, conforme orçamento aprovado.",metro quadrado,12.12,23.14,280.46,2025-09-09,concluído
424,43,Sanca,,Execução de sanca em galpão industrial.,metro linear,12.9,95.0,1225.5,2026-03-22,CONCLUÍDO
425,289,Forro Drywall,,Execução de forro drywall em sala comercial.,metro quadrado,76.28,95.0,7246.6,2025-05-05,concluído
426,262,Forro Drywall,,"Forro Drywall - fachada comercial, conforme orçamento aprovado.",metro quadrado,75.8,95.0,7201.0,2024-08-17,concluído
427,58,Moldura de Gesso,20cm,Execução de moldura de gesso em quarto principal.,metro linear,21.2,20.0,424.0,2026-09-06,concluído
428,92,Gesso Liso,Parede de Tijolo,Execução de gesso liso em fachada comercial.,metro quadrado,38.72,30.0,1161.6,2025-03-11,concluído
429,189,Gesso Liso,Parede Rebocada,"Serviço de gesso liso solicitado para cozinha, imóvel residencial.",metro quadrado,79.56,20.0,1591.2,2024-03-19,concluído
430,245,Moldura de Gesso,10cm,"Serviço de moldura de gesso solicitado para cozinha, imóvel industrial.",metro linear,33.14,15.0,497.1,2026-01-14,concluído
431,212,Forro Drywall,,"Serviço de forro drywall solicitado para corredor, imóvel residencial.",metro quadrado,52.74,95.0,5010.3,2026-08-24,concluído
432,197,Moldura de Gesso,15cm,Execução de moldura de gesso em escritório.,metro linear,6.09,17.0,103.53,2026-03-06,concluído
433,286,Sanca,,Execução de sanca em cozinha.,metro linear,20.54,95.0,1951.3,2026-07-22,concluído
434,216,Gesso Liso,Parede Rebocada,"Serviço de gesso liso solicitado para sala de estar, imóvel residencial.",metro quadrado,23.64,20.0,472.8,2024-05-21,concluído
435,340,Gesso Liso,Parede Pintada,"Serviço de gesso liso solicitado para quarto principal, imóvel residencial.",metro quadrado,51.11,22.0,1124.42,2024-06-10,concluído
436,72,Divisória Drywall,,Execução de divisória drywall em sala de estar.,metro quadrado,64.6,130.0,8398.0,2025-02-25,concluído
437,310,Gesso Liso,Parede Pintada,"Gesso Liso - fachada comercial, conforme orçamento aprovado.",metro quadrado,64.84,22.0,1426.48,2026-05-02,concluído
438,81,Divisória Drywall,,Execução de divisória drywall em sala de estar.,metro quadrado,26.02,130.0,3382.6,2026-08-31,em andamento
439,310,Boiserie,,"Boiserie - sala de estar, conforme orçamento aprovado.",metro linear,34.14,150.0,5121.0,2024-11-16,concluído
440,54,Divisória Drywall,,"Serviço de divisória drywall solicitado para sala de estar, imóvel industrial.",metro quadrado,10.3,111.41,1147.52,2024-10-15,concluído
441,17,Divisória Drywall,,"Serviço de divisória drywall solicitado para galpão industrial, imóvel residencial.",metro quadrado,23.47,130.0,3051.1,15/02/2024,concluído
442,145,Forro Drywall,,"Forro Drywall - quarto principal, conforme orçamento aprovado.",metro quadrado,81.66,95.0,7757.7,2025-02-04,concluído
443,77,Gesso Liso,Parede Rebocada,"Gesso Liso - corredor, conforme orçamento aprovado.",metro quadrado,5.92,20.0,118.4,2026-06-08,Concluido
444,111,Moldura de Gesso,7cm,"Serviço de moldura de gesso solicitado para sala comercial, imóvel industrial.",metro linear,32.88,10.68,351.16,2026-09-13,concluído
445,149,Sanca,,Execução de sanca em área externa.,metro linear,16.33,95.0,1551.35,2026-07-01,concluído
446,50,Boiserie,,Execução de boiserie em cozinha.,metro linear,32.77,148.02,4850.62,2026-09-19,orçado
447,181,Gesso Liso,Parede de Tijolo,"Gesso Liso - cozinha, conforme orçamento aprovado.",metro quadrado,11.23,27.43,308.04,2025-04-29,CONCLUÍDO
448,147,Forro Drywall,,"Forro Drywall - quarto principal, conforme orçamento aprovado.",metro quadrado,36.48,83.81,3057.39,2025-01-10,concluído
449,22,Moldura de Gesso,20cm,"Serviço de moldura de gesso solicitado para recepção da loja, imóvel residencial.",metro linear,25.96,18.22,472.99,2026-04-20,concluído
450,237,Divisória Drywall,,"Serviço de divisória drywall solicitado para quarto principal, imóvel industrial.",metro quadrado,58.2,130.0,7566.0,2025-07-01,Concluido
451,169,Divisória Drywall,,"Serviço de divisória drywall solicitado para sala de estar, imóvel residencial.",metro quadrado,9.22,130.0,1198.6,2024-08-05,concluído
452,291,Divisória Drywall,,Execução de divisória drywall em escritório.,metro quadrado,6.54,130.0,850.2,2026-08-16,concluído
453,139,Gesso Liso,Parede Pintada,"Gesso Liso - recepção da loja, conforme orçamento aprovado.",metro quadrado,24.42,22.0,537.24,2024-10-07,concluído
454,28,Divisória Drywall,,"Divisória Drywall - corredor, conforme orçamento aprovado.",metro quadrado,11.49,130.0,1493.7,2026-02-10,concluído
455,224,Boiserie,,"Serviço de boiserie solicitado para área externa, imóvel residencial.",metro linear,16.12,150.0,2418.0,2024-01-11,concluído
456,163,Moldura de Gesso,15cm,"Moldura de Gesso - recepção da loja, conforme orçamento aprovado.",metro linear,3.52,,,26/05/2025,Concluido
457,65,Forro Drywall,,"Forro Drywall - sala comercial, conforme orçamento aprovado.",metro quadrado,55.38,95.0,5261.1,2024-02-07,concluído
458,98,Forro Drywall,,"Forro Drywall - quarto principal, conforme orçamento aprovado.",metro quadrado,82.71,95.0,7857.45,2026-04-13,concluído
459,181,Forro Drywall,,"Forro Drywall - galpão industrial, conforme orçamento aprovado.",metro quadrado,32.53,95.0,3090.35,2026-02-22,concluído
460,146,Forro Drywall,,Execução de forro drywall em quarto principal.,metro quadrado,72.45,95.0,6882.75,2024-10-17,concluído
461,211,Sanca,,"Serviço de sanca solicitado para sala de estar, imóvel residencial.",metro linear,6.84,95.0,649.8,2025-07-11,concluído
462,283,Moldura de Gesso,10cm,"Serviço de moldura de gesso solicitado para recepção da loja, imóvel residencial.",metro linear,17.1,15.0,256.5,2024-05-07,concluído
463,138,Gesso Liso,Parede Rebocada,Execução de gesso liso em sala de estar.,m2,75.25,20.98,1578.75,2025-02-28,concluído
464,266,Moldura de Gesso,15cm,"Moldura de Gesso - recepção da loja, conforme orçamento aprovado.",metro linear,33.34,17.0,566.78,2026-09-09,concluído
465,296,Sanca,,"Sanca - recepção da loja, conforme orçamento aprovado.",metro linear,18.88,95.0,1793.6,2026-01-15,concluído
466,324,Gesso Liso,Parede Rebocada,Execução de gesso liso em quarto principal.,metro quadrado,50.73,21.58,1094.75,2026-05-07,concluído
467,15,Gesso Liso,Parede de Tijolo,"Serviço de gesso liso solicitado para corredor, imóvel residencial.",metro quadrado,54.07,,,2025-08-08,concluído
468,114,Gesso Liso,Parede Pintada,Execução de gesso liso em sala de estar.,metro quadrado,28.05,22.0,617.1,2026-03-09,concluído
469,297,Gesso Liso,Parede Pintada,"Serviço de gesso liso solicitado para quarto principal, imóvel residencial.",metro quadrado,74.22,,,2024-05-05,concluído
470,52,Divisória Drywall,,"Divisória Drywall - recepção da loja, conforme orçamento aprovado.",metro quadrado,43.77,130.0,5690.1,2026-09-09,concluído
471,93,Moldura de Gesso,15cm,"Moldura de Gesso - galpão industrial, conforme orçamento aprovado.",m linear,14.05,17.0,238.85,2025-10-08,concluído
472,268,Sanca,,Execução de sanca em escritório.,metro linear,30.44,95.0,2891.8,2024-01-31,concluído
473,71,Sanca,,"Serviço de sanca solicitado para sala comercial, imóvel residencial.",metro linear,11.13,,,2024-10-01,concluído
474,263,Gesso Liso,Parede Rebocada,"Gesso Liso - recepção da loja, conforme orçamento aprovado.",metro quadrado,80.65,20.0,1613.0,2024-07-21,concluído
475,250,Moldura de Gesso,10cm,"Serviço de moldura de gesso solicitado para recepção da loja, imóvel residencial.",metro linear,19.04,15.0,285.6,2024-10-05,concluído
476,33,Gesso Liso,Parede de Tijolo,Execução de gesso liso em sala comercial.,metro quadrado,40.4,,,2024-09-16,concluído
477,220,Moldura de Gesso,15cm,Execução de moldura de gesso em sala de estar.,metro linear,32.26,17.0,548.42,2025-11-03,concluído
478,291,Divisória Drywall,,"Divisória Drywall - sala comercial, conforme orçamento aprovado.",metro quadrado,68.41,130.0,8893.3,2025-01-29,concluído
479,39,Moldura de Gesso,15cm,"Serviço de moldura de gesso solicitado para corredor, imóvel residencial.",metro linear,24.24,17.0,412.08,2025-03-21,concluído
480,88,Sanca,,"Serviço de sanca solicitado para sala de estar, imóvel industrial.",metro linear,25.25,95.0,2398.75,2024-01-22,concluído
481,19,Boiserie,,"Serviço de boiserie solicitado para recepção da loja, imóvel residencial.",metro linear,36.15,150.0,5422.5,2025-10-22,concluído
482,41,Forro Drywall,,"Forro Drywall - quarto principal, conforme orçamento aprovado.",metro quadrado,49.07,95.0,4661.65,2025-02-06,concluído
483,6,Divisória Drywall,,"Divisória Drywall - galpão industrial, conforme orçamento aprovado.",metro quadrado,15.24,134.04,2042.77,2024-08-19,concluído
484,27,Gesso 3D,,Execução de gesso 3d em recepção da loja.,metro quadrado,25.03,180.0,4505.4,2026-08-27,concluído
485,62,Gesso Liso,Parede de Tijolo,"Gesso Liso - sala comercial, conforme orçamento aprovado.",metro quadrado,14.23,32.16,457.64,2026-09-16,em andamento
486,144,Gesso Liso,Parede Rebocada,"Gesso Liso - escritório, conforme orçamento aprovado.",metro quadrado,30.07,20.0,601.4,2024-09-27,concluído
487,39,Gesso Liso,Parede Pintada,"Gesso Liso - galpão industrial, conforme orçamento aprovado.",metro quadrado,82.71,22.0,1819.62,2024-08-09,concluído
488,161,Gesso Liso,Parede Rebocada,"Serviço de gesso liso solicitado para galpão industrial, imóvel residencial.",metro quadrado,65.6,20.0,1312.0,2024-06-06,concluído
489,205,Gesso Liso,Parede Rebocada,"Gesso Liso - corredor, conforme orçamento aprovado.",metro quadrado,19.22,20.0,384.4,2024-11-10,CONCLUÍDO
490,236,Sanca,,Execução de sanca em galpão industrial.,metro linear,9.92,95.0,942.4,2025-04-08,concluído
491,171,Forro Drywall,,"Forro Drywall - escritório, conforme orçamento aprovado.",metro quadrado,8.31,95.0,789.45,2025-10-26,concluído
492,266,Gesso Liso,Parede de Tijolo,Execução de gesso liso em sala de estar.,metro quadrado,39.12,30.0,1173.6,2026-09-08,em andamento
493,116,Sanca,,Execução de sanca em fachada comercial.,metro linear,35.66,95.0,3387.7,2025-02-06,concluído
494,148,Forro Drywall,,"Forro Drywall - fachada comercial, conforme orçamento aprovado.",metro quadrado,61.17,95.0,5811.15,2024-07-08,concluído
495,36,Forro Drywall,,"Serviço de forro drywall solicitado para sala de estar, imóvel residencial.",metro quadrado,17.5,95.0,1662.5,2026-09-12,em andamento
496,5,Divisória Drywall,,"Serviço de divisória drywall solicitado para sala de estar, imóvel residencial.",metro quadrado,52.11,130.0,6774.3,2025-05-15,Concluido
497,86,Gesso Liso,Parede Rebocada,"Serviço de gesso liso solicitado para sala comercial, imóvel residencial.",metro quadrado,65.15,20.0,1303.0,2026-04-03,concluído
498,181,Forro Drywall,,"Forro Drywall - quarto principal, conforme orçamento aprovado.",metro quadrado,28.39,95.0,2697.05,2025-11-10,Concluido
499,211,Sanca,,"Sanca - recepção da loja, conforme orçamento aprovado.",metro linear,34.68,95.0,3294.6,2025-05-24,concluído
500,194,Gesso 3D,,"Gesso 3D - cozinha, conforme orçamento aprovado.",metro quadrado,55.74,183.55,10231.08,2026-07-09,Concluido
501,302,Forro Drywall,,"Serviço de forro drywall solicitado para quarto principal, imóvel residencial.",metro quadrado,37.8,95.0,3591.0,2024-02-12,concluído
502,178,Moldura de Gesso,10cm,"Moldura de Gesso - fachada comercial, conforme orçamento aprovado.",metro linear,13.67,15.0,205.05,2025-12-02,concluído
503,34,Forro Drywall,,"Forro Drywall - sala de estar, conforme orçamento aprovado.",metro quadrado,68.78,95.0,6534.1,2024-10-16,concluído
504,71,Sanca,,Execução de sanca em cozinha.,metro linear,15.96,96.55,1540.94,2026-02-26,concluído
505,149,Gesso 3D,,"Serviço de gesso 3d solicitado para quarto principal, imóvel industrial.",metro quadrado,21.73,180.0,3911.4,2026-04-11,concluído
506,224,Divisória Drywall,,Execução de divisória drywall em escritório.,metro quadrado,58.99,130.0,7668.7,2025-11-30,concluído
507,237,Gesso 3D,,"Serviço de gesso 3d solicitado para galpão industrial, imóvel residencial.",metro quadrado,48.21,172.66,8323.94,2024-05-21,concluído
508,237,Boiserie,,"Serviço de boiserie solicitado para escritório, imóvel residencial.",metro linear,4.02,,,2025-03-07,concluído
509,290,Gesso Liso,Parede Rebocada,Execução de gesso liso em corredor.,metro quadrado,75.1,17.63,1324.01,2025-11-17,concluído
510,333,Moldura de Gesso,15cm,Execução de moldura de gesso em sala comercial.,metro linear,6.96,16.85,117.28,2025-12-08,concluído
511,288,Gesso Liso,Parede Rebocada,"Gesso Liso - sala de estar, conforme orçamento aprovado.",metro quadrado,63.97,20.0,1279.4,2025-11-22,concluído
512,1,Sanca,,Execução de sanca em corredor.,metro linear,8.66,95.0,822.7,2024-09-10,concluído
513,95,Forro Drywall,,"Forro Drywall - quarto principal, conforme orçamento aprovado.",metro quadrado,70.44,95.0,6691.8,2026-04-21,concluído
514,337,Sanca,,"Sanca - área externa, conforme orçamento aprovado.",metro linear,11.91,95.0,1131.45,2024-07-24,concluído
515,55,forro drywall,,"Forro Drywall - fachada comercial, conforme orçamento aprovado.",metro quadrado,41.58,95.0,3950.1,2024-10-17,concluído
516,22,Gesso Liso,Parede de Tijolo,"Gesso Liso - galpão industrial, conforme orçamento aprovado.",metro quadrado,77.56,30.0,2326.8,2026-06-22,concluído
517,269,Gesso 3D,,"Gesso 3D - cozinha, conforme orçamento aprovado.",metro quadrado,35.64,180.0,6415.2,2024-12-26,concluído
518,331,Forro Drywall,,"Forro Drywall - sala comercial, conforme orçamento aprovado.",metro quadrado,43.18,95.0,4102.1,2024-07-03,concluído
519,179,Boiserie,,"Boiserie - quarto principal, conforme orçamento aprovado.",metro linear,24.63,150.0,3694.5,2024-01-31,Concluido
520,122,Moldura de Gesso,10cm,Execução de moldura de gesso em sala de estar.,metro linear,6.9,14.19,97.91,2025-03-06,Concluido
521,324,Forro Drywall,,"Serviço de forro drywall solicitado para sala comercial, imóvel residencial.",metro quadrado,72.1,95.0,6849.5,2025-12-16,concluído
522,116,Gesso Liso,Parede Pintada,Execução de gesso liso em quarto principal.,m2,20.3,23.15,469.94,2024-07-15,concluído
523,209,Forro Drywall,,Execução de forro drywall em corredor.,metro quadrado,50.03,95.0,4752.85,2025-11-29,concluído
524,181,Forro Drywall,,"Forro Drywall - quarto principal, conforme orçamento aprovado.",metro quadrado,32.88,99.79,3281.1,2025-03-25,concluído
525,119,Sanca,,Execução de sanca em galpão industrial.,metro linear,4.9,95.0,465.5,2026-04-21,Concluido
526,295,Sanca,,"Serviço de sanca solicitado para quarto principal, imóvel residencial.",metro linear,11.93,95.0,1133.35,2024-11-15,concluído
527,216,Sanca,,Execução de sanca em sala de estar.,metro linear,12.65,84.06,1063.36,2025-07-14,concluído
528,313,Gesso Liso,Parede de Tijolo,"Serviço de gesso liso solicitado para quarto principal, imóvel industrial.",metro quadrado,60.95,30.0,1828.5,2024-03-13,Concluido
529,22,Divisória Drywall,,Execução de divisória drywall em escritório.,metro quadrado,12.43,130.0,1615.9,2024-12-24,concluído
530,101,Moldura de Gesso,10cm,"Serviço de moldura de gesso solicitado para recepção da loja, imóvel residencial.",metro linear,22.76,15.0,341.4,2026-01-25,concluído
531,60,Gesso Liso,Parede Rebocada,"Gesso Liso - escritório, conforme orçamento aprovado.",metro quadrado,39.47,,,11/01/2025,concluído
532,275,Forro Drywall,,Execução de forro drywall em corredor.,metro quadrado,50.01,95.0,4750.95,2026-01-07,concluído
533,126,Gesso Liso,Parede de Tijolo,"Gesso Liso - sala comercial, conforme orçamento aprovado.",metro quadrado,84.85,30.0,2545.5,2025-11-04,concluído
534,113,Forro Drywall,,"Forro Drywall - fachada comercial, conforme orçamento aprovado.",metro quadrado,39.93,95.0,3793.35,2025-07-18,concluído
535,211,Sanca,,Execução de sanca em fachada comercial.,metro linear,29.1,95.0,2764.5,2024-07-27,Concluido
536,73,Moldura de Gesso,7cm,"Moldura de Gesso - sala de estar, conforme orçamento aprovado.",metro linear,4.33,12.0,51.96,2026-02-21,concluído
537,44,Moldura de Gesso,15cm,"Moldura de Gesso - escritório, conforme orçamento aprovado.",metro linear,5.21,17.0,88.57,2024-01-20,Concluido
538,157,Sanca,,"Sanca - fachada comercial, conforme orçamento aprovado.",metro linear,4.16,,,2026-07-20,concluído
539,319,Sanca,,"Sanca - fachada comercial, conforme orçamento aprovado.",metro linear,19.06,98.22,1872.07,2024-02-28,concluído
540,291,Gesso Liso,Parede de Tijolo,"Gesso Liso - sala de estar, conforme orçamento aprovado.",metro quadrado,66.29,,,2025-04-23,concluído
541,128,Sanca,,"Serviço de sanca solicitado para área externa, imóvel residencial.",metro linear,31.54,95.0,2996.3,2024-02-09,concluído
542,136,Forro Drywall,,Execução de forro drywall em sala comercial.,metro quadrado,72.66,95.0,6902.7,2024-01-10,concluído
543,313,Sanca,,Execução de sanca em cozinha.,metro linear,23.4,95.0,2223.0,2024-09-21,concluído
544,26,Gesso Liso,Parede de Tijolo,"Gesso Liso - escritório, conforme orçamento aprovado.",metro quadrado,22.85,30.0,685.5,2025-06-02,Concluido
545,9,Boiserie,,"Boiserie - sala comercial, conforme orçamento aprovado.",metro linear,28.1,150.0,4215.0,2026-01-05,concluído
546,293,divisória drywall,,"Serviço de divisória drywall solicitado para área externa, imóvel industrial.",metro quadrado,34.08,130.0,4430.4,2025-10-19,concluído
547,192,Moldura de Gesso,20cm,"Moldura de Gesso - área externa, conforme orçamento aprovado.",metro linear,20.42,20.0,408.4,2024-06-13,concluído
548,261,Forro Drywall,,"Forro Drywall - recepção da loja, conforme orçamento aprovado.",m2,67.46,,,2025-01-22,concluído
549,115,Sanca,,"Sanca - sala comercial, conforme orçamento aprovado.",metro linear,23.92,95.0,2272.4,2026-01-21,concluído
550,226,Gesso Liso,Parede Rebocada,"Serviço de gesso liso solicitado para galpão industrial, imóvel residencial.",metro quadrado,29.67,20.0,593.4,2026-07-21,concluído
551,124,Sanca,,"Serviço de sanca solicitado para corredor, imóvel residencial.",metro linear,19.47,95.0,1849.65,2024-03-22,concluído
552,65,Divisória Drywall,,"Serviço de divisória drywall solicitado para galpão industrial, imóvel residencial.",metro quadrado,78.98,132.41,10457.74,2025-11-12,concluído
553,295,Boiserie,,"Boiserie - fachada comercial, conforme orçamento aprovado.",m linear,21.29,150.0,3193.5,2024-07-03,Concluido
554,65,Moldura de Gesso,7cm,"Serviço de moldura de gesso solicitado para recepção da loja, imóvel industrial.",metro linear,35.17,12.0,422.04,2024-06-19,CONCLUÍDO
555,124,Gesso Liso,Parede Pintada,"Serviço de gesso liso solicitado para quarto principal, imóvel residencial.",metro quadrado,61.67,23.64,1457.88,2025-08-28,concluído
556,323,Gesso 3D,,"Gesso 3D - área externa, conforme orçamento aprovado.",metro quadrado,40.43,180.0,7277.4,2025-05-03,concluído
557,304,Moldura de Gesso,20cm,"Serviço de moldura de gesso solicitado para quarto principal, imóvel residencial.",metro linear,24.94,20.0,498.8,2024-11-24,concluído
558,269,Gesso Liso,Parede de Tijolo,"Gesso Liso - sala de estar, conforme orçamento aprovado.",metro quadrado,50.97,30.0,1529.1,2024-11-26,concluído
559,221,Moldura de Gesso,7cm,Execução de moldura de gesso em corredor.,metro linear,22.21,12.0,266.52,2024-04-11,concluído
560,311,Gesso 3D,,Execução de gesso 3d em cozinha.,metro quadrado,65.03,180.0,11705.4,2024-05-24,concluído
561,100,Gesso Liso,Parede Rebocada,"Serviço de gesso liso solicitado para corredor, imóvel residencial.",metro quadrado,4.54,20.0,90.8,2024-07-27,concluído
562,62,Sanca,,"Sanca - galpão industrial, conforme orçamento aprovado.",metro linear,19.44,95.0,1846.8,2026-06-04,concluído
563,168,Moldura de Gesso,7cm,Execução de moldura de gesso em galpão industrial.,metro linear,8.8,12.0,105.6,2026-01-23,concluído
564,267,Gesso 3D,,"Serviço de gesso 3d solicitado para escritório, imóvel residencial.",metro quadrado,29.72,180.0,5349.6,2026-06-17,concluído
565,101,Divisória Drywall,,"Divisória Drywall - sala comercial, conforme orçamento aprovado.",metro quadrado,25.49,134.34,3424.33,2024-10-16,concluído
566,252,Forro Drywall,,"Serviço de forro drywall solicitado para escritório, imóvel residencial.",metro quadrado,49.18,95.0,4672.1,2025-03-04,concluído
567,154,Boiserie,,Execução de boiserie em corredor.,metro linear,34.11,150.0,5116.5,2025-05-16,concluído
568,148,Moldura de Gesso,20cm,"Serviço de moldura de gesso solicitado para quarto principal, imóvel residencial.",metro linear,18.52,20.0,370.4,2025-03-11,concluído
569,248,Moldura de Gesso,10cm,"Serviço de moldura de gesso solicitado para recepção da loja, imóvel residencial.",metro linear,34.08,15.0,511.2,2025-12-04,concluído
570,201,Forro Drywall,,"Serviço de forro drywall solicitado para sala de estar, imóvel residencial.",metro quadrado,69.53,95.0,6605.35,2024-02-25,concluído
571,275,Moldura de Gesso,20cm,Execução de moldura de gesso em sala de estar.,metro linear,10.63,,,2025-09-20,concluído
572,181,Forro Drywall,,"Forro Drywall - sala comercial, conforme orçamento aprovado.",metro quadrado,66.11,95.0,6280.45,2025-06-15,concluído
573,192,Moldura de Gesso,10cm,"Serviço de moldura de gesso solicitado para sala comercial, imóvel residencial.",metro linear,15.27,16.28,248.6,2024-02-06,concluído
574,13,Divisória Drywall,,"Divisória Drywall - recepção da loja, conforme orçamento aprovado.",metro quadrado,22.63,130.0,2941.9,2024-10-05,concluído
575,40,Moldura de Gesso,20cm,"Serviço de moldura de gesso solicitado para quarto principal, imóvel residencial.",metro linear,5.73,19.08,109.33,2024-01-16,concluído
576,160,Gesso Liso,Parede de Tijolo,"Serviço de gesso liso solicitado para corredor, imóvel residencial.",metro quadrado,67.57,27.77,1876.42,2025-04-14,concluído
577,288,Boiserie,,"Boiserie - recepção da loja, conforme orçamento aprovado.",m linear,13.31,150.0,1996.5,2025-06-02,concluído
578,296,Forro Drywall,,Execução de forro drywall em cozinha.,metro quadrado,82.99,95.0,7884.05,2025-01-13,concluído
579,251,Divisória Drywall,,"Serviço de divisória drywall solicitado para escritório, imóvel residencial.",metro quadrado,52.07,130.0,6769.1,2026-05-08,concluído
580,173,Forro Drywall,,"Forro Drywall - sala comercial, conforme orçamento aprovado.",m2,71.58,95.0,6800.1,2025-09-05,concluído
581,121,Boiserie,,"Serviço de boiserie solicitado para recepção da loja, imóvel residencial.",metro linear,14.91,150.0,2236.5,2026-05-29,concluído
582,267,Sanca,,"Sanca - cozinha, conforme orçamento aprovado.",m linear,30.68,95.0,2914.6,2026-09-22,orçado
583,281,Moldura de Gesso,7cm,"Serviço de moldura de gesso solicitado para galpão industrial, imóvel residencial.",metro linear,0.0,12.0,,2024-10-28,concluído
584,149,Divisória Drywall,,"Divisória Drywall - escritório, conforme orçamento aprovado.",metro quadrado,46.38,130.0,6029.4,2026-01-01,concluído
585,70,Moldura de Gesso,15cm,Execução de moldura de gesso em sala de estar.,metro linear,9.08,17.0,154.36,2024-11-21,concluído
586,235,Sanca,,Execução de sanca em galpão industrial.,metro linear,15.25,95.0,1448.75,2024-06-09,concluído
587,219,Moldura de Gesso,15cm,Execução de moldura de gesso em escritório.,metro linear,24.63,17.0,418.71,2025-02-16,Concluido
588,92,Divisória Drywall,,"Divisória Drywall - área externa, conforme orçamento aprovado.",metro quadrado,25.3,129.59,3278.63,2026-02-23,concluído
589,243,Gesso Liso,Parede Pintada,Execução de gesso liso em cozinha.,metro quadrado,0.0,22.0,,2024-08-09,concluído
590,27,Moldura de Gesso,20cm,"Serviço de moldura de gesso solicitado para sala comercial, imóvel residencial.",metro linear,8.07,20.0,161.4,2025-04-28,concluído
591,268,Forro Drywall,,"Forro Drywall - cozinha, conforme orçamento aprovado.",metro quadrado,29.67,95.0,2818.65,2024-08-07,CONCLUÍDO
592,129,Gesso Liso,Parede Pintada,Execução de gesso liso em galpão industrial.,metro quadrado,59.51,22.0,1309.22,2024-12-22,concluído
593,98,Moldura de Gesso,20cm,"Serviço de moldura de gesso solicitado para galpão industrial, imóvel residencial.",metro linear,17.15,17.05,292.41,2025-03-28,concluído
594,7,Gesso Liso,Parede Rebocada,"Gesso Liso - fachada comercial, conforme orçamento aprovado.",metro quadrado,53.15,20.0,1063.0,2025-05-05,concluído
595,242,Moldura de Gesso,20cm,Execução de moldura de gesso em quarto principal.,metro linear,39.9,20.0,798.0,2025-04-29,concluído
596,91,Moldura de Gesso,7cm,"Moldura de Gesso - galpão industrial, conforme orçamento aprovado.",metro linear,35.22,12.0,422.64,2026-05-16,concluído
597,336,Moldura de Gesso,15cm,"Moldura de Gesso - galpão industrial, conforme orçamento aprovado.",metro linear,25.72,18.05,464.25,2024-11-20,Concluido
598,343,Moldura de Gesso,15cm,"Serviço de moldura de gesso solicitado para escritório, imóvel residencial.",metro linear,5.27,15.08,79.47,2024-09-30,concluído
599,2,Moldura de Gesso,7cm,Execução de moldura de gesso em corredor.,metro linear,14.51,12.0,174.12,2025-04-22,concluído
600,163,Sanca,,"Sanca - escritório, conforme orçamento aprovado.",metro linear,24.87,99.48,2474.07,2024-08-10,concluído
601,98,Moldura de Gesso,20cm,Execução de moldura de gesso em galpão industrial.,metro linear,30.65,20.0,613.0,2025-01-23,concluído
602,152,Divisória Drywall,,"Divisória Drywall - corredor, conforme orçamento aprovado.",metro quadrado,25.01,130.0,3251.3,2024-12-29,concluído
603,300,Sanca,,"Sanca - fachada comercial, conforme orçamento aprovado.",metro linear,17.27,95.0,1640.65,2025-12-20,concluído
604,138,Gesso Liso,Parede Rebocada,"Serviço de gesso liso solicitado para cozinha, imóvel residencial.",metro quadrado,11.35,20.0,227.0,2025-04-23,concluído
605,194,forro drywall,,"Serviço de forro drywall solicitado para recepção da loja, imóvel residencial.",metro quadrado,57.32,95.0,5445.4,2024-04-17,concluído
606,184,Sanca,,"Serviço de sanca solicitado para recepção da loja, imóvel residencial.",metro linear,14.33,95.0,1361.35,2024-01-23,concluído
607,192,Divisória Drywall,,"Serviço de divisória drywall solicitado para sala comercial, imóvel residencial.",metro quadrado,52.68,130.0,6848.4,2024-02-11,CONCLUÍDO
608,206,Boiserie,,"Boiserie - escritório, conforme orçamento aprovado.",metro linear,24.94,150.0,3741.0,2024-11-03,Concluido
609,171,Sanca,,"Sanca - cozinha, conforme orçamento aprovado.",metro linear,32.18,95.0,3057.1,2026-03-22,concluído
610,155,Moldura de Gesso,20cm,Execução de moldura de gesso em galpão industrial.,metro linear,14.38,19.18,275.81,2026-01-11,concluído
611,202,Forro Drywall,,Execução de forro drywall em recepção da loja.,metro quadrado,60.6,95.0,5757.0,2026-05-01,concluído
612,145,Forro Drywall,,"Forro Drywall - área externa, conforme orçamento aprovado.",metro quadrado,70.4,95.0,6688.0,2025-02-07,concluído
613,186,Divisória Drywall,,Execução de divisória drywall em corredor.,metro quadrado,31.53,130.0,4098.9,2026-02-08,concluído
614,197,Sanca,,"Serviço de sanca solicitado para recepção da loja, imóvel residencial.",metro linear,27.2,95.0,2584.0,2025-01-31,concluído
615,239,Moldura de Gesso,15cm,"Moldura de Gesso - área externa, conforme orçamento aprovado.",m linear,32.83,17.24,565.99,2025-02-18,concluído
616,206,Forro Drywall,,"Serviço de forro drywall solicitado para corredor, imóvel residencial.",metro quadrado,38.22,95.0,3630.9,2026-01-29,concluído
617,187,Moldura de Gesso,15cm,"Moldura de Gesso - galpão industrial, conforme orçamento aprovado.",metro linear,7.13,17.0,121.21,2026-02-16,concluído
618,315,Divisória Drywall,,"Divisória Drywall - sala de estar, conforme orçamento aprovado.",metro quadrado,62.94,130.0,8182.2,2024-10-15,concluído
619,152,Forro Drywall,,"Serviço de forro drywall solicitado para sala de estar, imóvel residencial.",m2,66.11,95.0,6280.45,2024-10-27,concluído
620,203,Gesso Liso,Parede Rebocada,"Gesso Liso - galpão industrial, conforme orçamento aprovado.",metro quadrado,24.14,20.0,482.8,2026-01-14,concluído
621,269,Gesso 3D,,"Gesso 3D - quarto principal, conforme orçamento aprovado.",metro quadrado,50.09,180.0,9016.2,2024-02-09,concluído
622,155,Gesso 3D,,Execução de gesso 3d em recepção da loja.,metro quadrado,38.22,,,2024-09-20,concluído
623,316,Boiserie,,"Boiserie - recepção da loja, conforme orçamento aprovado.",metro linear,22.02,150.0,3303.0,2026-03-29,concluído
624,24,Divisória Drywall,,"Serviço de divisória drywall solicitado para cozinha, imóvel residencial.",metro quadrado,52.97,130.0,6886.1,2024-10-06,concluído
625,163,Boiserie,,"Boiserie - corredor, conforme orçamento aprovado.",metro linear,6.59,150.0,988.5,2024-08-14,concluído
626,244,Gesso Liso,Parede Rebocada,"Gesso Liso - corredor, conforme orçamento aprovado.",metro quadrado,79.32,20.0,1586.4,2024-12-20,concluído
627,207,Forro Drywall,,"Serviço de forro drywall solicitado para sala comercial, imóvel residencial.",metro quadrado,6.61,,,2025-10-08,concluído
628,240,Forro Drywall,,"Serviço de forro drywall solicitado para fachada comercial, imóvel residencial.",metro quadrado,6.39,95.0,607.05,2024-12-26,concluído
629,276,Forro Drywall,,"Forro Drywall - cozinha, conforme orçamento aprovado.",metro quadrado,14.67,83.05,1218.34,2024-08-11,concluído
630,181,Gesso Liso,Parede Rebocada,"Gesso Liso - galpão industrial, conforme orçamento aprovado.",metro quadrado,64.85,20.0,1297.0,2024-11-23,concluído
631,254,Moldura de Gesso,20cm,"Serviço de moldura de gesso solicitado para sala comercial, imóvel industrial.",metro linear,31.0,,,2024-06-09,Concluido
632,51,Gesso Liso,Parede Pintada,Execução de gesso liso em área externa.,m2,35.05,,,2025-02-24,concluído
633,12,moldura de gesso,7cm,"Moldura de Gesso - área externa, conforme orçamento aprovado.",metro linear,15.03,12.0,180.36,2025-04-28,concluído
634,99,Gesso Liso,Parede Rebocada,"Serviço de gesso liso solicitado para escritório, imóvel residencial.",metro quadrado,72.88,20.0,1457.6,2026-06-14,concluído
635,296,Sanca,,"Serviço de sanca solicitado para quarto principal, imóvel industrial.",metro linear,20.06,95.0,1905.7,2024-09-04,concluído
636,126,Gesso 3D,,Execução de gesso 3d em corredor.,metro quadrado,41.44,180.0,7459.2,2024-02-03,concluído
637,276,Boiserie,,"Serviço de boiserie solicitado para sala de estar, imóvel residencial.",metro linear,7.48,150.0,1122.0,2025-06-30,concluído
638,21,Moldura de Gesso,7cm,"Moldura de Gesso - fachada comercial, conforme orçamento aprovado.",metro linear,16.44,12.0,197.28,2025-10-27,concluído
639,87,Sanca,,"Sanca - quarto principal, conforme orçamento aprovado.",metro linear,16.56,95.0,1573.2,2024-09-05,concluído
640,134,Divisória Drywall,,"Serviço de divisória drywall solicitado para cozinha, imóvel residencial.",metro quadrado,31.74,130.0,4126.2,2025-04-06,concluído
641,289,Moldura de Gesso,20cm,"Moldura de Gesso - fachada comercial, conforme orçamento aprovado.",metro linear,16.42,,,2024-06-11,concluído
642,197,Gesso Liso,Parede de Tijolo,"Gesso Liso - sala comercial, conforme orçamento aprovado.",metro quadrado,24.84,29.87,741.97,2024-05-31,concluído
643,330,Boiserie,,"Serviço de boiserie solicitado para sala comercial, imóvel residencial.",metro linear,8.77,150.0,1315.5,2025-01-18,concluído
644,34,Sanca,,"Serviço de sanca solicitado para escritório, imóvel residencial.",metro linear,15.67,95.0,1488.65,2024-10-11,concluído
645,7,Gesso Liso,Parede Pintada,"Gesso Liso - quarto principal, conforme orçamento aprovado.",metro quadrado,72.04,21.58,1554.62,2024-08-21,concluído
646,274,Gesso Liso,Parede Rebocada,Execução de gesso liso em fachada comercial.,metro quadrado,72.58,20.0,1451.6,2026-03-28,concluído
647,126,Gesso Liso,Parede Pintada,Execução de gesso liso em quarto principal.,metro quadrado,22.5,22.0,495.0,2025-09-15,concluído
648,117,Sanca,,Execução de sanca em quarto principal.,metro linear,12.03,95.0,1142.85,2024-04-10,concluído
649,52,Forro Drywall,,Execução de forro drywall em corredor.,metro quadrado,47.93,95.0,4553.35,2025-08-05,concluído
650,234,Gesso Liso,Parede Pintada,"Gesso Liso - sala comercial, conforme orçamento aprovado.",metro quadrado,84.37,22.0,1856.14,2024-10-04,concluído
651,128,Moldura de Gesso,20cm,"Moldura de Gesso - corredor, conforme orçamento aprovado.",metro linear,15.62,20.0,312.4,2025-10-02,concluído
652,34,Divisória Drywall,,Execução de divisória drywall em cozinha.,metro quadrado,65.6,130.0,8528.0,2026-06-01,concluído
653,257,Divisória Drywall,,Execução de divisória drywall em cozinha.,metro quadrado,28.74,130.0,3736.2,2025-12-02,concluído
654,81,Moldura de Gesso,10cm,"Serviço de moldura de gesso solicitado para fachada comercial, imóvel residencial.",metro linear,25.57,,,2025-04-30,concluído
655,156,Moldura de Gesso,20cm,"Serviço de moldura de gesso solicitado para recepção da loja, imóvel residencial.",metro linear,16.72,21.15,353.63,2024-11-18,concluído
656,331,Forro Drywall,,"Serviço de forro drywall solicitado para galpão industrial, imóvel residencial.",metro quadrado,69.24,81.21,5622.98,2025-12-22,concluído
657,287,Forro Drywall,,"Forro Drywall - galpão industrial, conforme orçamento aprovado.",metro quadrado,63.86,95.0,6066.7,2025-03-26,Concluido
658,24,Boiserie,,Execução de boiserie em recepção da loja.,metro linear,31.91,,,2025-12-24,concluído
659,190,Divisória Drywall,,Execução de divisória drywall em recepção da loja.,metro quadrado,39.49,130.0,5133.7,2026-06-20,concluído
660,288,Gesso Liso,Parede de Tijolo,Execução de gesso liso em sala de estar.,metro quadrado,11.13,30.0,333.9,2026-02-20,concluído
661,161,Gesso Liso,Parede Pintada,"Gesso Liso - galpão industrial, conforme orçamento aprovado.",metro quadrado,81.53,22.81,1859.7,2024-08-07,concluído
662,12,Gesso Liso,Parede de Tijolo,"Gesso Liso - sala comercial, conforme orçamento aprovado.",m2,15.36,30.0,460.8,2026-04-05,concluído
663,259,Sanca,,"Sanca - área externa, conforme orçamento aprovado.",metro linear,35.3,95.0,3353.5,2024-10-16,concluído
664,263,Gesso Liso,Parede Rebocada,"Serviço de gesso liso solicitado para recepção da loja, imóvel industrial.",metro quadrado,72.55,,,2025-09-16,concluído
665,78,Moldura de Gesso,20cm,"Serviço de moldura de gesso solicitado para recepção da loja, imóvel industrial.",metro linear,27.07,20.0,541.4,2024-12-13,concluído
666,200,Sanca,,"Sanca - sala comercial, conforme orçamento aprovado.",metro linear,3.7,95.0,351.5,2024-09-22,Concluido
667,182,Moldura de Gesso,15cm,Execução de moldura de gesso em sala de estar.,metro linear,36.05,17.0,612.85,2024-07-12,concluído
668,36,Gesso Liso,Parede Rebocada,Execução de gesso liso em escritório.,metro quadrado,30.52,20.0,610.4,2024-08-01,concluído
669,226,Sanca,,Execução de sanca em corredor.,metro linear,7.56,95.0,718.2,2026-06-07,concluído
670,64,Forro Drywall,,"Serviço de forro drywall solicitado para área externa, imóvel residencial.",metro quadrado,11.52,97.96,1128.5,2024-05-04,concluído
671,47,Divisória Drywall,,Execução de divisória drywall em recepção da loja.,m2,68.78,130.0,8941.4,2024-04-24,Concluido
672,34,Gesso 3D,,"Serviço de gesso 3d solicitado para corredor, imóvel residencial.",metro quadrado,39.17,180.0,7050.6,2025-12-19,concluído
673,24,Moldura de Gesso,20cm,Execução de moldura de gesso em sala de estar.,metro linear,8.21,20.0,164.2,2024-05-11,concluído
674,191,Gesso Liso,Parede Pintada,Execução de gesso liso em cozinha.,metro quadrado,54.02,22.0,1188.44,2024-06-27,Concluido
675,105,sanca,,Execução de sanca em corredor.,m linear,14.32,87.05,1246.56,2024-11-24,concluído
676,194,Sanca,,"Serviço de sanca solicitado para quarto principal, imóvel residencial.",metro linear,31.21,95.0,2964.95,2024-04-12,concluído
677,275,Forro Drywall,,"Forro Drywall - sala comercial, conforme orçamento aprovado.",metro quadrado,39.67,80.77,3204.15,2025-05-02,concluído
678,253,Sanca,,"Sanca - quarto principal, conforme orçamento aprovado.",metro linear,30.7,95.0,2916.5,2024-08-12,concluído
679,54,Moldura de Gesso,20cm,"Serviço de moldura de gesso solicitado para área externa, imóvel industrial.",metro linear,12.24,18.51,226.56,2025-12-28,CONCLUÍDO
680,217,Sanca,,Execução de sanca em escritório.,metro linear,16.87,100.96,1703.2,2026-02-04,Concluido
681,122,Sanca,,Execução de sanca em área externa.,metro linear,8.99,95.0,854.05,2025-05-10,Concluido
682,226,Divisória Drywall,,"Serviço de divisória drywall solicitado para corredor, imóvel industrial.",metro quadrado,13.54,140.53,1902.78,2024-12-11,CONCLUÍDO
683,176,Gesso Liso,Parede Pintada,Execução de gesso liso em corredor.,metro quadrado,65.82,21.05,1385.51,2024-01-27,CONCLUÍDO
684,178,Forro Drywall,,"Forro Drywall - sala comercial, conforme orçamento aprovado.",metro quadrado,28.87,,,2024-03-25,CONCLUÍDO
685,182,Sanca,,"Sanca - escritório, conforme orçamento aprovado.",metro linear,22.45,95.0,2132.75,2025-06-27,concluído
686,85,Divisória Drywall,,Execução de divisória drywall em área externa.,metro quadrado,55.43,130.0,7205.9,2026-08-10,concluído
687,206,Boiserie,,"Serviço de boiserie solicitado para fachada comercial, imóvel residencial.",metro linear,13.97,,,2026-07-04,concluído
688,107,Gesso Liso,Parede Pintada,Execução de gesso liso em cozinha.,metro quadrado,78.77,,,2024-03-01,concluído
689,215,Divisória Drywall,,Execução de divisória drywall em área externa.,metro quadrado,35.67,112.79,4023.22,2026-09-13,em andamento
690,142,Sanca,,"Serviço de sanca solicitado para escritório, imóvel residencial.",metro linear,31.14,95.0,2958.3,2024-11-14,concluído
691,313,Gesso Liso,Parede Rebocada,"Serviço de gesso liso solicitado para sala de estar, imóvel residencial.",metro quadrado,40.8,,,2026-07-21,concluído
692,300,Forro Drywall,,"Serviço de forro drywall solicitado para área externa, imóvel industrial.",metro quadrado,17.64,92.32,1628.52,2024-10-25,concluído
693,254,Moldura de Gesso,15cm,"Moldura de Gesso - fachada comercial, conforme orçamento aprovado.",metro linear,33.96,17.0,577.32,2025-10-15,concluído
694,129,Forro Drywall,,Execução de forro drywall em recepção da loja.,metro quadrado,83.63,95.0,7944.85,2026-04-05,concluído
695,250,Moldura de Gesso,15cm,"Moldura de Gesso - quarto principal, conforme orçamento aprovado.",metro linear,23.74,17.0,403.58,2025-06-15,Concluido
696,61,Gesso Liso,Parede de Tijolo,"Serviço de gesso liso solicitado para sala de estar, imóvel residencial.",metro quadrado,82.31,30.0,2469.3,2025-12-27,Concluido
697,268,Gesso Liso,Parede de Tijolo,"Serviço de gesso liso solicitado para sala de estar, imóvel residencial.",m2,7.02,31.08,218.18,2025-03-18,concluído
698,15,Gesso 3D,,Execução de gesso 3d em fachada comercial.,metro quadrado,63.05,180.0,11349.0,2026-04-18,concluído
699,326,Gesso Liso,Parede Pintada,Execução de gesso liso em galpão industrial.,metro quadrado,25.32,22.0,557.04,2026-02-28,Concluido
700,171,Moldura de Gesso,20cm,"Serviço de moldura de gesso solicitado para recepção da loja, imóvel residencial.",metro linear,16.02,21.83,349.72,2024-11-20,concluído
701,104,Moldura de Gesso,10cm,Execução de moldura de gesso em cozinha.,metro linear,12.79,15.0,191.85,2026-04-05,concluído
702,260,Forro Drywall,,"Forro Drywall - área externa, conforme orçamento aprovado.",metro quadrado,60.72,93.53,5679.14,2025-02-11,concluído
703,175,Divisória Drywall,,Execução de divisória drywall em fachada comercial.,metro quadrado,47.16,,,2024-04-16,concluído
704,21,Divisória Drywall,,"Serviço de divisória drywall solicitado para escritório, imóvel industrial.",metro quadrado,23.92,,,2024-01-27,concluído
705,7,Divisória Drywall,,"Divisória Drywall - recepção da loja, conforme orçamento aprovado.",metro quadrado,28.04,126.21,3538.93,2025-03-25,concluído
706,199,Gesso Liso,Parede de Tijolo,"Serviço de gesso liso solicitado para escritório, imóvel residencial.",metro quadrado,64.49,,,2026-04-02,concluído
707,165,Gesso Liso,Parede Pintada,"Gesso Liso - sala comercial, conforme orçamento aprovado.",metro quadrado,73.66,22.0,1620.52,2025-07-05,concluído
708,310,Moldura de Gesso,15cm,"Serviço de moldura de gesso solicitado para sala de estar, imóvel residencial.",metro linear,11.43,17.0,194.31,2025-07-21,concluído
709,88,Forro Drywall,,"Forro Drywall - galpão industrial, conforme orçamento aprovado.",metro quadrado,5.79,95.0,550.05,2026-07-06,concluído
710,15,Divisória Drywall,,"Divisória Drywall - fachada comercial, conforme orçamento aprovado.",metro quadrado,61.8,130.0,8034.0,2026-08-23,concluído
711,261,Divisória Drywall,,"Serviço de divisória drywall solicitado para sala de estar, imóvel residencial.",metro quadrado,80.65,130.0,10484.5,2025-11-28,concluído
712,37,Moldura de Gesso,10cm,"Serviço de moldura de gesso solicitado para cozinha, imóvel residencial.",metro linear,25.71,15.5,398.5,2024-09-11,CONCLUÍDO
713,49,Forro Drywall,,"Serviço de forro drywall solicitado para galpão industrial, imóvel residencial.",metro quadrado,80.64,,,2025-01-31,concluído
714,130,Gesso Liso,Parede Pintada,"Gesso Liso - corredor, conforme orçamento aprovado.",metro quadrado,44.47,22.0,978.34,2024-08-20,concluído
715,32,moldura de gesso,20cm,Execução de moldura de gesso em galpão industrial.,metro linear,39.33,20.0,786.6,2024-06-21,concluído
716,192,Gesso Liso,Parede de Tijolo,Execução de gesso liso em quarto principal.,metro quadrado,73.61,30.0,2208.3,2025-09-27,concluído
717,226,Gesso Liso,Parede de Tijolo,Execução de gesso liso em sala comercial.,metro quadrado,61.22,30.0,1836.6,2024-06-01,concluído
718,150,Forro Drywall,,"Serviço de forro drywall solicitado para área externa, imóvel industrial.",metro quadrado,12.73,95.0,1209.35,2024-06-20,Concluido
719,200,Gesso Liso,Parede Rebocada,"Serviço de gesso liso solicitado para corredor, imóvel residencial.",metro quadrado,67.51,20.0,1350.2,2024-03-08,concluído
720,246,Sanca,,"Sanca - galpão industrial, conforme orçamento aprovado.",metro linear,33.0,95.0,3135.0,2026-05-09,concluído
721,202,Gesso Liso,Parede Rebocada,"Serviço de gesso liso solicitado para recepção da loja, imóvel residencial.",metro quadrado,65.31,20.0,1306.2,2024-05-18,concluído
722,54,Sanca,,Execução de sanca em sala de estar.,metro linear,14.9,95.0,1415.5,2025-05-24,CONCLUÍDO
723,301,Sanca,,"Serviço de sanca solicitado para fachada comercial, imóvel residencial.",metro linear,30.67,95.0,2913.65,2024-11-17,concluído
724,223,Sanca,,Execução de sanca em corredor.,m linear,30.33,95.0,2881.35,2025-01-14,concluído
725,105,Sanca,,Execução de sanca em fachada comercial.,metro linear,21.33,95.0,2026.35,2024-02-16,Concluido
726,170,Gesso 3D,,"Serviço de gesso 3d solicitado para área externa, imóvel residencial.",metro quadrado,83.74,169.73,14213.19,2026-05-07,concluído
727,321,Moldura de Gesso,7cm,Execução de moldura de gesso em recepção da loja.,metro linear,14.46,12.0,173.52,2026-07-24,concluído
728,308,Gesso Liso,Parede Rebocada,"Serviço de gesso liso solicitado para quarto principal, imóvel residencial.",metro quadrado,4.84,20.0,96.8,2026-02-24,concluído
729,86,Gesso Liso,Parede Rebocada,Execução de gesso liso em área externa.,metro quadrado,80.42,20.0,1608.4,2026-08-10,concluído
730,104,Moldura de Gesso,20cm,"Serviço de moldura de gesso solicitado para quarto principal, imóvel residencial.",m linear,38.16,20.0,763.2,2024-05-10,concluído
731,35,Moldura de Gesso,10cm,Execução de moldura de gesso em sala comercial.,metro linear,11.94,15.0,179.1,2024-05-26,concluído
732,23,Moldura de Gesso,7cm,Execução de moldura de gesso em escritório.,metro linear,24.05,12.0,288.6,2026-08-31,concluído
733,150,Divisória Drywall,,"Divisória Drywall - quarto principal, conforme orçamento aprovado.",metro quadrado,44.95,130.0,5843.5,2024-12-09,concluído
734,74,Gesso Liso,Parede Rebocada,"Serviço de gesso liso solicitado para cozinha, imóvel residencial.",metro quadrado,48.32,20.0,966.4,2024-03-07,concluído
735,54,Sanca,,Execução de sanca em escritório.,metro linear,0.0,95.0,,2024-02-29,concluído
736,333,Sanca,,"Sanca - escritório, conforme orçamento aprovado.",metro linear,33.49,95.0,3181.55,2025-01-30,concluído
737,326,Boiserie,,"Serviço de boiserie solicitado para cozinha, imóvel industrial.",metro linear,19.83,150.0,2974.5,2025-07-03,Concluido
738,189,Moldura de Gesso,20cm,Execução de moldura de gesso em escritório.,metro linear,30.38,20.0,607.6,2024-02-13,concluído
739,208,Forro Drywall,,Execução de forro drywall em cozinha.,metro quadrado,38.11,91.29,3479.06,2025-02-01,concluído
740,292,Moldura de Gesso,7cm,"Serviço de moldura de gesso solicitado para recepção da loja, imóvel residencial.",metro linear,10.2,12.0,122.4,2025-09-25,concluído
741,56,Sanca,,"Sanca - sala comercial, conforme orçamento aprovado.",metro linear,23.08,103.45,2387.63,2026-06-09,concluído
742,93,Gesso Liso,Parede Rebocada,"Gesso Liso - área externa, conforme orçamento aprovado.",metro quadrado,80.4,20.0,1608.0,2025-08-04,concluído
743,102,Moldura de Gesso,10cm,"Moldura de Gesso - área externa, conforme orçamento aprovado.",metro linear,8.58,15.0,128.7,2026-01-26,concluído
744,34,Gesso Liso,Parede Pintada,"Serviço de gesso liso solicitado para cozinha, imóvel industrial.",metro quadrado,0.0,18.99,,2026-05-23,concluído
745,162,Forro Drywall,,Execução de forro drywall em cozinha.,metro quadrado,51.26,95.0,4869.7,2025-12-21,concluído
746,317,Sanca,,Execução de sanca em quarto principal.,metro linear,18.16,95.0,1725.2,2025-12-17,CONCLUÍDO
747,21,Sanca,,"Sanca - galpão industrial, conforme orçamento aprovado.",metro linear,8.02,95.0,761.9,2024-06-23,concluído
748,11,Forro Drywall,,"Serviço de forro drywall solicitado para cozinha, imóvel residencial.",metro quadrado,82.59,95.0,7846.05,2026-06-25,concluído
749,57,Gesso 3D,,"Serviço de gesso 3d solicitado para quarto principal, imóvel residencial.",metro quadrado,84.42,180.0,15195.6,11/09/2026,concluído
750,214,Moldura de Gesso,20cm,Execução de moldura de gesso em corredor.,metro linear,39.69,20.0,793.8,2025-06-09,concluído
751,157,Divisória Drywall,,Execução de divisória drywall em quarto principal.,metro quadrado,25.31,130.0,3290.3,2024-10-06,concluído
752,320,Boiserie,,"Serviço de boiserie solicitado para fachada comercial, imóvel residencial.",metro linear,3.4,150.0,510.0,2024-07-23,Concluido
753,218,Gesso Liso,Parede Rebocada,"Gesso Liso - quarto principal, conforme orçamento aprovado.",metro quadrado,36.98,,,2026-01-06,concluído
754,164,Gesso Liso,Parede Pintada,"Gesso Liso - galpão industrial, conforme orçamento aprovado.",metro quadrado,73.78,22.0,1623.16,2024-05-11,concluído
755,39,Moldura de Gesso,10cm,"Serviço de moldura de gesso solicitado para corredor, imóvel residencial.",metro linear,3.36,16.01,53.79,2025-09-24,concluído
756,63,sanca,,"Sanca - escritório, conforme orçamento aprovado.",metro linear,5.08,102.76,522.02,2024-07-09,concluído
757,272,Forro Drywall,,Execução de forro drywall em área externa.,metro quadrado,19.6,95.0,1862.0,2025-05-22,concluído
758,41,Gesso Liso,Parede Rebocada,"Serviço de gesso liso solicitado para quarto principal, imóvel residencial.",metro quadrado,18.24,20.0,364.8,2025-07-09,concluído
759,203,Divisória Drywall,,"Divisória Drywall - galpão industrial, conforme orçamento aprovado.",metro quadrado,55.46,130.0,7209.8,02/06/2025,concluído
760,129,Moldura de Gesso,20cm,"Moldura de Gesso - recepção da loja, conforme orçamento aprovado.",metro linear,13.41,20.0,268.2,2025-05-20,concluído
761,46,Boiserie,,"Boiserie - galpão industrial, conforme orçamento aprovado.",metro linear,14.78,153.68,2271.39,2025-09-12,concluído
762,154,Forro Drywall,,"Serviço de forro drywall solicitado para recepção da loja, imóvel residencial.",metro quadrado,65.84,,,2024-07-13,concluído
763,207,Moldura de Gesso,10cm,"Serviço de moldura de gesso solicitado para cozinha, imóvel industrial.",metro linear,20.15,15.0,302.25,2024-05-25,concluído
764,205,Gesso Liso,Parede de Tijolo,"Serviço de gesso liso solicitado para recepção da loja, imóvel residencial.",metro quadrado,33.62,32.29,1085.59,2024-06-03,concluído
765,201,Sanca,,"Sanca - cozinha, conforme orçamento aprovado.",metro linear,8.86,87.34,773.83,2024-07-13,concluído
766,35,Boiserie,,"Serviço de boiserie solicitado para recepção da loja, imóvel residencial.",metro linear,38.26,150.0,5739.0,2024-05-24,concluído
767,160,Forro Drywall,,"Serviço de forro drywall solicitado para cozinha, imóvel residencial.",metro quadrado,59.41,95.0,5643.95,2024-05-12,concluído
768,214,Forro Drywall,,"Forro Drywall - corredor, conforme orçamento aprovado.",metro quadrado,23.93,95.0,2273.35,2026-07-20,Concluido
769,100,Moldura de Gesso,10cm,"Serviço de moldura de gesso solicitado para escritório, imóvel residencial.",metro linear,36.37,14.9,541.91,2026-07-22,concluído
770,49,Forro Drywall,,"Serviço de forro drywall solicitado para fachada comercial, imóvel residencial.",metro quadrado,35.12,95.0,3336.4,2025-06-25,concluído
771,142,Moldura de Gesso,10cm,"Serviço de moldura de gesso solicitado para corredor, imóvel residencial.",metro linear,29.34,14.53,426.31,2024-08-16,concluído
772,161,Forro Drywall,,Execução de forro drywall em sala de estar.,metro quadrado,52.99,96.09,5091.81,2026-09-07,concluído
773,128,gesso liso,Parede Rebocada,"Serviço de gesso liso solicitado para recepção da loja, imóvel residencial.",metro quadrado,68.05,17.05,1160.25,2024-09-24,concluído
774,229,Boiserie,,"Serviço de boiserie solicitado para escritório, imóvel residencial.",metro linear,26.16,150.0,3924.0,2026-02-15,concluído
775,166,Gesso Liso,Parede de Tijolo,"Gesso Liso - sala de estar, conforme orçamento aprovado.",metro quadrado,81.44,29.64,2413.88,2025-01-12,concluído
776,314,Divisória Drywall,,Execução de divisória drywall em cozinha.,m2,71.72,130.0,9323.6,2025-08-02,concluído
777,84,Sanca,,"Sanca - recepção da loja, conforme orçamento aprovado.",metro linear,37.78,103.84,3923.08,2024-12-12,concluído
778,80,Moldura de Gesso,10cm,"Moldura de Gesso - escritório, conforme orçamento aprovado.",metro linear,23.28,15.0,349.2,2024-06-11,concluído
779,116,Sanca,,"Serviço de sanca solicitado para recepção da loja, imóvel residencial.",metro linear,20.71,103.31,2139.55,2026-09-04,em andamento
780,213,Gesso Liso,Parede Pintada,"Serviço de gesso liso solicitado para quarto principal, imóvel residencial.",metro quadrado,48.55,22.0,1068.1,2024-08-01,concluído
781,204,Moldura de Gesso,15cm,"Serviço de moldura de gesso solicitado para escritório, imóvel industrial.",metro linear,10.87,17.61,191.42,2024-10-15,concluído
782,134,Forro Drywall,,Execução de forro drywall em recepção da loja.,metro quadrado,35.8,95.0,3401.0,2025-04-01,concluído
783,106,Moldura de Gesso,10cm,"Moldura de Gesso - corredor, conforme orçamento aprovado.",metro linear,10.41,15.87,165.21,2025-11-21,concluído
784,130,Moldura de Gesso,20cm,"Serviço de moldura de gesso solicitado para recepção da loja, imóvel residencial.",metro linear,11.02,20.0,220.4,2026-04-29,concluído
785,85,Gesso Liso,Parede de Tijolo,Execução de gesso liso em área externa.,metro quadrado,78.59,30.0,2357.7,2026-03-25,CONCLUÍDO
786,6,Gesso Liso,Parede de Tijolo,Execução de gesso liso em galpão industrial.,metro quadrado,80.69,30.0,2420.7,2025-01-25,concluído
787,191,Moldura de Gesso,7cm,Execução de moldura de gesso em corredor.,metro linear,5.82,12.0,69.84,2026-02-27,concluído
788,16,Gesso Liso,Parede Pintada,"Serviço de gesso liso solicitado para área externa, imóvel residencial.",metro quadrado,75.3,22.0,1656.6,2024-04-25,concluído
789,246,Gesso Liso,Parede Pintada,Execução de gesso liso em corredor.,m2,9.13,22.0,200.86,2025-02-11,concluído
790,33,sanca,,Execução de sanca em fachada comercial.,metro linear,38.5,95.0,3657.5,2026-01-06,concluído
791,1,Forro Drywall,,"Forro Drywall - escritório, conforme orçamento aprovado.",metro quadrado,84.66,95.0,8042.7,2026-05-27,concluído
792,307,Forro Drywall,,"Forro Drywall - cozinha, conforme orçamento aprovado.",metro quadrado,33.75,95.0,3206.25,2025-01-17,concluído
793,206,Divisória Drywall,,Execução de divisória drywall em galpão industrial.,metro quadrado,34.14,115.3,3936.34,2025-11-19,concluído
794,171,Moldura de Gesso,20cm,"Moldura de Gesso - sala comercial, conforme orçamento aprovado.",metro linear,37.21,20.0,744.2,2025-07-06,Concluido
795,324,Forro Drywall,,"Forro Drywall - recepção da loja, conforme orçamento aprovado.",metro quadrado,71.39,84.06,6001.04,2026-04-15,concluído
796,295,Gesso Liso,Parede Rebocada,"Gesso Liso - corredor, conforme orçamento aprovado.",metro quadrado,4.33,20.0,86.6,2024-06-17,concluído
797,203,Forro Drywall,,"Serviço de forro drywall solicitado para escritório, imóvel residencial.",metro quadrado,46.37,95.0,4405.15,2024-12-25,concluído
798,97,Gesso Liso,Parede Pintada,"Serviço de gesso liso solicitado para fachada comercial, imóvel residencial.",metro quadrado,62.01,,,2026-03-30,concluído
799,327,Divisória Drywall,,"Serviço de divisória drywall solicitado para quarto principal, imóvel residencial.",metro quadrado,11.82,130.0,1536.6,2024-02-01,concluído
800,184,Forro Drywall,,"Forro Drywall - área externa, conforme orçamento aprovado.",metro quadrado,57.59,95.0,5471.05,2024-12-17,concluído
801,252,Sanca,,"Serviço de sanca solicitado para sala comercial, imóvel industrial.",metro linear,39.15,95.0,3719.25,2024-09-18,concluído
802,180,Gesso Liso,Parede de Tijolo,Execução de gesso liso em corredor.,metro quadrado,80.88,,,2025-01-24,concluído
803,324,Moldura de Gesso,7cm,"Serviço de moldura de gesso solicitado para corredor, imóvel residencial.",metro linear,37.13,10.92,405.46,2025-04-25,concluído
804,304,Gesso Liso,Parede Pintada,"Gesso Liso - área externa, conforme orçamento aprovado.",metro quadrado,73.88,,,2025-03-31,concluído
805,300,Sanca,,"Sanca - galpão industrial, conforme orçamento aprovado.",metro linear,7.35,95.0,698.25,2025-04-07,concluído
806,102,Moldura de Gesso,15cm,Execução de moldura de gesso em sala de estar.,metro linear,20.84,17.0,354.28,2026-02-01,concluído
807,253,Gesso Liso,Parede Pintada,"Serviço de gesso liso solicitado para área externa, imóvel residencial.",metro quadrado,22.53,22.0,495.66,2026-07-22,concluído
808,221,Moldura de Gesso,10cm,"Serviço de moldura de gesso solicitado para recepção da loja, imóvel residencial.",metro linear,3.76,15.0,56.4,2025-10-12,concluído
809,341,Sanca,,"Serviço de sanca solicitado para cozinha, imóvel residencial.",m linear,16.23,102.28,1660.0,2026-06-15,concluído
810,286,Gesso Liso,Parede Rebocada,"Gesso Liso - fachada comercial, conforme orçamento aprovado.",m2,25.3,17.93,453.63,2025-02-27,concluído
811,262,Forro Drywall,,"Serviço de forro drywall solicitado para galpão industrial, imóvel industrial.",metro quadrado,67.84,95.0,6444.8,2025-08-22,concluído
812,244,Divisória Drywall,,"Divisória Drywall - cozinha, conforme orçamento aprovado.",metro quadrado,42.74,130.0,5556.2,2025-07-20,concluído
813,245,Moldura de Gesso,10cm,"Serviço de moldura de gesso solicitado para escritório, imóvel industrial.",metro linear,22.0,15.0,330.0,2024-09-09,concluído
814,165,Forro Drywall,,Execução de forro drywall em escritório.,metro quadrado,67.23,95.0,6386.85,2026-08-11,concluído
815,261,Gesso 3D,,Execução de gesso 3d em área externa.,metro quadrado,75.99,160.08,12164.48,2025-09-05,concluído
816,75,Gesso Liso,Parede Pintada,"Gesso Liso - fachada comercial, conforme orçamento aprovado.",metro quadrado,66.61,22.0,1465.42,2024-10-14,concluído
817,241,Forro Drywall,,"Serviço de forro drywall solicitado para área externa, imóvel residencial.",metro quadrado,45.43,97.1,4411.25,2025-12-12,concluído
818,176,Gesso Liso,Parede Rebocada,"Serviço de gesso liso solicitado para sala comercial, imóvel residencial.",metro quadrado,47.15,20.0,943.0,2025-10-06,concluído
819,179,Gesso Liso,Parede de Tijolo,Execução de gesso liso em escritório.,metro quadrado,82.76,30.0,2482.8,2025-11-23,concluído
820,98,Gesso Liso,Parede Pintada,"Serviço de gesso liso solicitado para quarto principal, imóvel residencial.",metro quadrado,59.66,22.0,1312.52,2024-11-24,concluído
821,325,Divisória Drywall,,"Serviço de divisória drywall solicitado para área externa, imóvel residencial.",metro quadrado,71.26,130.0,9263.8,2025-05-23,concluído
822,130,Gesso Liso,Parede de Tijolo,"Gesso Liso - corredor, conforme orçamento aprovado.",metro quadrado,14.08,30.0,422.4,2025-02-06,concluído
823,291,Divisória Drywall,,Execução de divisória drywall em recepção da loja.,metro quadrado,38.06,,,2025-10-05,CONCLUÍDO
824,28,Forro Drywall,,"Forro Drywall - recepção da loja, conforme orçamento aprovado.",metro quadrado,7.32,95.0,695.4,2025-07-02,concluído
825,173,Sanca,,"Serviço de sanca solicitado para fachada comercial, imóvel industrial.",metro linear,39.14,95.0,3718.3,2024-09-03,concluído
826,284,Divisória Drywall,,"Divisória Drywall - cozinha, conforme orçamento aprovado.",metro quadrado,51.31,130.0,6670.3,2026-09-16,em andamento
827,249,Boiserie,,Execução de boiserie em escritório.,metro linear,7.61,150.0,1141.5,2024-09-04,concluído
828,297,Forro Drywall,,"Serviço de forro drywall solicitado para corredor, imóvel residencial.",metro quadrado,73.73,95.0,7004.35,2024-08-25,concluído
829,12,moldura de gesso,7cm,"Serviço de moldura de gesso solicitado para sala comercial, imóvel residencial.",metro linear,23.03,11.67,268.76,2026-03-19,Concluido
830,40,Forro Drywall,,"Serviço de forro drywall solicitado para fachada comercial, imóvel residencial.",metro quadrado,52.68,95.0,5004.6,2026-03-17,concluído
831,241,Forro Drywall,,"Serviço de forro drywall solicitado para recepção da loja, imóvel residencial.",metro quadrado,81.81,95.0,7771.95,2025-10-22,concluído
832,229,Gesso Liso,Parede Rebocada,"Gesso Liso - cozinha, conforme orçamento aprovado.",metro quadrado,77.64,20.0,1552.8,2024-08-22,concluído
833,101,Gesso Liso,Parede de Tijolo,Execução de gesso liso em área externa.,metro quadrado,72.52,30.0,2175.6,2026-02-17,concluído
834,131,Gesso Liso,Parede Rebocada,Execução de gesso liso em quarto principal.,metro quadrado,40.7,18.39,748.47,2026-07-26,concluído
835,91,Gesso Liso,Parede de Tijolo,Execução de gesso liso em quarto principal.,metro quadrado,27.35,30.0,820.5,2024-06-20,concluído
836,274,Moldura de Gesso,10cm,"Serviço de moldura de gesso solicitado para galpão industrial, imóvel industrial.",metro linear,7.59,15.46,117.34,2024-06-05,concluído
837,259,Sanca,,"Serviço de sanca solicitado para galpão industrial, imóvel residencial.",metro linear,36.11,95.0,3430.45,2025-04-25,concluído
838,57,forro drywall,,"Serviço de forro drywall solicitado para corredor, imóvel residencial.",metro quadrado,61.79,95.0,5870.05,2024-02-13,concluído
839,278,Forro Drywall,,"Forro Drywall - recepção da loja, conforme orçamento aprovado.",metro quadrado,62.83,95.0,5968.85,2025-10-24,Concluido
840,256,Divisória Drywall,,"Serviço de divisória drywall solicitado para recepção da loja, imóvel residencial.",metro quadrado,14.23,130.0,1849.9,2025-01-11,concluído
841,9,Forro Drywall,,Execução de forro drywall em fachada comercial.,metro quadrado,21.46,91.44,1962.3,27/08/2025,concluído
842,225,Divisória Drywall,,Execução de divisória drywall em sala de estar.,metro quadrado,24.49,130.0,3183.7,2025-01-15,Concluido
843,152,Gesso 3D,,Execução de gesso 3d em sala comercial.,metro quadrado,34.3,192.92,6617.16,2026-06-12,concluído
844,246,Moldura de Gesso,20cm,Execução de moldura de gesso em sala comercial.,metro linear,5.51,20.0,110.2,2025-06-02,concluído
845,191,Gesso Liso,Parede de Tijolo,"Serviço de gesso liso solicitado para área externa, imóvel residencial.",metro quadrado,5.96,28.95,172.54,2025-09-28,concluído
846,264,Forro Drywall,,"Serviço de forro drywall solicitado para galpão industrial, imóvel residencial.",metro quadrado,6.93,94.2,652.81,2024-03-09,CONCLUÍDO
847,74,Gesso Liso,Parede Pintada,Execução de gesso liso em sala de estar.,metro quadrado,15.52,22.0,341.44,2025-01-28,concluído
848,78,Divisória Drywall,,Execução de divisória drywall em fachada comercial.,metro quadrado,38.58,,,2024-08-03,concluído
849,85,Gesso 3D,,"Serviço de gesso 3d solicitado para galpão industrial, imóvel industrial.",metro quadrado,78.91,180.0,14203.8,2025-04-15,concluído
850,170,Gesso Liso,Parede Rebocada,Execução de gesso liso em área externa.,metro quadrado,55.15,20.0,1103.0,2025-11-29,concluído
851,248,Sanca,,Execução de sanca em fachada comercial.,metro linear,13.07,95.0,1241.65,2026-01-11,CONCLUÍDO
852,113,Moldura de Gesso,15cm,"Serviço de moldura de gesso solicitado para recepção da loja, imóvel residencial.",metro linear,35.59,18.39,654.5,2025-12-15,concluído
853,247,Divisória Drywall,,"Serviço de divisória drywall solicitado para corredor, imóvel industrial.",metro quadrado,80.83,140.6,11364.7,2024-02-28,concluído
854,121,Sanca,,Execução de sanca em fachada comercial.,metro linear,21.0,,,2025-02-09,concluído
855,304,Gesso Liso,Parede de Tijolo,"Gesso Liso - quarto principal, conforme orçamento aprovado.",metro quadrado,34.52,30.0,1035.6,2026-03-26,concluído
856,2,Boiserie,,Execução de boiserie em galpão industrial.,metro linear,20.43,150.0,3064.5,2026-05-13,concluído
857,170,Moldura de Gesso,20cm,"Serviço de moldura de gesso solicitado para cozinha, imóvel industrial.",metro linear,6.7,20.0,134.0,2024-02-10,concluído
858,316,Gesso Liso,Parede de Tijolo,"Gesso Liso - sala comercial, conforme orçamento aprovado.",metro quadrado,71.78,30.0,2153.4,2024-05-21,concluído
859,202,Divisória Drywall,,Execução de divisória drywall em recepção da loja.,metro quadrado,73.02,130.0,9492.6,2026-04-09,concluído
860,342,Moldura de Gesso,15cm,"Serviço de moldura de gesso solicitado para cozinha, imóvel residencial.",metro linear,15.08,17.0,256.36,2024-06-07,concluído
861,145,Moldura de Gesso,7cm,"Serviço de moldura de gesso solicitado para sala comercial, imóvel residencial.",metro linear,31.5,12.0,378.0,2026-01-05,concluído
862,243,Divisória Drywall,,"Serviço de divisória drywall solicitado para fachada comercial, imóvel residencial.",m2,57.15,130.0,7429.5,2024-12-19,concluído
863,166,Boiserie,,Execução de boiserie em cozinha.,metro linear,19.64,154.03,3025.15,2025-11-05,concluído
864,250,Forro Drywall,,"Serviço de forro drywall solicitado para escritório, imóvel residencial.",metro quadrado,74.92,95.0,7117.4,2024-05-23,concluído
865,185,Sanca,,"Serviço de sanca solicitado para escritório, imóvel residencial.",metro linear,29.32,95.0,2785.4,2024-01-03,concluído
866,259,Moldura de Gesso,20cm,"Moldura de Gesso - sala de estar, conforme orçamento aprovado.",metro linear,13.12,20.0,262.4,2025-08-27,concluído
867,234,Divisória Drywall,,"Divisória Drywall - recepção da loja, conforme orçamento aprovado.",metro quadrado,7.61,130.0,989.3,2025-10-04,CONCLUÍDO
868,303,Gesso 3D,,Execução de gesso 3d em fachada comercial.,metro quadrado,22.05,191.35,4219.27,2026-04-16,concluído
869,231,Boiserie,,Execução de boiserie em sala comercial.,metro linear,0.0,150.0,,2024-03-18,concluído
870,328,Boiserie,,Execução de boiserie em fachada comercial.,metro linear,32.16,150.0,4824.0,2025-05-23,CONCLUÍDO
871,169,Forro Drywall,,"Forro Drywall - sala de estar, conforme orçamento aprovado.",metro quadrado,18.36,95.0,1744.2,2025-03-15,concluído
872,150,Divisória Drywall,,"Divisória Drywall - sala comercial, conforme orçamento aprovado.",metro quadrado,58.42,117.13,6842.73,2024-06-16,concluído
873,63,Boiserie,,"Serviço de boiserie solicitado para cozinha, imóvel residencial.",metro linear,0.0,150.0,,2026-03-08,concluído
874,274,Gesso Liso,Parede Rebocada,Execução de gesso liso em cozinha.,metro quadrado,41.69,20.0,833.8,2024-10-11,concluído
875,10,Divisória Drywall,,"Divisória Drywall - cozinha, conforme orçamento aprovado.",metro quadrado,77.78,,,2026-02-23,concluído
876,324,Forro Drywall,,Execução de forro drywall em recepção da loja.,metro quadrado,32.46,95.0,3083.7,2026-02-13,concluído
877,301,Forro Drywall,,"Serviço de forro drywall solicitado para sala comercial, imóvel industrial.",metro quadrado,64.57,,,2024-08-20,concluído
878,22,Forro Drywall,,Execução de forro drywall em recepção da loja.,metro quadrado,6.95,95.0,660.25,2024-01-18,CONCLUÍDO
879,44,Moldura de Gesso,20cm,"Serviço de moldura de gesso solicitado para sala comercial, imóvel residencial.",metro linear,7.96,20.0,159.2,2026-02-23,concluído
880,327,Moldura de Gesso,15cm,"Serviço de moldura de gesso solicitado para cozinha, imóvel residencial.",metro linear,14.73,15.7,231.26,2026-05-29,concluído
881,211,divisória drywall,,"Divisória Drywall - fachada comercial, conforme orçamento aprovado.",metro quadrado,83.49,130.0,10853.7,2025-05-25,concluído
882,269,Sanca,,Execução de sanca em quarto principal.,metro linear,25.31,95.0,2404.45,2024-04-07,CONCLUÍDO
883,26,Sanca,,"Sanca - área externa, conforme orçamento aprovado.",metro linear,13.23,95.0,1256.85,2025-07-08,Concluido
884,153,Gesso Liso,Parede Rebocada,Execução de gesso liso em fachada comercial.,metro quadrado,12.14,,,2024-11-15,Concluido
885,302,Gesso 3D,,Execução de gesso 3d em área externa.,metro quadrado,4.32,180.0,777.6,2026-04-08,concluído
886,333,Divisória Drywall,,"Divisória Drywall - cozinha, conforme orçamento aprovado.",metro quadrado,78.37,130.0,10188.1,2026-04-11,concluído
887,3,Boiserie,,"Boiserie - sala de estar, conforme orçamento aprovado.",metro linear,28.21,150.0,4231.5,2026-01-17,concluído
888,271,Divisória Drywall,,"Serviço de divisória drywall solicitado para quarto principal, imóvel residencial.",metro quadrado,27.71,,,2025-02-25,Concluido
889,59,Gesso Liso,Parede Rebocada,Execução de gesso liso em escritório.,metro quadrado,36.85,20.0,737.0,2024-05-11,concluído
890,24,divisória drywall,,"Divisória Drywall - escritório, conforme orçamento aprovado.",metro quadrado,63.23,130.0,8219.9,11/08/2024,concluído
891,106,Sanca,,"Serviço de sanca solicitado para sala comercial, imóvel residencial.",metro linear,19.54,95.0,1856.3,2024-05-06,Concluido
892,75,Moldura de Gesso,20cm,"Serviço de moldura de gesso solicitado para sala de estar, imóvel residencial.",metro linear,10.65,21.29,226.74,2025-11-09,concluído
893,31,Sanca,,"Serviço de sanca solicitado para recepção da loja, imóvel industrial.",metro linear,30.69,95.0,2915.55,2024-04-23,Concluido
894,301,Gesso Liso,Parede Rebocada,"Serviço de gesso liso solicitado para recepção da loja, imóvel residencial.",metro quadrado,40.81,20.0,816.2,2024-07-24,concluído
895,9,Gesso 3D,,"Serviço de gesso 3d solicitado para quarto principal, imóvel residencial.",metro quadrado,67.26,180.0,12106.8,2026-08-29,concluído
896,140,Gesso Liso,Parede Pintada,"Serviço de gesso liso solicitado para escritório, imóvel industrial.",metro quadrado,73.82,22.0,1624.04,2025-02-17,concluído
897,343,Moldura de Gesso,10cm,Execução de moldura de gesso em sala comercial.,metro linear,37.46,15.0,561.9,2026-08-04,concluído
898,284,Gesso Liso,Parede Pintada,"Serviço de gesso liso solicitado para fachada comercial, imóvel residencial.",metro quadrado,38.0,22.0,836.0,2024-07-10,concluído
899,343,Gesso Liso,Parede de Tijolo,"Serviço de gesso liso solicitado para galpão industrial, imóvel residencial.",metro quadrado,72.19,30.0,2165.7,2024-04-08,concluído
900,273,Moldura de Gesso,10cm,Execução de moldura de gesso em escritório.,metro linear,15.34,,,2024-01-17,concluído
901,38,Forro Drywall,,Execução de forro drywall em quarto principal.,metro quadrado,12.31,95.0,1169.45,2026-01-05,concluído
902,144,Forro Drywall,,"Forro Drywall - área externa, conforme orçamento aprovado.",metro quadrado,56.08,82.97,4652.96,2026-08-03,concluído
903,244,Divisória Drywall,,"Serviço de divisória drywall solicitado para escritório, imóvel industrial.",metro quadrado,59.81,130.0,7775.3,2025-12-13,concluído
904,118,Gesso Liso,Parede Rebocada,Execução de gesso liso em cozinha.,metro quadrado,78.91,20.0,1578.2,2024-12-23,Concluido
905,342,Gesso Liso,Parede de Tijolo,"Serviço de gesso liso solicitado para escritório, imóvel residencial.",metro quadrado,26.3,30.0,789.0,2026-01-25,concluído
906,317,Forro Drywall,,Execução de forro drywall em recepção da loja.,metro quadrado,14.9,85.6,1275.44,2025-10-04,concluído
907,194,Divisória Drywall,,Execução de divisória drywall em cozinha.,metro quadrado,4.62,130.0,600.6,2025-12-01,concluído
908,86,Forro Drywall,,"Serviço de forro drywall solicitado para área externa, imóvel industrial.",metro quadrado,25.56,95.0,2428.2,2025-11-24,concluído
909,273,Boiserie,,"Boiserie - fachada comercial, conforme orçamento aprovado.",metro linear,27.44,150.0,4116.0,2024-06-25,concluído
910,101,Moldura de Gesso,15cm,Execução de moldura de gesso em cozinha.,metro linear,18.02,17.0,306.34,2026-08-07,concluído
911,58,Gesso Liso,Parede Rebocada,Execução de gesso liso em sala comercial.,metro quadrado,49.37,20.0,987.4,2025-12-30,concluído
912,311,Sanca,,Execução de sanca em galpão industrial.,metro linear,23.12,95.0,2196.4,2024-03-26,concluído
913,106,Gesso Liso,Parede Rebocada,"Serviço de gesso liso solicitado para sala comercial, imóvel residencial.",metro quadrado,15.32,20.0,306.4,2024-04-01,concluído
914,173,Gesso Liso,Parede Pintada,"Gesso Liso - galpão industrial, conforme orçamento aprovado.",metro quadrado,6.43,22.96,147.63,2025-12-08,concluído
915,43,Gesso Liso,Parede de Tijolo,Execução de gesso liso em área externa.,metro quadrado,59.72,28.79,1719.34,2026-07-04,concluído
916,59,Forro Drywall,,"Forro Drywall - área externa, conforme orçamento aprovado.",metro quadrado,68.37,95.0,6495.15,2024-10-26,concluído
917,40,Gesso Liso,Parede Rebocada,Execução de gesso liso em sala comercial.,metro quadrado,16.2,20.0,324.0,2025-09-28,concluído
918,339,Sanca,,"Sanca - cozinha, conforme orçamento aprovado.",metro linear,12.67,95.0,1203.65,2024-12-15,concluído
919,138,Forro Drywall,,"Forro Drywall - recepção da loja, conforme orçamento aprovado.",metro quadrado,45.45,95.0,4317.75,2024-02-20,concluído
920,28,Gesso Liso,Parede de Tijolo,"Gesso Liso - sala de estar, conforme orçamento aprovado.",metro quadrado,36.95,30.0,1108.5,2025-09-20,concluído
921,270,Moldura de Gesso,20cm,"Moldura de Gesso - sala comercial, conforme orçamento aprovado.",metro linear,9.84,20.0,196.8,2024-02-18,Concluido
922,134,Moldura de Gesso,7cm,"Moldura de Gesso - sala comercial, conforme orçamento aprovado.",metro linear,26.15,10.73,280.59,2026-08-29,concluído
923,33,Gesso Liso,Parede Rebocada,"Gesso Liso - cozinha, conforme orçamento aprovado.",metro quadrado,36.38,20.0,727.6,2024-05-24,concluído
924,209,Moldura de Gesso,7cm,"Serviço de moldura de gesso solicitado para escritório, imóvel residencial.",metro linear,14.01,12.47,174.7,2024-05-13,concluído
925,200,Moldura de Gesso,20cm,Execução de moldura de gesso em sala de estar.,metro linear,13.79,20.0,275.8,2024-12-29,Concluido
926,279,Forro Drywall,,"Serviço de forro drywall solicitado para fachada comercial, imóvel residencial.",metro quadrado,59.34,,,2026-07-22,concluído
927,272,Gesso Liso,Parede Rebocada,Execução de gesso liso em fachada comercial.,metro quadrado,44.92,20.65,927.6,2025-01-12,concluído
928,32,Moldura de Gesso,15cm,"Serviço de moldura de gesso solicitado para escritório, imóvel residencial.",metro linear,27.93,17.0,474.81,2025-10-16,concluído
929,301,Gesso Liso,Parede Rebocada,"Serviço de gesso liso solicitado para área externa, imóvel residencial.",metro quadrado,29.52,20.0,590.4,2024-08-15,concluído
930,279,Moldura de Gesso,10cm,Execução de moldura de gesso em recepção da loja.,metro linear,4.79,15.0,71.85,2024-04-03,concluído
931,18,Forro Drywall,,"Forro Drywall - quarto principal, conforme orçamento aprovado.",metro quadrado,62.59,95.28,5963.58,2025-06-01,concluído
932,269,Moldura de Gesso,10cm,Execução de moldura de gesso em galpão industrial.,metro linear,36.0,15.0,540.0,2026-04-20,concluído
933,269,Moldura de Gesso,15cm,"Moldura de Gesso - área externa, conforme orçamento aprovado.",metro linear,37.2,17.0,632.4,2025-04-28,concluído
934,318,Gesso 3D,,"Gesso 3D - quarto principal, conforme orçamento aprovado.",metro quadrado,59.09,180.0,10636.2,2024-12-20,concluído
935,56,Gesso Liso,Parede de Tijolo,"Gesso Liso - recepção da loja, conforme orçamento aprovado.",m2,47.68,30.0,1430.4,2025-05-03,concluído
936,309,Divisória Drywall,,"Divisória Drywall - sala de estar, conforme orçamento aprovado.",metro quadrado,44.97,130.0,5846.1,2024-12-09,concluído
937,209,Gesso Liso,Parede Rebocada,"Gesso Liso - recepção da loja, conforme orçamento aprovado.",metro quadrado,80.19,20.0,1603.8,2024-01-22,concluído
938,60,Gesso Liso,Parede Pintada,"Serviço de gesso liso solicitado para escritório, imóvel residencial.",metro quadrado,64.45,23.86,1537.78,2026-08-24,concluído
939,14,Sanca,,"Serviço de sanca solicitado para escritório, imóvel residencial.",metro linear,17.29,95.0,1642.55,2026-08-20,concluído
940,261,Moldura de Gesso,15cm,"Moldura de Gesso - cozinha, conforme orçamento aprovado.",metro linear,23.36,17.0,397.12,2025-10-03,concluído
941,21,Divisória Drywall,,"Divisória Drywall - fachada comercial, conforme orçamento aprovado.",metro quadrado,13.38,130.0,1739.4,2026-03-23,concluído
942,271,Moldura de Gesso,7cm,"Moldura de Gesso - galpão industrial, conforme orçamento aprovado.",metro linear,8.05,12.0,96.6,18/01/2025,concluído
943,260,Moldura de Gesso,15cm,"Moldura de Gesso - corredor, conforme orçamento aprovado.",metro linear,16.62,17.0,282.54,2026-04-02,concluído
944,307,Forro Drywall,,"Forro Drywall - fachada comercial, conforme orçamento aprovado.",metro quadrado,61.2,95.0,5814.0,2026-02-24,concluído
945,234,Gesso Liso,Parede de Tijolo,"Gesso Liso - escritório, conforme orçamento aprovado.",metro quadrado,11.26,30.0,337.8,2026-03-13,concluído
946,257,Sanca,,Execução de sanca em escritório.,metro linear,35.83,101.1,3622.41,2026-09-03,em andamento
947,289,Forro Drywall,,"Serviço de forro drywall solicitado para quarto principal, imóvel residencial.",metro quadrado,49.35,95.0,4688.25,2025-12-17,concluído
948,227,Sanca,,"Sanca - área externa, conforme orçamento aprovado.",metro linear,9.43,95.0,895.85,2026-01-11,concluído
949,71,Gesso 3D,,Execução de gesso 3d em recepção da loja.,metro quadrado,57.24,180.0,10303.2,2026-04-18,CONCLUÍDO
950,290,Moldura de Gesso,20cm,"Serviço de moldura de gesso solicitado para sala comercial, imóvel residencial.",metro linear,25.57,20.0,511.4,2026-05-19,concluído
951,282,Sanca,,"Sanca - recepção da loja, conforme orçamento aprovado.",metro linear,17.15,95.0,1629.25,2024-03-15,Concluido
952,271,Moldura de Gesso,10cm,"Moldura de Gesso - sala comercial, conforme orçamento aprovado.",metro linear,14.61,,,2024-05-03,concluído
953,261,forro drywall,,"Serviço de forro drywall solicitado para sala comercial, imóvel residencial.",metro quadrado,26.02,100.52,2615.53,2024-06-17,concluído
954,29,Forro Drywall,,Execução de forro drywall em galpão industrial.,metro quadrado,13.46,95.0,1278.7,2024-07-25,concluído
955,271,Sanca,,Execução de sanca em corredor.,metro linear,5.07,95.0,481.65,2025-10-06,concluído
956,299,Gesso Liso,Parede Rebocada,"Serviço de gesso liso solicitado para sala de estar, imóvel industrial.",metro quadrado,80.9,20.0,1618.0,2024-02-21,concluído
957,84,Divisória Drywall,,Execução de divisória drywall em galpão industrial.,metro quadrado,8.71,134.1,1168.01,2026-02-20,Concluido
958,321,Gesso Liso,Parede Rebocada,"Gesso Liso - fachada comercial, conforme orçamento aprovado.",metro quadrado,70.91,,,2024-06-13,concluído
959,100,Divisória Drywall,,"Serviço de divisória drywall solicitado para cozinha, imóvel residencial.",metro quadrado,20.07,130.0,2609.1,2024-05-15,CONCLUÍDO
960,41,Gesso Liso,Parede Rebocada,Execução de gesso liso em sala de estar.,metro quadrado,41.6,,,2026-07-18,concluído
961,263,Divisória Drywall,,"Divisória Drywall - escritório, conforme orçamento aprovado.",metro quadrado,83.34,130.0,10834.2,2025-07-13,concluído
962,304,Forro Drywall,,"Serviço de forro drywall solicitado para quarto principal, imóvel residencial.",metro quadrado,7.98,88.42,705.59,2024-05-24,Concluido
963,105,Divisória Drywall,,Execução de divisória drywall em corredor.,metro quadrado,59.25,130.0,7702.5,2025-07-01,concluído
964,83,Sanca,,"Sanca - recepção da loja, conforme orçamento aprovado.",metro linear,26.65,94.74,2524.82,2026-04-27,concluído
965,311,Moldura de Gesso,15cm,"Serviço de moldura de gesso solicitado para cozinha, imóvel residencial.",metro linear,19.2,15.43,296.26,2026-04-22,concluído
966,294,Forro Drywall,,Execução de forro drywall em recepção da loja.,metro quadrado,64.77,95.0,6153.15,2026-03-15,concluído
967,207,Gesso Liso,Parede Pintada,Execução de gesso liso em sala de estar.,metro quadrado,73.73,21.55,1588.88,2026-04-06,concluído
968,93,Moldura de Gesso,15cm,"Moldura de Gesso - sala de estar, conforme orçamento aprovado.",metro linear,11.28,17.0,191.76,2024-03-29,CONCLUÍDO
969,136,Gesso 3D,,"Serviço de gesso 3d solicitado para cozinha, imóvel residencial.",metro quadrado,36.8,180.0,6624.0,2025-10-28,concluído
970,21,Moldura de Gesso,7cm,Execução de moldura de gesso em sala comercial.,metro linear,23.63,12.0,283.56,2024-08-28,concluído
971,170,Gesso 3D,,"Serviço de gesso 3d solicitado para área externa, imóvel residencial.",metro quadrado,68.67,180.0,12360.6,2024-08-23,concluído
972,67,Divisória Drywall,,"Divisória Drywall - corredor, conforme orçamento aprovado.",metro quadrado,28.15,130.32,3668.51,2025-07-20,concluído
973,19,Moldura de Gesso,15cm,"Moldura de Gesso - corredor, conforme orçamento aprovado.",metro linear,28.73,17.0,488.41,2024-07-02,concluído
974,232,Gesso 3D,,"Serviço de gesso 3d solicitado para área externa, imóvel residencial.",metro quadrado,26.27,,,2024-03-06,concluído
975,295,Moldura de Gesso,20cm,"Moldura de Gesso - escritório, conforme orçamento aprovado.",metro linear,36.87,20.0,737.4,2024-06-06,concluído
976,163,Gesso Liso,Parede Pintada,"Gesso Liso - fachada comercial, conforme orçamento aprovado.",metro quadrado,0.0,22.0,,2025-11-29,concluído
977,200,Forro Drywall,,"Forro Drywall - sala comercial, conforme orçamento aprovado.",metro quadrado,34.86,95.0,3311.7,2025-08-05,concluído
978,129,Forro Drywall,,Execução de forro drywall em fachada comercial.,metro quadrado,18.79,95.0,1785.05,2025-02-07,concluído
979,273,Sanca,,"Serviço de sanca solicitado para área externa, imóvel industrial.",metro linear,30.36,100.47,3050.27,2024-08-15,Concluido
980,168,Divisória Drywall,,"Divisória Drywall - área externa, conforme orçamento aprovado.",metro quadrado,19.11,140.8,2690.69,2024-07-01,Concluido
981,176,Gesso Liso,Parede Pintada,Execução de gesso liso em recepção da loja.,metro quadrado,46.91,22.0,1032.02,2024-08-16,Concluido
982,135,Gesso Liso,Parede Rebocada,Execução de gesso liso em fachada comercial.,metro quadrado,81.46,20.0,1629.2,17/01/2024,concluído
983,320,Forro Drywall,,Execução de forro drywall em área externa.,metro quadrado,13.72,95.0,1303.4,2025-08-13,concluído
984,171,Moldura de Gesso,15cm,"Serviço de moldura de gesso solicitado para fachada comercial, imóvel residencial.",metro linear,24.53,17.0,417.01,2026-05-08,concluído
985,111,Divisória Drywall,,"Serviço de divisória drywall solicitado para recepção da loja, imóvel residencial.",metro quadrado,63.04,137.07,8640.89,2025-05-02,concluído
986,137,Boiserie,,"Serviço de boiserie solicitado para galpão industrial, imóvel residencial.",metro linear,38.25,157.59,6027.82,2024-10-17,CONCLUÍDO
987,63,Gesso 3D,,Execução de gesso 3d em fachada comercial.,metro quadrado,60.38,180.0,10868.4,2025-09-11,concluído
988,179,Gesso Liso,Parede Rebocada,"Gesso Liso - sala de estar, conforme orçamento aprovado.",metro quadrado,36.58,,,2025-07-24,concluído
989,231,Moldura de Gesso,10cm,"Serviço de moldura de gesso solicitado para fachada comercial, imóvel residencial.",metro linear,22.94,13.27,304.41,2025-12-24,concluído
990,187,Forro Drywall,,Execução de forro drywall em área externa.,metro quadrado,68.52,95.0,6509.4,2025-09-20,concluído
991,171,Forro Drywall,,Execução de forro drywall em escritório.,metro quadrado,6.06,95.0,575.7,2024-02-10,concluído
992,330,Divisória Drywall,,Execução de divisória drywall em corredor.,metro quadrado,75.07,136.48,10245.55,2026-06-08,concluído
993,94,Forro Drywall,,"Forro Drywall - corredor, conforme orçamento aprovado.",metro quadrado,59.24,95.0,5627.8,2025-06-16,concluído
994,230,divisória drywall,,"Divisória Drywall - galpão industrial, conforme orçamento aprovado.",metro quadrado,76.81,130.0,9985.3,2024-10-26,concluído
995,148,Gesso 3D,,Execução de gesso 3d em quarto principal.,metro quadrado,20.94,180.0,3769.2,2026-04-04,concluído
996,311,Sanca,,"Serviço de sanca solicitado para quarto principal, imóvel residencial.",metro linear,8.3,95.0,788.5,2024-11-08,concluído
997,284,Divisória Drywall,,"Serviço de divisória drywall solicitado para cozinha, imóvel industrial.",metro quadrado,41.52,130.0,5397.6,2025-04-27,concluído
998,186,Forro Drywall,,"Forro Drywall - área externa, conforme orçamento aprovado.",metro quadrado,49.53,95.0,4705.35,2024-06-07,Concluido
999,337,Forro Drywall,,"Serviço de forro drywall solicitado para corredor, imóvel residencial.",metro quadrado,48.86,95.0,4641.7,2025-07-16,Concluido
1000,112,Divisória Drywall,,"Divisória Drywall - área externa, conforme orçamento aprovado.",metro quadrado,78.99,,,2026-09-06,em andamento
1001,88,Forro Drywall,,Execução de forro drywall em cozinha.,metro quadrado,81.38,96.36,7841.78,2025-08-22,concluído
1002,126,Forro Drywall,,"Serviço de forro drywall solicitado para corredor, imóvel residencial.",metro quadrado,67.94,95.0,6454.3,2024-11-23,concluído
1003,113,Moldura de Gesso,20cm,"Moldura de Gesso - corredor, conforme orçamento aprovado.",metro linear,8.98,20.0,179.6,2024-01-21,concluído
1004,310,Moldura de Gesso,20cm,"Moldura de Gesso - galpão industrial, conforme orçamento aprovado.",metro linear,33.52,20.0,670.4,2024-07-10,concluído
1005,255,Gesso Liso,Parede Rebocada,Execução de gesso liso em sala comercial.,metro quadrado,62.22,20.0,1244.4,2026-04-17,concluído
1006,51,Gesso Liso,Parede Pintada,"Serviço de gesso liso solicitado para fachada comercial, imóvel industrial.",metro quadrado,14.91,22.69,338.31,2024-02-25,concluído
1007,239,Gesso 3D,,"Serviço de gesso 3d solicitado para galpão industrial, imóvel residencial.",metro quadrado,46.01,180.0,8281.8,2024-12-23,concluído
1008,202,Gesso Liso,Parede Pintada,Execução de gesso liso em fachada comercial.,metro quadrado,78.87,,,2026-03-20,CONCLUÍDO
1009,294,Gesso Liso,Parede Pintada,Execução de gesso liso em área externa.,metro quadrado,73.27,22.0,1611.94,2024-03-09,concluído
1010,296,Divisória Drywall,,"Divisória Drywall - corredor, conforme orçamento aprovado.",m2,17.57,,,2026-02-06,concluído
1011,101,Sanca,,Execução de sanca em quarto principal.,metro linear,36.73,,,2024-03-25,concluído
1012,60,Moldura de Gesso,7cm,"Moldura de Gesso - cozinha, conforme orçamento aprovado.",metro linear,10.67,12.0,128.04,2025-12-18,CONCLUÍDO
1013,60,Gesso Liso,Parede Pintada,"Gesso Liso - cozinha, conforme orçamento aprovado.",metro quadrado,13.13,22.0,288.86,2024-07-04,concluído
1014,225,Gesso Liso,Parede Rebocada,"Gesso Liso - recepção da loja, conforme orçamento aprovado.",metro quadrado,79.52,20.0,1590.4,17/01/2026,concluído
1015,334,Divisória Drywall,,"Divisória Drywall - sala de estar, conforme orçamento aprovado.",metro quadrado,75.03,113.87,8543.67,2026-02-21,concluído
1016,173,Gesso Liso,Parede Rebocada,"Serviço de gesso liso solicitado para área externa, imóvel residencial.",metro quadrado,73.65,20.0,1473.0,2024-05-17,concluído
1017,195,Forro Drywall,,"Forro Drywall - galpão industrial, conforme orçamento aprovado.",metro quadrado,72.01,96.31,6935.28,2026-04-04,Concluido
1018,50,Moldura de Gesso,15cm,Execução de moldura de gesso em galpão industrial.,metro linear,11.47,17.0,194.99,2024-07-14,concluído
1019,39,Sanca,,"Sanca - cozinha, conforme orçamento aprovado.",metro linear,35.86,95.0,3406.7,2025-05-08,Concluido
1020,307,Sanca,,"Sanca - cozinha, conforme orçamento aprovado.",m linear,25.92,82.78,2145.66,2025-03-12,Concluido
1021,176,Moldura de Gesso,20cm,Execução de moldura de gesso em fachada comercial.,metro linear,14.82,20.0,296.4,2026-06-18,concluído
1022,208,Gesso Liso,Parede de Tijolo,"Serviço de gesso liso solicitado para corredor, imóvel residencial.",metro quadrado,81.48,28.89,2353.96,2025-03-09,Concluido
1023,89,Forro Drywall,,Execução de forro drywall em sala comercial.,metro quadrado,80.61,84.0,6771.24,2026-04-09,concluído
1024,20,Gesso Liso,Parede Rebocada,"Serviço de gesso liso solicitado para quarto principal, imóvel residencial.",metro quadrado,20.78,19.06,396.07,2024-08-23,concluído
1025,265,Gesso Liso,Parede Rebocada,"Serviço de gesso liso solicitado para galpão industrial, imóvel residencial.",m2,11.89,20.0,237.8,2024-04-19,concluído
1026,210,Gesso Liso,Parede Rebocada,"Gesso Liso - fachada comercial, conforme orçamento aprovado.",metro quadrado,40.69,20.0,813.8,2024-08-22,concluído
1027,103,Gesso Liso,Parede Rebocada,"Serviço de gesso liso solicitado para sala comercial, imóvel residencial.",metro quadrado,68.88,20.0,1377.6,2024-01-26,concluído
1028,130,Forro Drywall,,Execução de forro drywall em escritório.,metro quadrado,44.19,95.0,4198.05,2024-12-07,concluído
1029,226,Gesso 3D,,"Serviço de gesso 3d solicitado para cozinha, imóvel residencial.",metro quadrado,78.68,172.66,13584.89,01/06/2024,concluído
1030,137,Sanca,,"Sanca - quarto principal, conforme orçamento aprovado.",m linear,17.91,95.0,1701.45,2024-12-04,concluído
1031,130,Forro Drywall,,"Forro Drywall - área externa, conforme orçamento aprovado.",metro quadrado,7.03,95.0,667.85,2024-08-29,concluído
1032,2,Divisória Drywall,,"Divisória Drywall - sala comercial, conforme orçamento aprovado.",m2,29.52,130.0,3837.6,2024-11-20,concluído
1033,255,Moldura de Gesso,15cm,Execução de moldura de gesso em área externa.,metro linear,37.38,17.0,635.46,2025-05-19,concluído
1034,285,Forro Drywall,,Execução de forro drywall em corredor.,metro quadrado,64.74,103.44,6696.71,2024-06-01,concluído
1035,166,Divisória Drywall,,"Serviço de divisória drywall solicitado para quarto principal, imóvel industrial.",metro quadrado,39.39,130.0,5120.7,2025-06-11,concluído
1036,136,Sanca,,"Sanca - corredor, conforme orçamento aprovado.",metro linear,9.11,,,2025-11-07,concluído
1037,211,Sanca,,Execução de sanca em sala comercial.,metro linear,5.03,95.0,477.85,2024-01-29,concluído
1038,315,Gesso Liso,Parede Pintada,"Gesso Liso - corredor, conforme orçamento aprovado.",metro quadrado,50.3,22.99,1156.4,2025-04-04,Concluido
1039,301,Gesso Liso,Parede Rebocada,"Serviço de gesso liso solicitado para recepção da loja, imóvel industrial.",metro quadrado,82.13,20.0,1642.6,2026-04-14,concluído
1040,62,Divisória Drywall,,Execução de divisória drywall em sala comercial.,metro quadrado,40.55,130.0,5271.5,2025-06-09,concluído
1041,14,Sanca,,Execução de sanca em escritório.,metro linear,12.6,95.0,1197.0,2025-04-29,concluído
1042,332,Forro Drywall,,"Forro Drywall - área externa, conforme orçamento aprovado.",metro quadrado,58.11,95.0,5520.45,2025-05-26,concluído
1043,201,Divisória Drywall,,Execução de divisória drywall em galpão industrial.,metro quadrado,50.87,,,2025-05-03,concluído
1044,298,Moldura de Gesso,10cm,"Serviço de moldura de gesso solicitado para sala comercial, imóvel residencial.",metro linear,18.67,15.0,280.05,2026-07-10,concluído
1045,236,Forro Drywall,,"Forro Drywall - área externa, conforme orçamento aprovado.",metro quadrado,51.06,95.0,4850.7,2025-10-18,concluído
1046,193,Moldura de Gesso,15cm,Execução de moldura de gesso em cozinha.,metro linear,17.2,17.0,292.4,2025-09-18,concluído
1047,198,Forro Drywall,,"Forro Drywall - sala comercial, conforme orçamento aprovado.",metro quadrado,15.53,95.0,1475.35,2026-02-17,concluído
1048,114,Boiserie,,Execução de boiserie em fachada comercial.,metro linear,12.84,150.0,1926.0,2024-08-21,concluído
1049,228,Moldura de Gesso,7cm,"Moldura de Gesso - quarto principal, conforme orçamento aprovado.",metro linear,25.27,12.0,303.24,2026-05-03,concluído
1050,308,Gesso Liso,Parede Pintada,Execução de gesso liso em sala de estar.,metro quadrado,55.85,19.83,1107.51,2025-02-21,concluído
1051,285,Divisória Drywall,,"Serviço de divisória drywall solicitado para fachada comercial, imóvel residencial.",metro quadrado,45.39,133.26,6048.67,2026-07-20,concluído
1052,163,Sanca,,"Sanca - quarto principal, conforme orçamento aprovado.",metro linear,27.06,95.0,2570.7,2024-10-07,concluído
1053,34,Gesso 3D,,"Gesso 3D - sala comercial, conforme orçamento aprovado.",metro quadrado,66.56,180.0,11980.8,05/07/2025,concluído
1054,283,Forro Drywall,,"Serviço de forro drywall solicitado para galpão industrial, imóvel residencial.",metro quadrado,15.78,95.0,1499.1,2025-02-27,concluído
1055,280,Gesso 3D,,"Serviço de gesso 3d solicitado para área externa, imóvel residencial.",metro quadrado,38.2,180.0,6876.0,2026-07-26,concluído
1056,160,Forro Drywall,,Execução de forro drywall em quarto principal.,metro quadrado,59.78,95.0,5679.1,2025-08-25,concluído
1057,30,Gesso Liso,Parede Pintada,"Serviço de gesso liso solicitado para galpão industrial, imóvel residencial.",metro quadrado,72.43,,,2024-09-09,concluído
1058,32,Gesso Liso,Parede Pintada,"Gesso Liso - cozinha, conforme orçamento aprovado.",metro quadrado,22.39,21.75,486.98,2025-02-08,concluído
1059,29,Forro Drywall,,"Serviço de forro drywall solicitado para sala comercial, imóvel industrial.",metro quadrado,0.0,95.0,,2025-11-02,concluído
1060,193,Forro Drywall,,"Serviço de forro drywall solicitado para corredor, imóvel residencial.",metro quadrado,84.89,95.0,8064.55,2026-07-13,concluído
1061,8,Divisória Drywall,,"Serviço de divisória drywall solicitado para sala de estar, imóvel residencial.",metro quadrado,70.44,130.0,9157.2,2026-06-04,concluído
1062,99,Boiserie,,Execução de boiserie em recepção da loja.,metro linear,31.91,150.0,4786.5,2024-05-13,concluído
1063,215,Divisória Drywall,,"Divisória Drywall - sala de estar, conforme orçamento aprovado.",metro quadrado,31.26,130.0,4063.8,2025-10-09,concluído
1064,61,Moldura de Gesso,20cm,Execução de moldura de gesso em corredor.,metro linear,9.47,,,2026-03-28,concluído
1065,200,Gesso Liso,Parede de Tijolo,"Gesso Liso - fachada comercial, conforme orçamento aprovado.",metro quadrado,6.25,30.0,187.5,2024-04-12,concluído
1066,4,Boiserie,,Execução de boiserie em corredor.,metro linear,31.14,150.0,4671.0,2025-04-30,concluído
1067,296,Sanca,,"Serviço de sanca solicitado para cozinha, imóvel industrial.",metro linear,25.03,95.0,2377.85,2026-03-15,Concluido
1068,327,Moldura de Gesso,15cm,"Serviço de moldura de gesso solicitado para corredor, imóvel residencial.",metro linear,33.04,18.36,606.61,2024-02-24,concluído
1069,198,Gesso Liso,Parede de Tijolo,Execução de gesso liso em fachada comercial.,metro quadrado,74.18,30.0,2225.4,2024-12-24,CONCLUÍDO
1070,286,Sanca,,"Serviço de sanca solicitado para sala de estar, imóvel residencial.",metro linear,28.7,95.0,2726.5,2024-09-16,concluído
1071,147,Gesso Liso,Parede Pintada,"Gesso Liso - escritório, conforme orçamento aprovado.",metro quadrado,56.83,22.0,1250.26,2024-07-20,concluído
1072,276,Divisória Drywall,,"Serviço de divisória drywall solicitado para corredor, imóvel residencial.",metro quadrado,53.8,,,2025-11-29,Concluido
1073,151,Divisória Drywall,,Execução de divisória drywall em recepção da loja.,metro quadrado,56.25,130.0,7312.5,2024-06-22,concluído
1074,7,Forro Drywall,,"Forro Drywall - escritório, conforme orçamento aprovado.",metro quadrado,57.06,95.16,5429.83,2025-01-31,CONCLUÍDO
1075,167,Boiserie,,"Boiserie - fachada comercial, conforme orçamento aprovado.",metro linear,29.61,150.0,4441.5,2025-10-01,Concluido
1076,264,Moldura de Gesso,7cm,"Serviço de moldura de gesso solicitado para galpão industrial, imóvel industrial.",metro linear,5.56,12.0,66.72,2025-06-01,concluído
1077,185,Gesso 3D,,"Gesso 3D - área externa, conforme orçamento aprovado.",metro quadrado,25.19,162.46,4092.37,2025-07-01,Concluido
1078,329,Sanca,,"Serviço de sanca solicitado para sala comercial, imóvel residencial.",metro linear,28.39,96.65,2743.89,2024-09-03,concluído
1079,319,Moldura de Gesso,7cm,"Serviço de moldura de gesso solicitado para área externa, imóvel residencial.",metro linear,24.01,12.0,288.12,2025-06-10,concluído
1080,246,Gesso Liso,Parede Pintada,"Serviço de gesso liso solicitado para área externa, imóvel residencial.",m2,12.48,22.0,274.56,2024-09-16,concluído
1081,68,Divisória Drywall,,Execução de divisória drywall em quarto principal.,metro quadrado,77.27,130.0,10045.1,2025-08-29,concluído
1082,256,Gesso Liso,Parede Pintada,"Gesso Liso - sala comercial, conforme orçamento aprovado.",metro quadrado,6.44,22.0,141.68,2026-06-21,concluído
1083,86,gesso 3d,,"Serviço de gesso 3d solicitado para sala comercial, imóvel residencial.",metro quadrado,15.8,180.0,2844.0,2024-07-08,concluído
1084,16,Sanca,,Execução de sanca em quarto principal.,metro linear,21.79,95.0,2070.05,2025-07-25,Concluido
1085,197,Divisória Drywall,,Execução de divisória drywall em quarto principal.,metro quadrado,68.55,118.15,8099.18,2025-07-20,concluído
1086,282,Divisória Drywall,,Execução de divisória drywall em quarto principal.,metro quadrado,55.96,130.0,7274.8,2026-06-06,CONCLUÍDO
1087,235,Boiserie,,Execução de boiserie em área externa.,metro linear,33.91,150.0,5086.5,2025-01-13,concluído
1088,24,Gesso 3D,,"Serviço de gesso 3d solicitado para recepção da loja, imóvel industrial.",metro quadrado,39.31,180.0,7075.8,2025-03-08,concluído
1089,116,Moldura de Gesso,7cm,"Moldura de Gesso - área externa, conforme orçamento aprovado.",metro linear,0.0,12.0,,2024-11-27,concluído
1090,8,Gesso Liso,Parede Rebocada,"Gesso Liso - sala comercial, conforme orçamento aprovado.",metro quadrado,33.75,20.0,675.0,2025-03-05,concluído
1091,311,Divisória Drywall,,"Divisória Drywall - quarto principal, conforme orçamento aprovado.",metro quadrado,41.19,130.0,5354.7,2025-03-19,concluído
1092,315,Forro Drywall,,"Forro Drywall - recepção da loja, conforme orçamento aprovado.",metro quadrado,9.88,90.93,898.39,2025-01-06,concluído
1093,45,Sanca,,"Serviço de sanca solicitado para cozinha, imóvel residencial.",metro linear,7.91,89.26,706.05,2026-05-19,CONCLUÍDO
1094,3,Gesso Liso,Parede Rebocada,Execução de gesso liso em galpão industrial.,metro quadrado,65.65,20.0,1313.0,2026-08-14,concluído
1095,47,Forro Drywall,,Execução de forro drywall em sala comercial.,metro quadrado,58.35,95.0,5543.25,2025-09-08,concluído
1096,71,Gesso Liso,Parede de Tijolo,"Serviço de gesso liso solicitado para sala de estar, imóvel industrial.",metro quadrado,39.3,30.0,1179.0,2026-08-23,concluído
1097,68,Forro Drywall,,"Forro Drywall - sala comercial, conforme orçamento aprovado.",metro quadrado,12.52,95.0,1189.4,2025-01-16,concluído
1098,188,Moldura de Gesso,15cm,Execução de moldura de gesso em galpão industrial.,metro linear,0.0,17.0,,2026-08-18,concluído
1099,70,Divisória Drywall,,Execução de divisória drywall em fachada comercial.,metro quadrado,26.55,,,2025-05-30,concluído
1100,265,Gesso Liso,Parede Pintada,"Serviço de gesso liso solicitado para sala comercial, imóvel industrial.",metro quadrado,18.8,22.0,413.6,03/09/2024,concluído
1101,180,Sanca,,Execução de sanca em corredor.,metro linear,37.89,82.15,3112.66,2024-04-28,concluído
1102,162,Gesso Liso,Parede Pintada,Execução de gesso liso em área externa.,metro quadrado,19.06,22.79,434.38,2024-08-20,Concluido
1103,221,Sanca,,"Sanca - quarto principal, conforme orçamento aprovado.",metro linear,24.96,95.0,2371.2,2025-05-10,concluído
1104,168,Gesso Liso,Parede de Tijolo,"Serviço de gesso liso solicitado para área externa, imóvel residencial.",metro quadrado,60.63,30.0,1818.9,2026-03-27,concluído
1105,143,Gesso Liso,Parede de Tijolo,Execução de gesso liso em cozinha.,metro quadrado,81.48,30.0,2444.4,2026-01-20,concluído
1106,43,Moldura de Gesso,15cm,"Moldura de Gesso - área externa, conforme orçamento aprovado.",metro linear,10.89,14.6,158.99,2024-12-06,concluído
1107,152,Forro Drywall,,Execução de forro drywall em cozinha.,metro quadrado,21.28,89.3,1900.3,2024-09-19,concluído
1108,280,Divisória Drywall,,"Divisória Drywall - fachada comercial, conforme orçamento aprovado.",metro quadrado,39.27,130.0,5105.1,2025-08-25,concluído
1109,91,Forro Drywall,,"Serviço de forro drywall solicitado para cozinha, imóvel residencial.",metro quadrado,29.75,,,2026-03-27,Concluido
1110,228,Forro Drywall,,"Forro Drywall - recepção da loja, conforme orçamento aprovado.",metro quadrado,79.09,95.0,7513.55,2025-04-04,concluído
1111,305,Moldura de Gesso,15cm,Execução de moldura de gesso em área externa.,metro linear,4.26,15.83,67.44,2024-02-13,concluído
1112,52,Sanca,,"Serviço de sanca solicitado para fachada comercial, imóvel residencial.",m linear,20.12,95.0,1911.4,2025-09-07,CONCLUÍDO
1113,91,Sanca,,Execução de sanca em fachada comercial.,metro linear,9.22,95.0,875.9,2025-01-14,Concluido
1114,43,Boiserie,,"Boiserie - cozinha, conforme orçamento aprovado.",metro linear,27.67,156.94,4342.53,2026-07-10,concluído
1115,57,Sanca,,"Sanca - área externa, conforme orçamento aprovado.",metro linear,15.48,,,2026-07-17,Concluido
1116,225,Forro Drywall,,"Serviço de forro drywall solicitado para área externa, imóvel residencial.",metro quadrado,26.88,95.0,2553.6,2026-02-22,concluído
1117,188,Gesso Liso,Parede de Tijolo,"Serviço de gesso liso solicitado para área externa, imóvel residencial.",m2,56.16,30.0,1684.8,2026-04-29,concluído
1118,297,Sanca,,"Sanca - fachada comercial, conforme orçamento aprovado.",metro linear,7.39,95.0,702.05,2024-02-02,Concluido
1119,49,Gesso Liso,Parede de Tijolo,Execução de gesso liso em galpão industrial.,metro quadrado,81.39,30.0,2441.7,2025-09-22,concluído
1120,175,Gesso Liso,Parede Pintada,"Serviço de gesso liso solicitado para sala de estar, imóvel residencial.",metro quadrado,15.87,22.0,349.14,2024-03-01,concluído
1121,281,Gesso 3D,,"Gesso 3D - corredor, conforme orçamento aprovado.",metro quadrado,8.76,180.0,1576.8,2025-05-03,concluído
1122,112,Moldura de Gesso,7cm,"Serviço de moldura de gesso solicitado para sala de estar, imóvel residencial.",metro linear,27.5,12.0,330.0,2025-08-17,concluído
1123,81,Moldura de Gesso,10cm,Execução de moldura de gesso em recepção da loja.,metro linear,0.0,15.0,,2024-12-22,concluído
1124,55,Divisória Drywall,,Execução de divisória drywall em cozinha.,metro quadrado,41.21,130.0,5357.3,2025-10-04,concluído
1125,36,Moldura de Gesso,20cm,"Moldura de Gesso - galpão industrial, conforme orçamento aprovado.",metro linear,3.56,20.0,71.2,2025-10-20,Concluido
1126,212,Gesso Liso,Parede Rebocada,Execução de gesso liso em cozinha.,metro quadrado,45.35,20.0,907.0,2026-07-13,concluído
1127,234,Gesso Liso,Parede Pintada,"Gesso Liso - cozinha, conforme orçamento aprovado.",metro quadrado,31.06,22.0,683.32,2026-03-19,CONCLUÍDO
1128,160,Moldura de Gesso,10cm,Execução de moldura de gesso em sala de estar.,metro linear,9.2,,,2024-09-03,concluído
1129,96,Forro Drywall,,"Serviço de forro drywall solicitado para quarto principal, imóvel residencial.",metro quadrado,10.3,95.0,978.5,2024-01-26,concluído
1130,282,Divisória Drywall,,"Divisória Drywall - cozinha, conforme orçamento aprovado.",metro quadrado,4.5,130.0,585.0,2024-06-21,concluído
1131,251,Gesso Liso,Parede Rebocada,"Gesso Liso - sala comercial, conforme orçamento aprovado.",metro quadrado,62.55,20.0,1251.0,2025-03-20,concluído
1132,161,Moldura de Gesso,7cm,"Serviço de moldura de gesso solicitado para sala de estar, imóvel residencial.",metro linear,24.05,,,2024-06-20,concluído
1133,310,Forro Drywall,,"Serviço de forro drywall solicitado para cozinha, imóvel industrial.",metro quadrado,73.5,,,2025-09-15,Concluido
1134,28,Moldura de Gesso,20cm,"Serviço de moldura de gesso solicitado para sala comercial, imóvel residencial.",metro linear,27.32,20.0,546.4,2026-01-09,concluído
1135,118,Gesso Liso,Parede de Tijolo,"Gesso Liso - escritório, conforme orçamento aprovado.",metro quadrado,14.96,30.0,448.8,2024-03-31,concluído
1136,34,Moldura de Gesso,7cm,"Moldura de Gesso - sala de estar, conforme orçamento aprovado.",metro linear,18.59,12.0,223.08,2025-09-08,concluído
1137,77,Sanca,,"Sanca - quarto principal, conforme orçamento aprovado.",metro linear,11.1,95.0,1054.5,2025-05-24,concluído
1138,67,Moldura de Gesso,20cm,"Moldura de Gesso - galpão industrial, conforme orçamento aprovado.",metro linear,21.62,19.04,411.64,2025-02-09,concluído
1139,234,Moldura de Gesso,15cm,"Moldura de Gesso - sala de estar, conforme orçamento aprovado.",metro linear,20.01,17.0,340.17,2025-09-17,concluído
1140,38,Gesso Liso,Parede Pintada,Execução de gesso liso em escritório.,metro quadrado,42.04,22.0,924.88,2026-05-31,Concluido
1141,278,Moldura de Gesso,15cm,Execução de moldura de gesso em quarto principal.,metro linear,33.38,17.0,567.46,2024-06-15,concluído
1142,286,Forro Drywall,,"Forro Drywall - sala de estar, conforme orçamento aprovado.",metro quadrado,75.67,95.0,7188.65,2026-09-19,em andamento
1143,293,Divisória Drywall,,"Serviço de divisória drywall solicitado para fachada comercial, imóvel residencial.",metro quadrado,45.48,130.0,5912.4,2024-11-06,concluído
1144,101,Forro Drywall,,"Serviço de forro drywall solicitado para área externa, imóvel residencial.",metro quadrado,59.47,95.0,5649.65,2024-08-18,concluído
1145,198,Moldura de Gesso,15cm,"Moldura de Gesso - cozinha, conforme orçamento aprovado.",metro linear,7.98,17.0,135.66,2024-10-29,CONCLUÍDO
1146,165,Gesso Liso,Parede Pintada,"Gesso Liso - corredor, conforme orçamento aprovado.",metro quadrado,25.59,22.0,562.98,2026-05-20,concluído
1147,319,Gesso Liso,Parede de Tijolo,"Serviço de gesso liso solicitado para área externa, imóvel residencial.",metro quadrado,79.35,30.0,2380.5,2024-11-14,Concluido
1148,123,Gesso Liso,Parede Rebocada,"Serviço de gesso liso solicitado para galpão industrial, imóvel residencial.",metro quadrado,75.88,,,2024-10-15,Concluido
1149,134,Divisória Drywall,,Execução de divisória drywall em sala comercial.,metro quadrado,80.89,130.0,10515.7,2025-12-07,concluído
1150,190,Moldura de Gesso,7cm,"Moldura de Gesso - corredor, conforme orçamento aprovado.",metro linear,34.95,12.0,419.4,2025-12-07,concluído
1151,138,Moldura de Gesso,10cm,"Serviço de moldura de gesso solicitado para corredor, imóvel industrial.",metro linear,29.7,14.01,416.1,2024-07-23,concluído
1152,305,Gesso 3D,,"Gesso 3D - galpão industrial, conforme orçamento aprovado.",metro quadrado,66.93,172.39,11538.06,2026-07-16,concluído
1153,317,Gesso Liso,Parede de Tijolo,"Serviço de gesso liso solicitado para galpão industrial, imóvel residencial.",metro quadrado,78.28,30.0,2348.4,2024-12-15,concluído
1154,58,Forro Drywall,,"Serviço de forro drywall solicitado para quarto principal, imóvel residencial.",metro quadrado,73.13,95.0,6947.35,2024-10-09,concluído
1155,27,Moldura de Gesso,15cm,"Serviço de moldura de gesso solicitado para recepção da loja, imóvel industrial.",metro linear,39.91,17.0,678.47,2025-08-20,concluído
1156,110,Moldura de Gesso,20cm,"Moldura de Gesso - sala de estar, conforme orçamento aprovado.",metro linear,29.58,20.0,591.6,2024-08-13,concluído
1157,272,Sanca,,Execução de sanca em sala comercial.,metro linear,33.41,95.0,3173.95,2024-05-03,concluído
1158,337,Moldura de Gesso,15cm,"Serviço de moldura de gesso solicitado para corredor, imóvel residencial.",metro linear,13.34,17.0,226.78,2026-07-16,concluído
1159,332,Boiserie,,"Serviço de boiserie solicitado para escritório, imóvel industrial.",metro linear,37.55,150.0,5632.5,2025-02-24,concluído
1160,205,Gesso Liso,Parede de Tijolo,"Gesso Liso - sala de estar, conforme orçamento aprovado.",metro quadrado,59.24,30.0,1777.2,2024-01-04,concluído
1161,225,Moldura de Gesso,15cm,Execução de moldura de gesso em sala de estar.,metro linear,37.5,,,2025-01-11,concluído
1162,66,gesso liso,Parede Pintada,"Gesso Liso - fachada comercial, conforme orçamento aprovado.",metro quadrado,9.32,22.0,205.04,2026-05-17,Concluido
1163,112,Sanca,,"Sanca - quarto principal, conforme orçamento aprovado.",metro linear,31.23,95.0,2966.85,2024-03-29,concluído
1164,266,Moldura de Gesso,7cm,"Moldura de Gesso - escritório, conforme orçamento aprovado.",metro linear,31.7,12.0,380.4,2024-07-09,concluído
1165,338,Gesso Liso,Parede de Tijolo,"Gesso Liso - área externa, conforme orçamento aprovado.",metro quadrado,59.31,30.0,1779.3,2024-06-03,concluído
1166,148,Divisória Drywall,,"Serviço de divisória drywall solicitado para cozinha, imóvel residencial.",metro quadrado,33.45,130.0,4348.5,2026-07-04,concluído
1167,18,Forro Drywall,,Execução de forro drywall em quarto principal.,metro quadrado,42.03,95.0,3992.85,2025-04-15,concluído
1168,20,Divisória Drywall,,"Divisória Drywall - sala comercial, conforme orçamento aprovado.",metro quadrado,11.99,130.0,1558.7,2024-04-12,concluído
1169,94,Gesso Liso,Parede de Tijolo,"Serviço de gesso liso solicitado para fachada comercial, imóvel residencial.",metro quadrado,61.19,30.0,1835.7,2026-03-23,concluído
1170,167,Forro Drywall,,"Forro Drywall - cozinha, conforme orçamento aprovado.",metro quadrado,39.85,95.0,3785.75,2026-09-20,orçado
1171,312,Gesso Liso,Parede Pintada,"Serviço de gesso liso solicitado para cozinha, imóvel residencial.",metro quadrado,27.65,22.0,608.3,2025-11-17,Concluido
1172,317,Forro Drywall,,Execução de forro drywall em corredor.,metro quadrado,84.43,95.0,8020.85,2024-02-20,Concluido
1173,273,Gesso Liso,Parede Pintada,Execução de gesso liso em sala comercial.,metro quadrado,8.49,20.22,171.67,2026-04-27,concluído
1174,7,Forro Drywall,,"Forro Drywall - escritório, conforme orçamento aprovado.",metro quadrado,75.97,84.89,6449.09,2025-11-07,concluído
1175,33,Forro Drywall,,"Serviço de forro drywall solicitado para quarto principal, imóvel residencial.",metro quadrado,29.42,95.0,2794.9,2025-01-05,concluído
1176,40,Divisória Drywall,,"Divisória Drywall - área externa, conforme orçamento aprovado.",metro quadrado,49.86,130.0,6481.8,2025-03-14,concluído
1177,231,gesso liso,Parede de Tijolo,Execução de gesso liso em cozinha.,metro quadrado,48.32,30.0,1449.6,2025-05-03,concluído
1178,334,Sanca,,"Sanca - recepção da loja, conforme orçamento aprovado.",metro linear,21.36,95.0,2029.2,2024-06-02,concluído
1179,332,Gesso Liso,Parede Rebocada,"Gesso Liso - corredor, conforme orçamento aprovado.",metro quadrado,40.77,,,2025-04-30,concluído
1180,225,Divisória Drywall,,"Divisória Drywall - sala comercial, conforme orçamento aprovado.",metro quadrado,56.81,130.0,7385.3,2026-09-09,concluído
1181,327,Forro Drywall,,"Serviço de forro drywall solicitado para área externa, imóvel residencial.",metro quadrado,79.81,95.0,7581.95,2026-07-10,Concluido
1182,263,Divisória Drywall,,Execução de divisória drywall em área externa.,metro quadrado,58.44,130.0,7597.2,2024-07-05,concluído
1183,194,Forro Drywall,,"Forro Drywall - sala de estar, conforme orçamento aprovado.",metro quadrado,26.06,95.0,2475.7,2026-03-29,Concluido
1184,279,Forro Drywall,,Execução de forro drywall em quarto principal.,metro quadrado,57.9,95.0,5500.5,2025-08-09,concluído
1185,18,Forro Drywall,,"Serviço de forro drywall solicitado para sala de estar, imóvel residencial.",metro quadrado,24.81,95.0,2356.95,2024-09-07,concluído
1186,316,Gesso Liso,Parede de Tijolo,Execução de gesso liso em recepção da loja.,metro quadrado,19.1,30.0,573.0,2026-06-22,concluído
1187,239,Forro Drywall,,Execução de forro drywall em recepção da loja.,metro quadrado,62.24,95.0,5912.8,2024-06-14,concluído
1188,269,Gesso Liso,Parede de Tijolo,"Serviço de gesso liso solicitado para recepção da loja, imóvel residencial.",metro quadrado,54.28,30.0,1628.4,2024-12-09,concluído
1189,150,Moldura de Gesso,20cm,"Moldura de Gesso - área externa, conforme orçamento aprovado.",metro linear,30.58,20.0,611.6,2024-03-15,concluído
1190,133,gesso liso,Parede de Tijolo,Execução de gesso liso em sala comercial.,metro quadrado,26.34,30.0,790.2,2026-06-21,concluído
1191,216,Forro Drywall,,"Serviço de forro drywall solicitado para sala comercial, imóvel residencial.",metro quadrado,14.39,85.94,1236.68,2025-08-12,concluído
1192,5,Divisória Drywall,,"Serviço de divisória drywall solicitado para sala de estar, imóvel residencial.",metro quadrado,84.81,130.0,11025.3,2024-03-03,concluído
1193,99,Gesso Liso,Parede Rebocada,Execução de gesso liso em cozinha.,metro quadrado,27.25,20.0,545.0,2024-12-10,concluído
1194,222,Divisória Drywall,,"Serviço de divisória drywall solicitado para cozinha, imóvel industrial.",metro quadrado,72.71,130.0,9452.3,2026-01-10,concluído
1195,105,Moldura de Gesso,10cm,"Serviço de moldura de gesso solicitado para galpão industrial, imóvel residencial.",metro linear,30.15,15.99,482.1,2025-06-25,concluído
1196,221,Gesso Liso,Parede Rebocada,"Gesso Liso - fachada comercial, conforme orçamento aprovado.",metro quadrado,82.64,20.0,1652.8,2024-08-11,Concluido
1197,44,Forro Drywall,,"Forro Drywall - recepção da loja, conforme orçamento aprovado.",metro quadrado,9.87,95.0,937.65,2024-02-19,Concluido
1198,128,Sanca,,"Serviço de sanca solicitado para corredor, imóvel residencial.",metro linear,10.21,95.0,969.95,2025-02-20,concluído
1199,337,Gesso Liso,Parede Pintada,"Serviço de gesso liso solicitado para cozinha, imóvel residencial.",metro quadrado,36.1,18.88,681.57,2026-03-21,Concluido
1200,26,Gesso Liso,Parede de Tijolo,Execução de gesso liso em corredor.,metro quadrado,16.39,30.0,491.7,2025-11-09,CONCLUÍDO
1201,30,Moldura de Gesso,15cm,"Serviço de moldura de gesso solicitado para fachada comercial, imóvel residencial.",metro linear,8.74,16.01,139.93,2024-02-18,concluído
1202,82,moldura de gesso,7cm,Execução de moldura de gesso em galpão industrial.,m linear,10.36,,,2025-09-30,concluído
1203,118,Moldura de Gesso,20cm,"Serviço de moldura de gesso solicitado para recepção da loja, imóvel industrial.",metro linear,3.81,20.0,76.2,2025-03-27,concluído
1204,219,Sanca,,"Serviço de sanca solicitado para cozinha, imóvel residencial.",metro linear,8.25,95.0,783.75,2026-02-07,concluído
1205,89,sanca,,Execução de sanca em fachada comercial.,metro linear,36.68,95.0,3484.6,2024-09-21,concluído
1206,235,gesso liso,Parede Rebocada,Execução de gesso liso em corredor.,metro quadrado,9.52,20.0,190.4,2026-01-29,concluído
1207,27,Sanca,,"Serviço de sanca solicitado para quarto principal, imóvel industrial.",metro linear,35.6,97.9,3485.24,2026-07-27,concluído
1208,165,Gesso Liso,Parede Pintada,"Gesso Liso - sala de estar, conforme orçamento aprovado.",metro quadrado,70.81,22.0,1557.82,2026-05-02,concluído
1209,226,Gesso Liso,Parede Rebocada,"Gesso Liso - galpão industrial, conforme orçamento aprovado.",metro quadrado,16.48,20.0,329.6,2024-12-13,concluído
1210,202,Forro Drywall,,"Serviço de forro drywall solicitado para escritório, imóvel residencial.",metro quadrado,65.42,95.0,6214.9,2025-06-03,concluído
1211,96,Gesso 3D,,"Gesso 3D - galpão industrial, conforme orçamento aprovado.",metro quadrado,12.08,,,2024-05-02,concluído
1212,315,Gesso 3D,,"Gesso 3D - fachada comercial, conforme orçamento aprovado.",m2,8.05,,,2024-03-16,concluído
1213,181,Gesso Liso,Parede de Tijolo,Execução de gesso liso em quarto principal.,metro quadrado,12.39,30.0,371.7,2025-12-12,concluído
1214,199,Gesso 3D,,Execução de gesso 3d em cozinha.,metro quadrado,64.62,180.0,11631.6,2024-07-05,concluído
1215,134,Forro Drywall,,"Serviço de forro drywall solicitado para escritório, imóvel residencial.",m2,51.88,85.32,4426.4,2024-07-18,concluído
1216,10,Forro Drywall,,Execução de forro drywall em sala de estar.,metro quadrado,28.68,95.0,2724.6,2025-09-05,concluído
1217,194,Gesso Liso,Parede de Tijolo,"Gesso Liso - corredor, conforme orçamento aprovado.",metro quadrado,66.04,30.0,1981.2,2026-02-23,Concluido
1218,325,Forro Drywall,,Execução de forro drywall em corredor.,metro quadrado,57.29,98.35,5634.47,2025-02-28,concluído
1219,79,Forro Drywall,,Execução de forro drywall em galpão industrial.,metro quadrado,5.42,95.0,514.9,2025-07-09,concluído
1220,37,Divisória Drywall,,"Serviço de divisória drywall solicitado para área externa, imóvel residencial.",metro quadrado,30.13,,,2025-02-24,concluído
1221,79,Gesso Liso,Parede Pintada,"Gesso Liso - recepção da loja, conforme orçamento aprovado.",metro quadrado,56.31,22.0,1238.82,2024-10-30,concluído
1222,331,Gesso Liso,Parede Rebocada,"Gesso Liso - sala de estar, conforme orçamento aprovado.",metro quadrado,58.17,20.0,1163.4,2026-01-11,concluído
1223,81,Moldura de Gesso,15cm,"Moldura de Gesso - galpão industrial, conforme orçamento aprovado.",metro linear,5.38,17.0,91.46,2024-06-04,concluído
1224,191,Moldura de Gesso,20cm,Execução de moldura de gesso em quarto principal.,metro linear,22.92,20.0,458.4,2025-07-02,concluído
1225,276,Divisória Drywall,,"Divisória Drywall - recepção da loja, conforme orçamento aprovado.",metro quadrado,8.74,130.0,1136.2,2024-05-16,concluído
1226,327,Gesso Liso,Parede Rebocada,"Serviço de gesso liso solicitado para fachada comercial, imóvel industrial.",metro quadrado,46.48,20.0,929.6,2024-12-01,concluído
1227,61,Moldura de Gesso,10cm,Execução de moldura de gesso em recepção da loja.,metro linear,25.04,15.0,375.6,2025-11-05,concluído
1228,157,Divisória Drywall,,"Divisória Drywall - corredor, conforme orçamento aprovado.",metro quadrado,59.9,130.0,7787.0,2024-09-16,concluído
1229,58,Gesso Liso,Parede Pintada,"Gesso Liso - área externa, conforme orçamento aprovado.",metro quadrado,11.29,22.0,248.38,2026-04-25,concluído
1230,264,Gesso Liso,Parede Pintada,Execução de gesso liso em cozinha.,metro quadrado,60.56,22.0,1332.32,28/02/2024,concluído
1231,83,Gesso 3D,,"Gesso 3D - cozinha, conforme orçamento aprovado.",metro quadrado,47.68,180.0,8582.4,2026-06-12,concluído
1232,1,Gesso Liso,Parede Rebocada,Execução de gesso liso em área externa.,metro quadrado,79.76,20.0,1595.2,2025-03-03,concluído
1233,222,Forro Drywall,,"Forro Drywall - escritório, conforme orçamento aprovado.",metro quadrado,17.29,95.0,1642.55,2024-09-06,Concluido
1234,105,Forro Drywall,,"Serviço de forro drywall solicitado para recepção da loja, imóvel residencial.",metro quadrado,21.37,82.73,1767.94,2024-12-10,concluído
1235,157,Forro Drywall,,Execução de forro drywall em escritório.,metro quadrado,82.18,,,2024-07-13,concluído
1236,261,Gesso Liso,Parede Rebocada,"Serviço de gesso liso solicitado para sala de estar, imóvel residencial.",metro quadrado,63.22,19.31,1220.78,2025-09-06,concluído
1237,23,Sanca,,"Sanca - sala comercial, conforme orçamento aprovado.",metro linear,18.63,95.0,1769.85,2025-08-18,concluído
1238,39,Divisória Drywall,,"Serviço de divisória drywall solicitado para galpão industrial, imóvel industrial.",metro quadrado,54.31,130.0,7060.3,2025-02-23,concluído
1239,127,Gesso Liso,Parede Rebocada,"Serviço de gesso liso solicitado para cozinha, imóvel residencial.",m2,47.82,20.0,956.4,2024-07-01,concluído
1240,205,Boiserie,,"Boiserie - escritório, conforme orçamento aprovado.",metro linear,22.75,150.0,3412.5,2024-12-28,concluído
1241,84,Moldura de Gesso,20cm,"Moldura de Gesso - fachada comercial, conforme orçamento aprovado.",m linear,15.71,20.0,314.2,2025-03-21,concluído
1242,138,Sanca,,"Serviço de sanca solicitado para corredor, imóvel residencial.",metro linear,26.21,95.0,2489.95,2025-03-09,concluído
1243,284,Gesso Liso,Parede de Tijolo,"Serviço de gesso liso solicitado para área externa, imóvel residencial.",metro quadrado,67.33,30.0,2019.9,2025-05-24,concluído
1244,312,Gesso Liso,Parede Rebocada,"Gesso Liso - galpão industrial, conforme orçamento aprovado.",metro quadrado,68.96,20.0,1379.2,2025-04-18,concluído
1245,55,Moldura de Gesso,15cm,"Moldura de Gesso - cozinha, conforme orçamento aprovado.",metro linear,39.9,17.0,678.3,2024-01-29,concluído
1246,168,Moldura de Gesso,20cm,Execução de moldura de gesso em fachada comercial.,metro linear,38.7,17.16,664.09,12/02/2025,concluído
1247,139,Gesso Liso,Parede Rebocada,"Gesso Liso - sala comercial, conforme orçamento aprovado.",metro quadrado,47.31,20.0,946.2,2026-02-27,concluído
1248,157,Forro Drywall,,"Serviço de forro drywall solicitado para quarto principal, imóvel residencial.",metro quadrado,58.01,95.0,5510.95,2025-09-01,concluído
1249,77,Divisória Drywall,,"Serviço de divisória drywall solicitado para recepção da loja, imóvel industrial.",metro quadrado,78.96,130.0,10264.8,2024-01-14,concluído
1250,306,Moldura de Gesso,20cm,"Moldura de Gesso - escritório, conforme orçamento aprovado.",metro linear,16.17,21.75,351.7,2025-01-31,concluído
1251,151,Moldura de Gesso,20cm,"Serviço de moldura de gesso solicitado para sala comercial, imóvel residencial.",metro linear,18.98,20.0,379.6,2025-05-06,Concluido
1252,16,Moldura de Gesso,10cm,"Serviço de moldura de gesso solicitado para fachada comercial, imóvel residencial.",m linear,7.18,15.0,107.7,2026-06-28,concluído
1253,23,Gesso Liso,Parede de Tijolo,Execução de gesso liso em galpão industrial.,metro quadrado,35.86,30.0,1075.8,2025-03-08,concluído
1254,65,Moldura de Gesso,10cm,Execução de moldura de gesso em cozinha.,metro linear,7.32,15.0,109.8,2025-03-22,Concluido
1255,121,Sanca,,"Serviço de sanca solicitado para recepção da loja, imóvel residencial.",metro linear,10.97,95.0,1042.15,2025-03-26,concluído
1256,306,Forro Drywall,,Execução de forro drywall em sala de estar.,metro quadrado,22.05,95.0,2094.75,2026-05-18,concluído
1257,179,Divisória Drywall,,Execução de divisória drywall em cozinha.,metro quadrado,21.67,139.73,3027.95,2024-02-27,concluído
1258,122,Moldura de Gesso,10cm,"Moldura de Gesso - sala comercial, conforme orçamento aprovado.",metro linear,37.16,15.0,557.4,2025-04-19,concluído
1259,165,Forro Drywall,,Execução de forro drywall em galpão industrial.,metro quadrado,48.89,95.0,4644.55,2024-11-08,concluído
1260,189,Forro Drywall,,"Serviço de forro drywall solicitado para fachada comercial, imóvel residencial.",metro quadrado,53.81,95.0,5111.95,2026-07-27,concluído
1261,242,Forro Drywall,,"Serviço de forro drywall solicitado para fachada comercial, imóvel residencial.",metro quadrado,22.66,95.0,2152.7,2026-03-01,concluído
1262,293,Gesso Liso,Parede de Tijolo,"Gesso Liso - escritório, conforme orçamento aprovado.",metro quadrado,41.22,30.02,1237.42,2024-02-07,concluído
1263,36,Sanca,,"Sanca - sala comercial, conforme orçamento aprovado.",metro linear,28.47,95.0,2704.65,2026-07-29,concluído
1264,286,Moldura de Gesso,15cm,Execução de moldura de gesso em cozinha.,metro linear,5.53,17.0,94.01,2025-05-01,concluído
1265,157,Sanca,,"Sanca - sala comercial, conforme orçamento aprovado.",metro linear,18.12,95.0,1721.4,2024-12-01,concluído
1266,218,Sanca,,"Sanca - recepção da loja, conforme orçamento aprovado.",metro linear,28.37,95.0,2695.15,2025-01-25,concluído
1267,34,Gesso Liso,Parede de Tijolo,"Serviço de gesso liso solicitado para recepção da loja, imóvel residencial.",metro quadrado,83.94,26.52,2226.09,2025-09-11,concluído
1268,300,Gesso Liso,Parede de Tijolo,Execução de gesso liso em sala de estar.,metro quadrado,68.01,30.0,2040.3,2025-06-29,concluído
1269,175,Gesso Liso,Parede Pintada,"Gesso Liso - fachada comercial, conforme orçamento aprovado.",metro quadrado,17.26,22.0,379.72,2025-02-23,concluído
1270,153,Moldura de Gesso,10cm,"Serviço de moldura de gesso solicitado para galpão industrial, imóvel industrial.",metro linear,25.91,15.06,390.2,2025-04-13,concluído
1271,179,Moldura de Gesso,7cm,"Serviço de moldura de gesso solicitado para corredor, imóvel residencial.",metro linear,30.91,12.0,370.92,2024-04-23,concluído
1272,340,Gesso Liso,Parede de Tijolo,"Serviço de gesso liso solicitado para quarto principal, imóvel residencial.",metro quadrado,72.5,27.74,2011.15,2025-07-07,concluído
1273,135,Gesso Liso,Parede Rebocada,Execução de gesso liso em recepção da loja.,metro quadrado,78.96,20.97,1655.79,2024-07-30,concluído
1274,327,Moldura de Gesso,7cm,"Serviço de moldura de gesso solicitado para escritório, imóvel residencial.",metro linear,4.1,12.0,49.2,2025-03-20,concluído
1275,173,Sanca,,Execução de sanca em área externa.,metro linear,24.33,95.0,2311.35,2026-03-25,concluído
1276,296,Forro Drywall,,"Forro Drywall - galpão industrial, conforme orçamento aprovado.",metro quadrado,7.81,95.0,741.95,2025-03-11,Concluido
1277,11,Gesso Liso,Parede Rebocada,Execução de gesso liso em quarto principal.,metro quadrado,65.12,20.84,1357.1,2025-11-15,concluído
1278,128,Sanca,,Execução de sanca em escritório.,metro linear,38.47,104.14,4006.27,2024-11-10,concluído
1279,168,Gesso Liso,Parede Pintada,Execução de gesso liso em escritório.,metro quadrado,70.93,22.64,1605.86,2024-02-13,concluído
1280,272,Gesso 3D,,Execução de gesso 3d em área externa.,metro quadrado,44.19,180.0,7954.2,2026-07-25,concluído
1281,317,Divisória Drywall,,"Divisória Drywall - recepção da loja, conforme orçamento aprovado.",metro quadrado,0.0,130.0,,2024-11-25,CONCLUÍDO
1282,127,Forro Drywall,,Execução de forro drywall em galpão industrial.,metro quadrado,10.96,95.0,1041.2,2025-01-19,concluído
1283,202,Divisória Drywall,,Execução de divisória drywall em corredor.,metro quadrado,81.48,130.0,10592.4,2026-05-08,concluído
1284,333,Forro Drywall,,Execução de forro drywall em recepção da loja.,metro quadrado,0.0,87.76,,2025-06-17,concluído
1285,166,Gesso Liso,Parede Pintada,Execução de gesso liso em sala de estar.,metro quadrado,55.4,22.0,1218.8,2026-04-17,concluído
1286,280,Gesso Liso,Parede Pintada,"Serviço de gesso liso solicitado para sala comercial, imóvel industrial.",metro quadrado,4.1,22.0,90.2,2024-09-27,concluído
1287,233,Gesso Liso,Parede Pintada,"Serviço de gesso liso solicitado para área externa, imóvel industrial.",metro quadrado,13.4,22.0,294.8,2024-11-20,concluído
1288,338,Divisória Drywall,,"Divisória Drywall - fachada comercial, conforme orçamento aprovado.",metro quadrado,73.68,130.0,9578.4,2024-01-04,concluído
1289,164,Divisória Drywall,,Execução de divisória drywall em cozinha.,metro quadrado,65.11,118.21,7696.65,2026-05-01,concluído
1290,11,Moldura de Gesso,20cm,Execução de moldura de gesso em fachada comercial.,metro linear,26.75,20.0,535.0,2025-07-27,CONCLUÍDO
1291,303,Gesso 3D,,Execução de gesso 3d em galpão industrial.,metro quadrado,44.81,180.0,8065.8,2025-05-20,concluído
1292,146,Divisória Drywall,,"Divisória Drywall - galpão industrial, conforme orçamento aprovado.",m2,65.64,113.56,7454.08,2026-01-04,concluído
1293,96,Boiserie,,Execução de boiserie em cozinha.,m linear,23.16,150.0,3474.0,2026-03-17,concluído
1294,335,Gesso Liso,Parede de Tijolo,"Gesso Liso - corredor, conforme orçamento aprovado.",m2,32.84,30.0,985.2,2026-02-15,concluído
1295,82,Gesso Liso,Parede de Tijolo,"Gesso Liso - área externa, conforme orçamento aprovado.",metro quadrado,25.93,30.0,777.9,2025-07-18,concluído
1296,142,Sanca,,"Sanca - fachada comercial, conforme orçamento aprovado.",metro linear,23.13,95.0,2197.35,2026-01-23,concluído
1297,192,Divisória Drywall,,Execução de divisória drywall em escritório.,m2,10.33,130.0,1342.9,2024-05-27,concluído
1298,27,Moldura de Gesso,15cm,"Serviço de moldura de gesso solicitado para cozinha, imóvel residencial.",metro linear,4.31,17.0,73.27,2024-04-11,concluído
1299,78,Divisória Drywall,,"Serviço de divisória drywall solicitado para cozinha, imóvel residencial.",metro quadrado,67.1,130.0,8723.0,2026-03-22,concluído
1300,299,Boiserie,,"Boiserie - galpão industrial, conforme orçamento aprovado.",metro linear,4.15,150.0,622.5,2024-11-16,concluído
1301,237,Sanca,,"Serviço de sanca solicitado para quarto principal, imóvel residencial.",metro linear,11.0,95.0,1045.0,2026-03-08,concluído
1302,242,Moldura de Gesso,7cm,Execução de moldura de gesso em fachada comercial.,metro linear,35.73,12.0,428.76,2024-07-09,concluído
1303,86,Sanca,,Execução de sanca em sala de estar.,metro linear,23.24,95.0,2207.8,2026-05-04,concluído
1304,151,moldura de gesso,10cm,"Moldura de Gesso - galpão industrial, conforme orçamento aprovado.",metro linear,34.7,15.0,520.5,2025-01-04,concluído
1305,341,Sanca,,Execução de sanca em recepção da loja.,metro linear,30.03,95.0,2852.85,2026-04-23,concluído
1306,321,Forro Drywall,,Execução de forro drywall em fachada comercial.,metro quadrado,32.6,,,2025-04-26,concluído
1307,139,Gesso Liso,Parede Pintada,Execução de gesso liso em quarto principal.,metro quadrado,80.79,22.0,1777.38,2025-07-07,concluído
1308,298,Gesso 3D,,"Serviço de gesso 3d solicitado para sala comercial, imóvel industrial.",metro quadrado,78.7,177.32,13955.08,2025-02-18,CONCLUÍDO
1309,264,Forro Drywall,,"Forro Drywall - corredor, conforme orçamento aprovado.",metro quadrado,58.63,95.0,5569.85,2024-03-01,Concluido
1310,337,Forro Drywall,,"Serviço de forro drywall solicitado para cozinha, imóvel residencial.",metro quadrado,49.16,95.0,4670.2,2025-08-08,concluído
1311,271,Forro Drywall,,Execução de forro drywall em escritório.,metro quadrado,79.6,,,2024-07-25,concluído
1312,224,Divisória Drywall,,Execução de divisória drywall em galpão industrial.,metro quadrado,25.9,130.0,3367.0,2024-06-10,concluído
1313,87,Moldura de Gesso,20cm,Execução de moldura de gesso em galpão industrial.,metro linear,5.44,19.46,105.86,2026-08-19,concluído
1314,11,Sanca,,Execução de sanca em área externa.,metro linear,3.67,95.0,348.65,25/10/2024,concluído
1315,291,Gesso Liso,Parede Rebocada,"Gesso Liso - quarto principal, conforme orçamento aprovado.",metro quadrado,84.94,20.0,1698.8,2026-03-28,concluído
1316,72,Moldura de Gesso,15cm,"Moldura de Gesso - corredor, conforme orçamento aprovado.",metro linear,28.36,17.0,482.12,2026-05-01,concluído
1317,173,Sanca,,Execução de sanca em fachada comercial.,metro linear,14.11,,,2026-08-23,Concluido
1318,302,Gesso 3D,,Execução de gesso 3d em corredor.,metro quadrado,45.72,180.0,8229.6,2024-05-01,Concluido
1319,48,Sanca,,Execução de sanca em fachada comercial.,metro linear,27.5,95.0,2612.5,2024-09-22,concluído
1320,341,Divisória Drywall,,"Divisória Drywall - recepção da loja, conforme orçamento aprovado.",metro quadrado,4.98,130.0,647.4,2024-09-01,concluído
1321,140,Divisória Drywall,,"Divisória Drywall - sala de estar, conforme orçamento aprovado.",metro quadrado,73.92,130.0,9609.6,2024-02-24,concluído
1322,260,Gesso 3D,,"Serviço de gesso 3d solicitado para cozinha, imóvel industrial.",metro quadrado,16.33,180.0,2939.4,2025-04-02,concluído
1323,257,Gesso Liso,Parede Rebocada,Execução de gesso liso em escritório.,metro quadrado,75.87,20.0,1517.4,2026-07-15,concluído
1324,233,Divisória Drywall,,Execução de divisória drywall em galpão industrial.,metro quadrado,5.41,130.0,703.3,2024-04-06,CONCLUÍDO
1325,322,Gesso 3D,,Execução de gesso 3d em quarto principal.,metro quadrado,18.31,180.0,3295.8,2025-08-01,concluído
1326,29,Divisória Drywall,,"Divisória Drywall - sala de estar, conforme orçamento aprovado.",metro quadrado,25.42,130.0,3304.6,2024-05-10,concluído
1327,66,Divisória Drywall,,"Divisória Drywall - fachada comercial, conforme orçamento aprovado.",metro quadrado,49.99,130.0,6498.7,2024-03-11,concluído
1328,220,Gesso Liso,Parede Rebocada,Execução de gesso liso em fachada comercial.,metro quadrado,39.25,,,2026-03-01,Concluido
1329,91,Forro Drywall,,Execução de forro drywall em sala de estar.,metro quadrado,76.4,95.0,7258.0,2024-08-12,Concluido
1330,256,Sanca,,"Sanca - fachada comercial, conforme orçamento aprovado.",metro linear,29.61,,,2026-09-14,concluído
1331,210,Sanca,,Execução de sanca em cozinha.,metro linear,22.79,95.0,2165.05,2024-04-13,concluído
1332,199,Moldura de Gesso,15cm,"Serviço de moldura de gesso solicitado para área externa, imóvel industrial.",metro linear,37.59,18.5,695.42,2026-05-26,concluído
1333,139,Forro Drywall,,"Serviço de forro drywall solicitado para galpão industrial, imóvel residencial.",metro quadrado,68.0,95.0,6460.0,2024-03-23,concluído
1334,262,Sanca,,"Serviço de sanca solicitado para escritório, imóvel residencial.",metro linear,14.22,,,2024-05-29,concluído
1335,194,Moldura de Gesso,20cm,"Serviço de moldura de gesso solicitado para galpão industrial, imóvel residencial.",metro linear,23.26,20.0,465.2,2024-12-10,concluído
1336,205,Divisória Drywall,,Execução de divisória drywall em área externa.,metro quadrado,57.45,130.0,7468.5,2026-04-18,concluído
1337,76,Sanca,,"Sanca - fachada comercial, conforme orçamento aprovado.",metro linear,0.0,95.0,,2024-08-27,concluído
1338,271,Moldura de Gesso,7cm,Execução de moldura de gesso em sala de estar.,metro linear,22.12,12.0,265.44,2024-01-24,CONCLUÍDO
1339,94,Boiserie,,Execução de boiserie em cozinha.,metro linear,6.37,150.0,955.5,2024-07-19,concluído
1340,160,Forro Drywall,,Execução de forro drywall em sala comercial.,metro quadrado,53.52,95.0,5084.4,2026-04-23,Concluido
1341,104,Sanca,,Execução de sanca em sala de estar.,metro linear,6.89,95.54,658.27,2026-07-23,CONCLUÍDO
1342,60,Gesso 3D,,"Gesso 3D - recepção da loja, conforme orçamento aprovado.",metro quadrado,23.5,180.0,4230.0,2024-04-11,concluído
1343,199,Gesso Liso,Parede de Tijolo,"Serviço de gesso liso solicitado para sala de estar, imóvel residencial.",metro quadrado,75.61,,,2024-12-29,concluído
1344,326,Gesso Liso,Parede Pintada,Execução de gesso liso em escritório.,metro quadrado,41.8,23.77,993.59,2025-10-05,concluído
1345,86,Sanca,,"Serviço de sanca solicitado para sala de estar, imóvel residencial.",metro linear,23.65,93.16,2203.23,2024-01-04,concluído
1346,219,Forro Drywall,,"Forro Drywall - escritório, conforme orçamento aprovado.",metro quadrado,6.23,95.0,591.85,2025-09-22,concluído
1347,247,Forro Drywall,,Execução de forro drywall em sala comercial.,m2,43.72,95.0,4153.4,2024-12-12,concluído
1348,8,Divisória Drywall,,"Divisória Drywall - cozinha, conforme orçamento aprovado.",metro quadrado,58.57,130.0,7614.1,2024-12-26,concluído
1349,70,Divisória Drywall,,"Serviço de divisória drywall solicitado para recepção da loja, imóvel residencial.",metro quadrado,21.28,130.0,2766.4,2026-09-20,orçado
1350,133,Moldura de Gesso,15cm,"Serviço de moldura de gesso solicitado para quarto principal, imóvel residencial.",metro linear,17.74,17.0,301.58,2025-03-29,concluído
1351,73,Gesso 3D,,Execução de gesso 3d em sala de estar.,metro quadrado,11.24,180.0,2023.2,2025-02-20,Concluido
1352,333,Forro Drywall,,"Serviço de forro drywall solicitado para escritório, imóvel residencial.",metro quadrado,46.34,87.45,4052.43,2024-08-04,concluído
1353,34,forro drywall,,Execução de forro drywall em escritório.,metro quadrado,21.85,98.29,2147.64,2025-09-07,concluído
1354,244,Sanca,,"Sanca - escritório, conforme orçamento aprovado.",metro linear,29.63,95.0,2814.85,2025-02-01,concluído
1355,282,Divisória Drywall,,Execução de divisória drywall em fachada comercial.,metro quadrado,0.0,130.0,,2024-05-01,Concluido
1356,300,Moldura de Gesso,15cm,Execução de moldura de gesso em quarto principal.,metro linear,32.13,17.0,546.21,2025-04-28,concluído
1357,169,Gesso 3D,,"Gesso 3D - fachada comercial, conforme orçamento aprovado.",metro quadrado,69.38,180.0,12488.4,2026-02-22,concluído
1358,307,Gesso Liso,Parede Pintada,"Serviço de gesso liso solicitado para galpão industrial, imóvel industrial.",metro quadrado,41.41,22.0,911.02,2024-06-06,concluído
1359,19,Forro Drywall,,"Forro Drywall - recepção da loja, conforme orçamento aprovado.",metro quadrado,33.01,95.0,3135.95,2024-07-27,concluído
1360,118,Boiserie,,"Serviço de boiserie solicitado para cozinha, imóvel industrial.",metro linear,20.8,150.0,3120.0,2025-05-13,concluído
1361,258,Moldura de Gesso,15cm,"Serviço de moldura de gesso solicitado para recepção da loja, imóvel residencial.",metro linear,34.33,17.0,583.61,2025-01-27,concluído
1362,96,moldura de gesso,20cm,Execução de moldura de gesso em recepção da loja.,metro linear,23.54,,,2025-04-04,concluído
1363,106,Sanca,,"Sanca - área externa, conforme orçamento aprovado.",metro linear,37.89,95.0,3599.55,2026-07-31,concluído
1364,244,Gesso Liso,Parede Rebocada,Execução de gesso liso em recepção da loja.,metro quadrado,53.2,20.0,1064.0,2024-01-31,concluído
1365,190,Gesso Liso,Parede Pintada,"Gesso Liso - cozinha, conforme orçamento aprovado.",metro quadrado,66.97,22.0,1473.34,2024-01-27,concluído
1366,168,Sanca,,Execução de sanca em galpão industrial.,metro linear,25.06,,,2026-03-06,concluído
1367,238,Gesso Liso,Parede Rebocada,"Gesso Liso - escritório, conforme orçamento aprovado.",metro quadrado,44.48,20.0,889.6,2025-03-22,Concluido
1368,245,Moldura de Gesso,15cm,Execução de moldura de gesso em cozinha.,metro linear,10.77,16.39,176.52,2024-07-30,concluído
1369,190,Moldura de Gesso,15cm,"Moldura de Gesso - fachada comercial, conforme orçamento aprovado.",metro linear,27.1,17.0,460.7,2026-09-18,em andamento
1370,283,Divisória Drywall,,Execução de divisória drywall em sala de estar.,metro quadrado,36.74,130.0,4776.2,2024-06-28,Concluido
1371,212,Moldura de Gesso,20cm,"Moldura de Gesso - quarto principal, conforme orçamento aprovado.",metro linear,39.81,17.07,679.56,2026-06-30,concluído
1372,238,Sanca,,"Sanca - sala de estar, conforme orçamento aprovado.",metro linear,35.69,,,05/04/2026,CONCLUÍDO
1373,299,Sanca,,"Serviço de sanca solicitado para corredor, imóvel residencial.",metro linear,10.34,85.11,880.04,2026-07-27,concluído
1374,124,Forro Drywall,,"Serviço de forro drywall solicitado para fachada comercial, imóvel residencial.",metro quadrado,0.0,95.0,,2025-07-30,concluído
1375,282,Gesso Liso,Parede de Tijolo,Execução de gesso liso em corredor.,metro quadrado,30.33,30.0,909.9,2025-09-11,concluído
1376,199,Gesso Liso,Parede de Tijolo,"Serviço de gesso liso solicitado para recepção da loja, imóvel residencial.",metro quadrado,22.0,30.0,660.0,2026-03-01,concluído
1377,88,Forro Drywall,,"Serviço de forro drywall solicitado para área externa, imóvel residencial.",metro quadrado,40.74,95.0,3870.3,2024-12-30,CONCLUÍDO
1378,280,Gesso Liso,Parede Rebocada,"Gesso Liso - sala de estar, conforme orçamento aprovado.",metro quadrado,39.22,20.0,784.4,22/05/2025,CONCLUÍDO
1379,53,Moldura de Gesso,7cm,Execução de moldura de gesso em fachada comercial.,metro linear,23.91,12.0,286.92,2024-02-17,concluído
1380,278,Divisória Drywall,,Execução de divisória drywall em cozinha.,metro quadrado,50.37,130.0,6548.1,2026-07-09,concluído
1381,79,Sanca,,"Sanca - galpão industrial, conforme orçamento aprovado.",metro linear,32.95,88.92,2929.91,2024-03-01,concluído
1382,208,Sanca,,"Serviço de sanca solicitado para escritório, imóvel industrial.",metro linear,24.49,87.51,2143.12,2026-03-13,concluído
1383,84,Forro Drywall,,"Serviço de forro drywall solicitado para quarto principal, imóvel residencial.",metro quadrado,51.96,81.38,4228.5,2025-07-31,concluído
1384,297,Sanca,,Execução de sanca em sala de estar.,metro linear,5.13,90.08,462.11,2026-07-18,Concluido
1385,39,Forro Drywall,,"Forro Drywall - fachada comercial, conforme orçamento aprovado.",m2,42.97,95.0,4082.15,2024-06-12,concluído
1386,319,Forro Drywall,,"Serviço de forro drywall solicitado para galpão industrial, imóvel residencial.",metro quadrado,83.86,95.0,7966.7,2025-02-09,concluído
1387,141,Forro Drywall,,"Serviço de forro drywall solicitado para sala de estar, imóvel industrial.",metro quadrado,42.35,95.7,4052.9,2025-02-12,concluído
1388,118,Moldura de Gesso,15cm,Execução de moldura de gesso em cozinha.,metro linear,3.98,17.0,67.66,2026-01-29,Concluido
1389,182,Sanca,,Execução de sanca em quarto principal.,metro linear,28.57,95.0,2714.15,2024-11-21,concluído
1390,26,Gesso Liso,Parede Pintada,Execução de gesso liso em fachada comercial.,metro quadrado,45.91,21.24,975.13,2024-05-23,concluído
1391,121,Gesso Liso,Parede Rebocada,"Gesso Liso - sala de estar, conforme orçamento aprovado.",metro quadrado,61.36,18.61,1141.91,2026-08-12,concluído
1392,253,Sanca,,Execução de sanca em sala comercial.,metro linear,26.46,95.0,2513.7,2024-08-01,Concluido
1393,30,Gesso Liso,Parede de Tijolo,"Serviço de gesso liso solicitado para galpão industrial, imóvel residencial.",metro quadrado,17.44,30.0,523.2,2024-10-23,CONCLUÍDO
1394,278,Gesso Liso,Parede Rebocada,"Serviço de gesso liso solicitado para sala de estar, imóvel residencial.",metro quadrado,17.92,20.0,358.4,2025-12-28,concluído
1395,300,Sanca,,"Serviço de sanca solicitado para quarto principal, imóvel industrial.",metro linear,31.82,,,2026-06-01,concluído
1396,94,Divisória Drywall,,"Serviço de divisória drywall solicitado para recepção da loja, imóvel residencial.",metro quadrado,0.0,130.0,,2024-07-06,concluído
1397,97,Gesso Liso,Parede Rebocada,Execução de gesso liso em escritório.,metro quadrado,51.71,20.0,1034.2,2024-01-14,concluído
1398,305,Gesso Liso,Parede de Tijolo,Execução de gesso liso em cozinha.,metro quadrado,4.93,30.0,147.9,2025-03-03,concluído
1399,176,Moldura de Gesso,15cm,Execução de moldura de gesso em sala de estar.,metro linear,33.64,17.0,571.88,2025-03-16,concluído
1400,44,Sanca,,Execução de sanca em quarto principal.,metro linear,24.27,93.55,2270.46,2024-06-30,concluído
1401,24,Sanca,,"Sanca - recepção da loja, conforme orçamento aprovado.",m linear,18.54,95.0,1761.3,2025-04-17,concluído
1402,29,Moldura de Gesso,15cm,"Serviço de moldura de gesso solicitado para sala de estar, imóvel residencial.",metro linear,20.54,17.0,349.18,2024-10-15,concluído
1403,139,Divisória Drywall,,Execução de divisória drywall em escritório.,metro quadrado,38.32,130.0,4981.6,30/05/2024,Concluido
1404,317,Gesso 3D,,"Serviço de gesso 3d solicitado para galpão industrial, imóvel residencial.",metro quadrado,24.98,,,2024-11-02,concluído
1405,236,Moldura de Gesso,7cm,Execução de moldura de gesso em recepção da loja.,metro linear,9.61,11.77,113.11,2025-05-03,CONCLUÍDO
1406,93,Gesso Liso,Parede de Tijolo,"Serviço de gesso liso solicitado para quarto principal, imóvel residencial.",metro quadrado,54.52,30.0,1635.6,14/03/2025,concluído
1407,254,Sanca,,"Serviço de sanca solicitado para escritório, imóvel residencial.",metro linear,25.93,95.0,2463.35,2025-12-15,concluído
1408,255,Sanca,,Execução de sanca em fachada comercial.,metro linear,9.22,95.0,875.9,2024-12-09,concluído
1409,275,Moldura de Gesso,20cm,"Moldura de Gesso - escritório, conforme orçamento aprovado.",metro linear,16.68,17.68,294.9,2025-07-26,concluído
1410,7,Sanca,,"Serviço de sanca solicitado para fachada comercial, imóvel residencial.",metro linear,0.0,95.0,,2025-05-27,Concluido
1411,303,Divisória Drywall,,"Serviço de divisória drywall solicitado para recepção da loja, imóvel residencial.",metro quadrado,52.88,130.0,6874.4,2026-03-10,concluído
1412,49,Gesso Liso,Parede Pintada,"Serviço de gesso liso solicitado para recepção da loja, imóvel residencial.",metro quadrado,27.78,,,2025-06-19,concluído
1413,180,Boiserie,,Execução de boiserie em recepção da loja.,metro linear,35.5,150.0,5325.0,2025-04-23,concluído
1414,45,Forro Drywall,,Execução de forro drywall em cozinha.,metro quadrado,46.08,94.32,4346.27,18/08/2026,concluído
1415,172,Gesso Liso,Parede Rebocada,Execução de gesso liso em recepção da loja.,metro quadrado,7.32,19.81,145.01,2024-01-21,concluído
1416,137,Divisória Drywall,,"Serviço de divisória drywall solicitado para sala de estar, imóvel industrial.",metro quadrado,78.1,130.0,10153.0,2024-01-28,concluído
1417,62,Moldura de Gesso,20cm,"Moldura de Gesso - quarto principal, conforme orçamento aprovado.",metro linear,23.28,19.1,444.65,2026-06-28,Concluido
1418,221,Gesso Liso,Parede Pintada,Execução de gesso liso em escritório.,m2,30.66,22.0,674.52,2025-09-04,concluído
1419,264,Moldura de Gesso,15cm,"Moldura de Gesso - galpão industrial, conforme orçamento aprovado.",m linear,28.66,17.0,487.22,2025-05-08,CONCLUÍDO
1420,72,Gesso Liso,Parede de Tijolo,"Serviço de gesso liso solicitado para quarto principal, imóvel residencial.",metro quadrado,71.1,30.0,2133.0,2025-10-25,Concluido
1421,209,Forro Drywall,,"Forro Drywall - sala de estar, conforme orçamento aprovado.",metro quadrado,35.65,95.0,3386.75,2024-03-12,concluído
1422,261,Moldura de Gesso,10cm,"Serviço de moldura de gesso solicitado para cozinha, imóvel residencial.",metro linear,34.05,,,2026-04-15,concluído
1423,120,Moldura de Gesso,10cm,Execução de moldura de gesso em recepção da loja.,metro linear,20.16,12.77,257.44,2025-03-09,concluído
1424,303,Moldura de Gesso,7cm,"Moldura de Gesso - fachada comercial, conforme orçamento aprovado.",metro linear,22.82,12.0,273.84,2026-06-24,concluído
1425,145,Sanca,,"Sanca - área externa, conforme orçamento aprovado.",metro linear,16.28,,,2025-04-05,concluído
1426,133,Sanca,,Execução de sanca em fachada comercial.,metro linear,39.86,,,2024-10-05,concluído
1427,39,Gesso Liso,Parede Pintada,"Gesso Liso - fachada comercial, conforme orçamento aprovado.",m2,41.74,22.0,918.28,2025-05-29,Concluido
1428,271,Moldura de Gesso,20cm,"Moldura de Gesso - cozinha, conforme orçamento aprovado.",metro linear,24.46,17.26,422.18,2025-01-23,concluído
1429,103,Forro Drywall,,Execução de forro drywall em fachada comercial.,metro quadrado,80.1,95.0,7609.5,2024-02-25,Concluido
1430,277,Gesso Liso,Parede Rebocada,"Gesso Liso - recepção da loja, conforme orçamento aprovado.",metro quadrado,6.55,21.3,139.52,2025-04-10,concluído
1431,154,Forro Drywall,,"Forro Drywall - área externa, conforme orçamento aprovado.",metro quadrado,72.24,,,2025-11-07,Concluido
1432,324,Gesso Liso,Parede Pintada,Execução de gesso liso em recepção da loja.,metro quadrado,26.32,22.0,579.04,2025-03-09,Concluido
1433,68,Forro Drywall,,"Serviço de forro drywall solicitado para cozinha, imóvel industrial.",metro quadrado,5.26,95.0,499.7,2024-01-18,concluído
1434,136,Moldura de Gesso,20cm,Execução de moldura de gesso em corredor.,metro linear,13.38,18.91,253.02,2025-10-28,concluído
1435,152,Moldura de Gesso,7cm,Execução de moldura de gesso em sala de estar.,metro linear,32.99,12.0,395.88,2024-06-15,concluído
1436,128,Forro Drywall,,"Forro Drywall - escritório, conforme orçamento aprovado.",metro quadrado,4.73,95.0,449.35,2025-04-07,concluído
1437,151,Sanca,,Execução de sanca em recepção da loja.,metro linear,11.96,101.92,1218.96,2024-11-11,concluído
1438,189,Moldura de Gesso,15cm,Execução de moldura de gesso em sala comercial.,metro linear,31.82,17.0,540.94,2024-09-05,Concluido
1439,232,Moldura de Gesso,7cm,Execução de moldura de gesso em cozinha.,metro linear,39.93,12.0,479.16,2026-08-19,concluído
1440,310,Moldura de Gesso,15cm,"Moldura de Gesso - corredor, conforme orçamento aprovado.",metro linear,31.69,17.0,538.73,2025-08-22,concluído
1441,26,Sanca,,"Serviço de sanca solicitado para sala de estar, imóvel residencial.",metro linear,38.2,95.0,3629.0,2024-07-07,concluído
1442,292,Forro Drywall,,"Forro Drywall - cozinha, conforme orçamento aprovado.",metro quadrado,51.26,89.7,4598.02,2025-08-27,Concluido
1443,281,Boiserie,,Execução de boiserie em corredor.,metro linear,12.17,150.0,1825.5,2025-05-03,Concluido
1444,7,Moldura de Gesso,10cm,Execução de moldura de gesso em área externa.,metro linear,14.14,15.0,212.1,2024-02-20,concluído
1445,98,Gesso Liso,Parede de Tijolo,"Gesso Liso - fachada comercial, conforme orçamento aprovado.",m2,83.06,30.0,2491.8,2024-05-09,concluído
1446,205,Gesso Liso,Parede Pintada,"Gesso Liso - sala de estar, conforme orçamento aprovado.",metro quadrado,15.89,19.07,303.02,2026-03-22,concluído
1447,154,Sanca,,"Sanca - sala de estar, conforme orçamento aprovado.",metro linear,7.37,92.52,681.87,2024-06-04,Concluido
1448,197,Forro Drywall,,Execução de forro drywall em cozinha.,metro quadrado,28.07,95.0,2666.65,2025-12-15,concluído
1449,16,Moldura de Gesso,15cm,"Serviço de moldura de gesso solicitado para sala comercial, imóvel industrial.",metro linear,24.1,17.0,409.7,2025-09-15,Concluido
1450,280,Gesso 3D,,"Serviço de gesso 3d solicitado para quarto principal, imóvel residencial.",metro quadrado,78.62,180.0,14151.6,2026-05-27,concluído
1451,230,Gesso 3D,,Execução de gesso 3d em fachada comercial.,metro quadrado,53.87,,,2025-03-16,concluído
1452,158,Moldura de Gesso,10cm,"Serviço de moldura de gesso solicitado para área externa, imóvel residencial.",metro linear,21.16,15.0,317.4,2024-08-18,CONCLUÍDO
1453,251,Sanca,,Execução de sanca em área externa.,metro linear,21.35,95.0,2028.25,2026-09-20,em andamento
1454,171,Divisória Drywall,,Execução de divisória drywall em escritório.,metro quadrado,71.5,130.0,9295.0,2026-01-09,concluído
1455,151,Divisória Drywall,,"Divisória Drywall - corredor, conforme orçamento aprovado.",metro quadrado,72.99,119.81,8744.93,2025-09-15,concluído
1456,116,Sanca,,"Serviço de sanca solicitado para área externa, imóvel residencial.",metro linear,14.66,,,2024-01-06,concluído
1457,286,Boiserie,,"Serviço de boiserie solicitado para área externa, imóvel residencial.",metro linear,34.57,150.0,5185.5,2025-12-12,concluído
1458,131,Divisória Drywall,,Execução de divisória drywall em quarto principal.,metro quadrado,7.0,130.0,910.0,2024-12-28,concluído
1459,134,Moldura de Gesso,15cm,"Serviço de moldura de gesso solicitado para sala de estar, imóvel residencial.",metro linear,13.04,17.0,221.68,09/01/2025,concluído
1460,301,Divisória Drywall,,Execução de divisória drywall em sala de estar.,metro quadrado,23.91,130.0,3108.3,2024-11-14,concluído
1461,280,Moldura de Gesso,10cm,"Serviço de moldura de gesso solicitado para sala de estar, imóvel residencial.",metro linear,8.54,15.0,128.1,2025-11-28,concluído
1462,205,Gesso Liso,Parede Rebocada,Execução de gesso liso em cozinha.,metro quadrado,59.44,,,2026-01-31,concluído
1463,196,Forro Drywall,,Execução de forro drywall em cozinha.,metro quadrado,26.88,95.0,2553.6,2026-06-06,concluído
1464,135,Forro Drywall,,"Forro Drywall - sala comercial, conforme orçamento aprovado.",metro quadrado,72.85,95.0,6920.75,2024-02-24,concluído
1465,22,Boiserie,,Execução de boiserie em fachada comercial.,metro linear,25.07,150.0,3760.5,2024-04-30,concluído
1466,75,Gesso Liso,Parede Pintada,Execução de gesso liso em cozinha.,metro quadrado,69.67,22.0,1532.74,2025-07-04,concluído
1467,305,Sanca,,"Serviço de sanca solicitado para galpão industrial, imóvel residencial.",metro linear,27.28,,,2026-03-28,concluído
1468,140,Forro Drywall,,Execução de forro drywall em cozinha.,metro quadrado,33.43,95.0,3175.85,2025-12-15,CONCLUÍDO
1469,149,Moldura de Gesso,7cm,"Serviço de moldura de gesso solicitado para corredor, imóvel industrial.",metro linear,17.44,12.0,209.28,2024-12-13,concluído
1470,128,Forro Drywall,,"Forro Drywall - recepção da loja, conforme orçamento aprovado.",metro quadrado,30.46,95.0,2893.7,2024-01-03,concluído
1471,249,Sanca,,Execução de sanca em sala de estar.,metro linear,33.08,95.0,3142.6,2026-07-17,concluído
1472,5,Divisória Drywall,,"Divisória Drywall - sala de estar, conforme orçamento aprovado.",metro quadrado,34.05,130.0,4426.5,2025-10-18,concluído
1473,301,Moldura de Gesso,20cm,"Serviço de moldura de gesso solicitado para cozinha, imóvel residencial.",metro linear,4.62,20.0,92.4,2026-04-04,concluído
1474,236,Gesso Liso,Parede Pintada,Execução de gesso liso em cozinha.,metro quadrado,65.32,22.0,1437.04,2025-01-10,concluído
1475,221,Moldura de Gesso,7cm,"Serviço de moldura de gesso solicitado para galpão industrial, imóvel residencial.",metro linear,4.59,12.0,55.08,2026-07-28,concluído
1476,71,Gesso Liso,Parede de Tijolo,"Gesso Liso - sala comercial, conforme orçamento aprovado.",metro quadrado,7.55,30.0,226.5,11/09/2025,concluído
1477,281,Gesso Liso,Parede de Tijolo,"Serviço de gesso liso solicitado para galpão industrial, imóvel residencial.",metro quadrado,52.21,30.0,1566.3,2024-08-04,concluído
1478,190,Divisória Drywall,,"Serviço de divisória drywall solicitado para recepção da loja, imóvel residencial.",metro quadrado,16.1,130.0,2093.0,2024-11-18,concluído
1479,217,Forro Drywall,,"Serviço de forro drywall solicitado para sala de estar, imóvel residencial.",metro quadrado,6.47,95.0,614.65,2025-10-17,concluído
1480,259,Sanca,,Execução de sanca em quarto principal.,metro linear,16.51,,,2025-11-28,concluído
1481,270,Sanca,,"Serviço de sanca solicitado para fachada comercial, imóvel residencial.",metro linear,19.28,95.0,1831.6,2024-09-18,concluído
1482,136,Forro Drywall,,"Forro Drywall - área externa, conforme orçamento aprovado.",metro quadrado,63.29,95.0,6012.55,2026-04-11,concluído
1483,41,Gesso Liso,Parede de Tijolo,"Serviço de gesso liso solicitado para recepção da loja, imóvel residencial.",metro quadrado,65.44,30.0,1963.2,2025-06-28,concluído
1484,284,Moldura de Gesso,20cm,"Serviço de moldura de gesso solicitado para sala comercial, imóvel industrial.",metro linear,11.7,20.0,234.0,2025-05-21,concluído
1485,96,Sanca,,"Sanca - escritório, conforme orçamento aprovado.",metro linear,38.91,95.0,3696.45,2026-05-17,concluído
1486,14,Divisória Drywall,,"Divisória Drywall - corredor, conforme orçamento aprovado.",metro quadrado,52.88,130.0,6874.4,2024-07-13,Concluido
1487,208,Gesso Liso,Parede de Tijolo,"Gesso Liso - corredor, conforme orçamento aprovado.",metro quadrado,27.42,32.41,888.68,2024-11-25,concluído
1488,225,Divisória Drywall,,Execução de divisória drywall em cozinha.,metro quadrado,42.35,,,2024-06-12,concluído
1489,49,Sanca,,Execução de sanca em fachada comercial.,metro linear,12.3,95.0,1168.5,2025-09-23,concluído
1490,37,Gesso Liso,Parede Rebocada,"Gesso Liso - galpão industrial, conforme orçamento aprovado.",metro quadrado,52.98,17.05,903.31,2025-11-19,concluído
1491,30,Moldura de Gesso,20cm,Execução de moldura de gesso em escritório.,metro linear,36.85,20.0,737.0,2025-12-07,concluído
1492,146,Forro Drywall,,"Serviço de forro drywall solicitado para cozinha, imóvel industrial.",metro quadrado,83.76,95.0,7957.2,2026-03-03,concluído
1493,105,Forro Drywall,,"Serviço de forro drywall solicitado para corredor, imóvel residencial.",metro quadrado,80.08,97.37,7797.39,04/02/2024,CONCLUÍDO
1494,27,Gesso Liso,Parede Rebocada,Execução de gesso liso em fachada comercial.,metro quadrado,23.28,20.0,465.6,2024-11-16,concluído
1495,153,Moldura de Gesso,10cm,"Serviço de moldura de gesso solicitado para galpão industrial, imóvel residencial.",metro linear,29.93,15.0,448.95,2024-01-19,concluído
1496,292,Sanca,,"Sanca - escritório, conforme orçamento aprovado.",m linear,37.26,95.0,3539.7,2024-06-12,concluído
1497,207,Gesso Liso,Parede Pintada,"Gesso Liso - área externa, conforme orçamento aprovado.",metro quadrado,75.53,,,2026-01-16,concluído
1498,112,Gesso Liso,Parede Rebocada,"Serviço de gesso liso solicitado para área externa, imóvel industrial.",metro quadrado,83.46,20.0,1669.2,2025-05-11,concluído
1499,219,Gesso Liso,Parede Pintada,"Serviço de gesso liso solicitado para escritório, imóvel residencial.",metro quadrado,6.78,23.18,157.16,2024-01-15,Concluido
1500,111,Forro Drywall,,"Forro Drywall - sala comercial, conforme orçamento aprovado.",metro quadrado,14.33,,,2024-09-20,Concluido
1501,54,Sanca,,"Sanca - corredor, conforme orçamento aprovado.",m linear,15.19,,,2024-08-21,concluído
1502,71,Moldura de Gesso,20cm,"Moldura de Gesso - cozinha, conforme orçamento aprovado.",metro linear,36.66,,,2025-12-21,Concluido
1503,252,Gesso Liso,Parede Rebocada,Execução de gesso liso em sala comercial.,metro quadrado,9.2,20.0,184.0,2024-05-24,Concluido
1504,149,Gesso Liso,Parede Rebocada,"Serviço de gesso liso solicitado para área externa, imóvel residencial.",metro quadrado,9.46,20.0,189.2,2024-03-19,CONCLUÍDO
1505,295,Moldura de Gesso,7cm,"Moldura de Gesso - corredor, conforme orçamento aprovado.",metro linear,25.18,,,2025-02-04,concluído
1506,278,Forro Drywall,,Execução de forro drywall em sala de estar.,metro quadrado,0.0,95.0,,2026-07-29,concluído
1507,43,Sanca,,"Serviço de sanca solicitado para sala comercial, imóvel residencial.",metro linear,17.22,95.0,1635.9,2024-11-26,concluído
1508,268,Gesso Liso,Parede Pintada,Execução de gesso liso em corredor.,metro quadrado,80.71,20.67,1668.28,20/05/2025,concluído
1509,229,Forro Drywall,,"Serviço de forro drywall solicitado para quarto principal, imóvel residencial.",metro quadrado,31.34,95.0,2977.3,2025-06-27,Concluido
1510,90,Sanca,,Execução de sanca em sala de estar.,metro linear,36.0,95.0,3420.0,2026-02-27,concluído
1511,274,Forro Drywall,,"Serviço de forro drywall solicitado para sala de estar, imóvel industrial.",m2,84.85,100.62,8537.61,2026-04-20,concluído
1512,153,Moldura de Gesso,20cm,"Moldura de Gesso - sala de estar, conforme orçamento aprovado.",m linear,32.97,19.56,644.89,2025-02-25,concluído
1513,312,Sanca,,"Serviço de sanca solicitado para quarto principal, imóvel industrial.",m linear,31.74,95.0,3015.3,2024-10-02,concluído
1514,295,Moldura de Gesso,20cm,Execução de moldura de gesso em área externa.,metro linear,35.47,20.0,709.4,2024-06-05,concluído
1515,238,Gesso 3D,,"Serviço de gesso 3d solicitado para sala de estar, imóvel residencial.",metro quadrado,20.58,180.0,3704.4,2025-12-08,concluído
1516,294,Boiserie,,"Boiserie - recepção da loja, conforme orçamento aprovado.",metro linear,12.29,150.0,1843.5,2026-04-28,concluído
1517,334,Divisória Drywall,,"Divisória Drywall - galpão industrial, conforme orçamento aprovado.",metro quadrado,74.62,142.01,10596.79,2024-12-28,Concluido
1518,98,Sanca,,"Serviço de sanca solicitado para sala comercial, imóvel residencial.",metro linear,34.24,95.0,3252.8,2025-07-31,concluído
1519,59,Boiserie,,"Boiserie - sala comercial, conforme orçamento aprovado.",metro linear,27.28,155.17,4233.04,2026-07-19,concluído
1520,329,Gesso Liso,Parede de Tijolo,"Serviço de gesso liso solicitado para escritório, imóvel residencial.",metro quadrado,46.12,30.0,1383.6,2026-08-18,concluído
1521,281,Gesso Liso,Parede Pintada,"Serviço de gesso liso solicitado para escritório, imóvel residencial.",metro quadrado,34.52,22.0,759.44,2025-04-15,concluído
1522,207,Sanca,,Execução de sanca em sala comercial.,metro linear,9.73,95.0,924.35,2025-10-19,Concluido
1523,151,Gesso Liso,Parede Rebocada,Execução de gesso liso em sala de estar.,metro quadrado,67.09,21.11,1416.27,2025-07-30,concluído
1524,74,Forro Drywall,,"Forro Drywall - cozinha, conforme orçamento aprovado.",m2,21.83,95.0,2073.85,2025-05-29,Concluido
1525,220,Sanca,,"Sanca - corredor, conforme orçamento aprovado.",metro linear,14.71,93.63,1377.3,2025-10-15,concluído
1526,322,Divisória Drywall,,"Divisória Drywall - sala comercial, conforme orçamento aprovado.",metro quadrado,68.08,130.0,8850.4,2024-07-26,concluído
1527,108,Forro Drywall,,"Forro Drywall - galpão industrial, conforme orçamento aprovado.",metro quadrado,41.48,95.0,3940.6,2024-11-24,concluído
1528,86,Gesso Liso,Parede de Tijolo,"Gesso Liso - cozinha, conforme orçamento aprovado.",metro quadrado,36.8,30.0,1104.0,2025-07-17,concluído
1529,122,sanca,,"Sanca - galpão industrial, conforme orçamento aprovado.",metro linear,24.97,95.0,2372.15,2026-08-16,concluído
1530,80,Gesso Liso,Parede Rebocada,Execução de gesso liso em sala comercial.,metro quadrado,79.2,20.0,1584.0,2025-10-21,concluído
1531,206,Gesso Liso,Parede Rebocada,Execução de gesso liso em escritório.,m2,35.43,,,2024-02-07,Concluido
1532,284,Sanca,,"Serviço de sanca solicitado para fachada comercial, imóvel residencial.",metro linear,25.45,95.0,2417.75,2025-12-24,concluído
1533,162,Divisória Drywall,,Execução de divisória drywall em escritório.,metro quadrado,7.58,130.0,985.4,2025-09-20,concluído
1534,7,Gesso Liso,Parede Pintada,"Gesso Liso - galpão industrial, conforme orçamento aprovado.",metro quadrado,68.83,22.91,1576.9,2026-05-10,concluído
1535,163,Moldura de Gesso,15cm,"Moldura de Gesso - escritório, conforme orçamento aprovado.",metro linear,19.28,17.0,327.76,2025-10-21,concluído
1536,160,Divisória Drywall,,"Divisória Drywall - corredor, conforme orçamento aprovado.",metro quadrado,33.78,130.0,4391.4,2026-09-22,orçado
1537,79,Sanca,,"Sanca - recepção da loja, conforme orçamento aprovado.",metro linear,37.64,100.96,3800.13,2024-07-22,concluído
1538,299,Moldura de Gesso,7cm,"Moldura de Gesso - fachada comercial, conforme orçamento aprovado.",metro linear,26.64,12.0,319.68,2025-04-02,concluído
1539,150,Forro Drywall,,"Serviço de forro drywall solicitado para recepção da loja, imóvel residencial.",metro quadrado,25.34,95.0,2407.3,2024-10-27,concluído
1540,34,Moldura de Gesso,15cm,"Serviço de moldura de gesso solicitado para quarto principal, imóvel residencial.",metro linear,18.98,17.0,322.66,2025-05-06,concluído
1541,83,Gesso Liso,Parede Pintada,Execução de gesso liso em escritório.,metro quadrado,52.72,22.0,1159.84,2025-03-25,concluído
1542,287,Sanca,,"Sanca - quarto principal, conforme orçamento aprovado.",metro linear,16.63,95.0,1579.85,2024-06-16,CONCLUÍDO
1543,321,Gesso Liso,Parede Rebocada,"Serviço de gesso liso solicitado para fachada comercial, imóvel residencial.",metro quadrado,63.85,20.0,1277.0,2026-03-27,concluído
1544,200,Moldura de Gesso,7cm,"Moldura de Gesso - fachada comercial, conforme orçamento aprovado.",metro linear,9.54,11.92,113.72,2025-07-11,concluído
1545,2,Sanca,,Execução de sanca em fachada comercial.,metro linear,15.46,82.58,1276.69,2025-11-11,concluído
1546,141,Moldura de Gesso,10cm,"Moldura de Gesso - corredor, conforme orçamento aprovado.",metro linear,27.7,15.39,426.3,2024-09-18,concluído
1547,65,gesso liso,Parede de Tijolo,"Gesso Liso - cozinha, conforme orçamento aprovado.",metro quadrado,47.42,30.0,1422.6,2024-09-04,CONCLUÍDO
1548,16,Gesso 3D,,Execução de gesso 3d em recepção da loja.,metro quadrado,50.59,180.0,9106.2,2026-04-18,concluído
1549,213,Forro Drywall,,Execução de forro drywall em sala de estar.,metro quadrado,37.52,95.0,3564.4,2024-11-16,concluído
1550,113,Gesso Liso,Parede Pintada,"Serviço de gesso liso solicitado para sala comercial, imóvel residencial.",metro quadrado,25.76,22.0,566.72,2026-07-10,CONCLUÍDO
1551,9,Gesso Liso,Parede de Tijolo,Execução de gesso liso em quarto principal.,metro quadrado,11.6,30.0,348.0,2024-12-01,concluído
1552,180,Divisória Drywall,,Execução de divisória drywall em recepção da loja.,metro quadrado,9.08,130.0,1180.4,2025-01-04,concluído
1553,66,Divisória Drywall,,"Serviço de divisória drywall solicitado para área externa, imóvel residencial.",metro quadrado,34.75,130.0,4517.5,2026-02-07,concluído
1554,94,Divisória Drywall,,Execução de divisória drywall em sala comercial.,m2,43.36,119.04,5161.57,2024-04-04,concluído
1555,33,Forro Drywall,,Execução de forro drywall em sala comercial.,metro quadrado,63.02,99.32,6259.15,2024-10-04,concluído
1556,118,Gesso 3D,,"Serviço de gesso 3d solicitado para quarto principal, imóvel residencial.",metro quadrado,50.39,196.05,9878.96,2024-03-08,concluído
1557,77,Moldura de Gesso,15cm,Execução de moldura de gesso em galpão industrial.,metro linear,16.23,17.0,275.91,2025-08-25,concluído
1558,8,Sanca,,"Sanca - sala comercial, conforme orçamento aprovado.",metro linear,24.58,95.0,2335.1,2025-10-28,concluído
1559,275,Sanca,,"Sanca - escritório, conforme orçamento aprovado.",metro linear,20.78,95.0,1974.1,2025-08-19,concluído
1560,8,Gesso Liso,Parede de Tijolo,Execução de gesso liso em galpão industrial.,metro quadrado,43.36,30.0,1300.8,2024-04-09,concluído
1561,28,Forro Drywall,,"Serviço de forro drywall solicitado para quarto principal, imóvel residencial.",metro quadrado,36.93,84.14,3107.29,2025-03-14,concluído
1562,7,Moldura de Gesso,7cm,Execução de moldura de gesso em galpão industrial.,metro linear,17.96,12.0,215.52,2024-07-08,CONCLUÍDO
1563,71,Gesso 3D,,"Serviço de gesso 3d solicitado para quarto principal, imóvel residencial.",metro quadrado,17.62,180.0,3171.6,2026-03-18,concluído
1564,73,Gesso Liso,Parede de Tijolo,Execução de gesso liso em cozinha.,metro quadrado,5.55,30.0,166.5,2026-07-03,concluído
1565,164,Sanca,,"Sanca - sala de estar, conforme orçamento aprovado.",metro linear,11.59,95.0,1101.05,2025-11-11,concluído
1566,39,Moldura de Gesso,10cm,"Moldura de Gesso - cozinha, conforme orçamento aprovado.",metro linear,7.21,15.0,108.15,2024-08-02,concluído
1567,110,Boiserie,,"Boiserie - escritório, conforme orçamento aprovado.",metro linear,8.86,150.0,1329.0,2026-05-02,Concluido
1568,153,Moldura de Gesso,10cm,"Moldura de Gesso - cozinha, conforme orçamento aprovado.",metro linear,25.55,15.0,383.25,2024-09-27,concluído
1569,127,Gesso 3D,,"Gesso 3D - área externa, conforme orçamento aprovado.",metro quadrado,39.42,180.0,7095.6,2025-10-02,Concluido
1570,119,Gesso Liso,Parede de Tijolo,"Gesso Liso - galpão industrial, conforme orçamento aprovado.",metro quadrado,32.85,30.0,985.5,2025-12-05,concluído
1571,200,Divisória Drywall,,"Serviço de divisória drywall solicitado para fachada comercial, imóvel residencial.",metro quadrado,81.8,130.0,10634.0,2025-10-16,concluído
1572,128,Forro Drywall,,"Serviço de forro drywall solicitado para recepção da loja, imóvel residencial.",metro quadrado,36.75,95.0,3491.25,2024-10-22,Concluido
1573,288,Forro Drywall,,Execução de forro drywall em galpão industrial.,metro quadrado,51.03,,,2024-05-10,concluído
1574,199,Moldura de Gesso,20cm,"Moldura de Gesso - recepção da loja, conforme orçamento aprovado.",metro linear,21.27,20.0,425.4,2024-12-12,concluído
1575,166,Gesso 3D,,Execução de gesso 3d em área externa.,metro quadrado,25.99,180.0,4678.2,2025-07-15,concluído
1576,152,Gesso Liso,Parede Rebocada,"Serviço de gesso liso solicitado para quarto principal, imóvel residencial.",metro quadrado,49.81,20.0,996.2,2025-09-15,concluído
1577,257,gesso liso,Parede Pintada,"Serviço de gesso liso solicitado para escritório, imóvel residencial.",m2,10.75,22.31,239.83,2025-12-12,concluído
1578,3,Gesso Liso,Parede Pintada,"Serviço de gesso liso solicitado para sala comercial, imóvel industrial.",metro quadrado,80.38,22.0,1768.36,2026-04-14,concluído
1579,61,Gesso Liso,Parede de Tijolo,"Serviço de gesso liso solicitado para corredor, imóvel residencial.",metro quadrado,14.68,30.0,440.4,2026-03-13,concluído
1580,297,Moldura de Gesso,15cm,"Serviço de moldura de gesso solicitado para escritório, imóvel residencial.",metro linear,39.69,17.0,674.73,2025-12-20,concluído
1581,302,Gesso 3D,,"Serviço de gesso 3d solicitado para quarto principal, imóvel residencial.",metro quadrado,55.08,180.0,9914.4,2026-04-20,concluído
1582,150,Forro Drywall,,"Forro Drywall - escritório, conforme orçamento aprovado.",metro quadrado,49.94,95.0,4744.3,2025-11-19,concluído
1583,200,Sanca,,Execução de sanca em área externa.,metro linear,6.98,81.4,568.17,2025-02-14,concluído
1584,140,Divisória Drywall,,"Serviço de divisória drywall solicitado para sala comercial, imóvel industrial.",metro quadrado,21.45,130.0,2788.5,2025-05-08,concluído
1585,136,Gesso Liso,Parede de Tijolo,Execução de gesso liso em fachada comercial.,metro quadrado,11.18,30.0,335.4,2025-03-20,concluído
1586,145,Sanca,,Execução de sanca em cozinha.,m linear,24.4,95.0,2318.0,2024-03-26,concluído
1587,214,Gesso Liso,Parede de Tijolo,Execução de gesso liso em área externa.,metro quadrado,73.11,30.0,2193.3,2025-07-11,CONCLUÍDO
1588,103,Sanca,,Execução de sanca em escritório.,metro linear,12.54,,,2024-11-05,concluído
1589,290,Gesso Liso,Parede Pintada,Execução de gesso liso em galpão industrial.,metro quadrado,83.73,23.8,1992.77,2024-04-12,concluído
1590,254,moldura de gesso,20cm,"Serviço de moldura de gesso solicitado para cozinha, imóvel residencial.",metro linear,7.29,17.49,127.5,2025-11-29,concluído
1591,267,Sanca,,"Serviço de sanca solicitado para fachada comercial, imóvel residencial.",metro linear,23.56,95.0,2238.2,2024-05-02,concluído
1592,312,Sanca,,Execução de sanca em escritório.,metro linear,10.89,89.5,974.66,2025-01-24,concluído
1593,155,Gesso Liso,Parede Pintada,"Serviço de gesso liso solicitado para cozinha, imóvel residencial.",metro quadrado,53.79,,,2024-05-05,concluído
1594,122,Sanca,,"Sanca - recepção da loja, conforme orçamento aprovado.",metro linear,6.05,95.0,574.75,2025-02-24,concluído
1595,86,Forro Drywall,,"Forro Drywall - galpão industrial, conforme orçamento aprovado.",metro quadrado,84.87,95.0,8062.65,2026-01-27,concluído
1596,239,Gesso 3D,,"Gesso 3D - área externa, conforme orçamento aprovado.",metro quadrado,51.28,180.0,9230.4,2025-06-17,concluído
1597,30,Gesso Liso,Parede de Tijolo,"Serviço de gesso liso solicitado para recepção da loja, imóvel residencial.",metro quadrado,6.48,,,2025-12-18,concluído
1598,75,Forro Drywall,,Execução de forro drywall em galpão industrial.,metro quadrado,72.99,95.0,6934.05,2024-03-29,concluído
1599,244,Moldura de Gesso,20cm,"Serviço de moldura de gesso solicitado para recepção da loja, imóvel residencial.",metro linear,3.83,20.0,76.6,2025-10-31,Concluido
1600,263,Divisória Drywall,,Execução de divisória drywall em sala de estar.,metro quadrado,40.05,110.61,4429.93,2025-10-15,CONCLUÍDO
